Date,3IINFOLTD,A2ZINFRA,AAKASH,ACCURACY,ADROITINFO,AJOONI-BE,AKG,AKI,AKSHAR-BE,AKSHOPTFBR,ALANKIT,ALPSINDUS-BE,AMBICAAGAR,ANTGRAPHIC-BE,ARCHIES-BE,ARSHIYA-BE,ARSSINFRA-BE,ASHOKAMET-BE,ASMS,ASTRON,ATALREAL-BE,AVONMORE-BE,AXITA,BAGFILMS,BAIDFIN-BE,BALKRISHNA,BHANDARI,BINANIIND-BE,BLBLIMITED,BTML,BURNPUR-BE,CALSOFT-BE,CCHHL,CELEBRITY,CENTEXT-BE,CEREBRAINT-BE,CINEVISTA,COMPUSOFT,COUNCODOS,CREATIVEYE-BE,CYBERMEDIA,DANGEE,DAVANGERE,DCMFINSERV-BE,DIL,DISHTV,DNAMEDIA-BE,DPSCLTD,DRCSYSTEMS,DUCON,ENERGYDEV,EQUIPPP-BE,ESSENTIA-BE,EXCEL,FCONSUMER-BE,FCSSOFT,GANGAFORGE,GATECH-BE,GENUSPAPER,GLOBE,GODHA,GOYALALUM,GREENPOWER,GTL,GTLINFRA,GVKPIL-BE,GVPTECH,HATHWAY,HAVISHA-BE,HCL-INSYS-BE,HEADSUP,HINDMOTORS-BE,HLVLTD,HTMEDIA,HYBRIDFIN-BE,IEL,INDOWIND,INDSWFTLTD,INVENTURE,IVC,JETFREIGHT-BE,JHS,JPASSOCIAT-BE,KAMOPAINTS-BE,KANANIIND,KBCGLOBAL,KEEPLEARN-BE,KRIDHANINF,KRITIKA-BE,KSHITIJPOL,LAL-BE,LASA-BE,LIBAS,LPDC,LYPSAGEMS-BE,MADHUCON-BE,MANAKALUCO,MANUGRAPH,MGEL,MIRCELECTR-BE,MITTAL,MKPL-BE,MOHITIND,MOKSH-BE,MTEDUCARE-BE,NAGAFERT,NAGREEKCAP,NARMADA,NDL-BE,NEXTMEDIA-BE,NIBL-BE,NILAINFRA,NOIDATOLL,NORBTEAEXP-BE,ONELIFECAP-BE,OSWALSEEDS-BE,PARASPETRO-BE,PARSVNATH-BE,PATINTLOG,PILITA,PRAKASHSTL,PRAXIS-BE,PRITIKAUTO,PROZONER,RADIOCITY,RAJMET,RAJRILTD-BE,RAMANEWS,RAMASTEEL,RANASUG,RHFL-BE,RKDL-BE,ROLLT-BE,RTNPOWER,RUCHINFRA-BE,SADBHAV,SADBHIN,SAGARDEEP,SAKUMA-BE,SALASAR,SALSTEEL,SAMBHAAV,SANGINITA,SARVESHWAR,SBC,SEPC,SETCO,SGL-BE,SHAH-BE,SHANTI,SHRENIK-BE,SHYAMCENT,SIL,SILLYMONKS,SIMBHALS-BE,SINDHUTRAD,SITINET-BE,SPCENET,SRPL-BE,STEELXIND,SUBEXLTD,SUNDARAM,SURANAT&P,SUULD-BE,SUVIDHAA,SVPGLOB,SYNCOMF,TAKE,TFL-BE,TGBHOTELS,TNTELE,TPHQ,TRU-BE,UMESLTD,URJA-BE,VAISHALI-BE,VAKRANGEE,VARDMNPOLY-BE,VCL-BE,VERTOZ,VIJIFIN,VIKASECO,VIKASLIFE,VINNY-BE,VISHWARAJ,VIVIDHA,YAARI,ZEELEARN,ZEEMEDIA-BE,ZENITHSTL-BE,Date,Quarter
2023-11-01,37.349998474121094,9.449999809265137,6.349999904632568,7.449999809265137,15.981901168823242,,24.649999618530273,19.100000381469727,,10.050000190734863,9.899999618530273,,31.5,,,,,,15.449999809265137,28.25,,,15.665624618530273,5.300000190734863,,20.49970054626465,5.949999809265137,,21.75,15.699999809265137,,,8.850000381469727,18.850000381469727,,,16.100000381469727,20.899999618530273,4.199999809265137,,17.75,10.399999618530273,9.414999961853027,,9.600000381469727,16.799999237060547,,14.550000190734863,13.100000381469727,6.599999904632568,17.700000762939453,,,0.3499999940395355,,2.5999999046325684,7.150000095367432,,18.049999237060547,3.3585100173950195,0.6000000238418579,8.449999809265137,13.800000190734863,7.550000190734863,0.8999999761581421,,13.199999809265137,17.950000762939453,,,11.800000190734863,,20.100000381469727,25.0,,9.550000190734863,16.399999618530273,15.050000190734863,2.1500000953674316,8.149999618530273,,21.700000762939453,,,3.7750000953674316,2.450000047683716,,2.4000000953674316,,7.0,,,13.649999618530273,7.400000095367432,,,24.649999618530273,21.149999618530273,16.149999618530273,,1.7999999523162842,,17.5,,,8.25,17.350000381469727,19.0,,,,6.5,8.25,,,,,,13.949999809265137,10.050000190734863,5.449999809265137,,21.899999618530273,32.599998474121094,13.800000190734863,9.350000381469727,,13.800000190734863,11.033332824707031,24.850000381469727,,,,7.099999904632568,,17.049999237060547,4.150000095367432,27.200000762939453,,9.130000114440918,15.899999618530273,3.1500000953674316,22.347618103027344,4.5,18.333332061767578,19.801406860351562,6.800000190734863,,,19.549999237060547,,19.299999237060547,22.25,16.149999618530273,,23.950000762939453,,24.200000762939453,,8.75,30.549999237060547,2.9000000953674316,10.600000381469727,,4.300000190734863,7.75,8.399999618530273,19.350000381469727,,11.199999809265137,7.050000190734863,1.1299999952316284,,4.849999904632568,,,17.549999237060547,,,15.675000190734863,1.337388038635254,3.5,4.650000095367432,,16.899999618530273,0.8999999761581421,9.899999618530273,5.5,,,2023-11-01,2023Q4
2023-11-02,37.400001525878906,9.600000381469727,6.300000190734863,7.449999809265137,16.08774185180664,,25.450000762939453,19.450000762939453,,10.050000190734863,10.550000190734863,,30.899999618530273,,,,,,15.75,28.049999237060547,,,16.003124237060547,5.400000095367432,,20.29228401184082,6.099999904632568,,21.799999237060547,15.699999809265137,,,8.75,18.549999237060547,,,16.350000381469727,20.950000762939453,4.25,,17.950000762939453,10.5,9.414999961853027,,9.399999618530273,16.75,,16.100000381469727,13.199999809265137,6.800000190734863,18.0,,,0.3499999940395355,,2.6500000953674316,7.0,,18.399999618530273,3.3585100173950195,0.550000011920929,8.300000190734863,14.449999809265137,7.599999904632568,0.949999988079071,,12.949999809265137,18.049999237060547,,,11.899999618530273,,21.049999237060547,24.600000381469727,,10.0,16.100000381469727,15.149999618530273,2.1500000953674316,8.350000381469727,,20.950000762939453,,,3.5999999046325684,2.4000000953674316,,2.3499999046325684,,7.349999904632568,,,13.5,7.5,,,24.850000381469727,21.649999618530273,16.950000762939453,,1.850000023841858,,17.799999237060547,,,8.100000381469727,18.75,18.850000381469727,,,,6.550000190734863,8.050000190734863,,,,,,14.050000190734863,10.100000381469727,5.400000095367432,,21.549999237060547,33.5,13.75,9.199999809265137,,13.899999618530273,11.166666030883789,25.0,,,,6.949999809265137,,16.700000762939453,4.099999904632568,26.649999618530273,,9.180000305175781,16.049999237060547,3.200000047683716,22.347618103027344,4.699999809265137,18.766666412353516,21.78154754638672,6.75,,,19.600000381469727,,19.299999237060547,22.200000762939453,15.699999809265137,,23.5,,24.350000381469727,,8.699999809265137,30.5,2.950000047683716,10.75,,4.349999904632568,7.75,8.399999618530273,19.899999618530273,,11.399999618530273,6.900000095367432,1.1100000143051147,,4.75,,,17.600000381469727,,,15.487500190734863,1.3002389669418335,3.6500000953674316,4.650000095367432,,17.049999237060547,0.8999999761581421,10.100000381469727,5.400000095367432,,,2023-11-02,2023Q4
2023-11-03,37.5,9.949999809265137,6.300000190734863,7.800000190734863,15.770219802856445,,25.350000381469727,19.799999237060547,,10.550000190734863,10.699999809265137,,30.299999237060547,,,,,,16.049999237060547,28.200000762939453,,,16.678125381469727,5.5,,20.257715225219727,6.199999809265137,,21.950000762939453,15.979999542236328,,,8.850000381469727,19.0,,,16.799999237060547,21.100000381469727,4.300000190734863,,17.700000762939453,10.449999809265137,9.414999961853027,,9.5,17.100000381469727,,16.649999618530273,13.316665649414062,7.0,18.0,,,0.3499999940395355,,2.75,6.949999809265137,,18.149999618530273,3.440424919128418,0.6000000238418579,8.25,15.149999618530273,7.800000190734863,1.0,,12.699999809265137,18.399999618530273,,,12.050000190734863,,23.149999618530273,24.950000762939453,,10.300000190734863,15.800000190734863,15.050000190734863,2.200000047683716,8.800000190734863,,21.049999237060547,,,3.5999999046325684,2.299999952316284,,2.4000000953674316,,7.699999809265137,,,15.199999809265137,7.449999809265137,,,25.149999618530273,21.5,17.700000762939453,,1.7999999523162842,,18.25,,,8.25,20.549999237060547,19.149999618530273,,,,6.5,8.300000190734863,,,,,,14.75,10.100000381469727,5.5,,21.299999237060547,33.75,13.800000190734863,9.149999618530273,,14.050000190734863,11.149999618530273,25.350000381469727,,,,7.099999904632568,,17.0,4.050000190734863,26.899999618530273,,9.119999885559082,16.200000762939453,3.25,23.25238037109375,4.650000095367432,18.933332443237305,23.959701538085938,6.650000095367432,,,19.25,,20.100000381469727,22.049999237060547,16.100000381469727,,23.549999237060547,,25.100000381469727,,8.75,31.5,2.950000047683716,11.399999618530273,,4.400000095367432,7.849999904632568,8.850000381469727,19.899999618530273,,12.449999809265137,6.900000095367432,1.1100000143051147,,4.650000095367432,,,18.700000762939453,,,16.327499389648438,1.3002389669418335,3.5999999046325684,4.650000095367432,,17.149999618530273,0.8999999761581421,10.100000381469727,5.5,,,2023-11-03,2023Q4
2023-11-06,37.75,10.399999618530273,6.900000095367432,9.050000190734863,15.452698707580566,,25.049999237060547,20.149999618530273,,10.899999618530273,10.699999809265137,,30.299999237060547,,,,,,16.350000381469727,28.149999618530273,,,16.200000762939453,5.400000095367432,,19.877450942993164,6.050000190734863,,21.850000381469727,15.899999618530273,,,9.100000381469727,19.549999237060547,,,17.549999237060547,21.950000762939453,4.349999904632568,,17.649999618530273,10.5,9.414999961853027,,9.5,18.25,,17.899999618530273,13.316665649414062,7.199999809265137,18.450000762939453,,,0.3499999940395355,,2.9000000953674316,6.849999904632568,,18.200000762939453,3.3175530433654785,0.550000011920929,8.399999618530273,15.899999618530273,8.149999618530273,1.0499999523162842,,12.449999809265137,19.200000762939453,,,12.0,,24.450000762939453,25.149999618530273,,9.949999809265137,15.5,15.100000381469727,2.200000047683716,9.949999809265137,,21.25,,,3.575000047683716,2.3499999046325684,,2.450000047683716,,8.050000190734863,,,15.600000381469727,7.800000190734863,,,25.25,22.049999237060547,18.299999237060547,,1.75,,18.100000381469727,,,8.25,21.350000381469727,19.25,,,,6.650000095367432,9.699999809265137,,,,,,15.0,10.199999809265137,5.599999904632568,,21.950000762939453,33.150001525878906,14.100000381469727,9.149999618530273,,14.5,12.066665649414062,26.5,,,,7.25,,17.299999237060547,4.099999904632568,26.950000762939453,,9.319999694824219,16.649999618530273,3.200000047683716,23.207141876220703,4.849999904632568,19.133333206176758,23.415164947509766,6.75,,,19.200000762939453,,20.549999237060547,22.100000381469727,15.649999618530273,,24.100000381469727,,25.799999237060547,,8.75,32.25,3.0,11.850000381469727,,4.449999809265137,8.199999809265137,9.149999618530273,20.100000381469727,,13.0,6.949999809265137,1.1150000095367432,,4.849999904632568,,,18.75,,,17.959999084472656,1.2630889415740967,3.6500000953674316,4.699999809265137,,18.100000381469727,0.8999999761581421,10.100000381469727,5.75,,,2023-11-06,2023Q4
2023-11-07,37.599998474121094,10.899999618530273,7.300000190734863,10.050000190734863,15.241018295288086,,24.850000381469727,20.549999237060547,,10.699999809265137,11.050000190734863,,30.899999618530273,,,,,,16.649999618530273,28.850000381469727,,,15.581250190734863,5.5,,20.119436264038086,6.050000190734863,,21.700000762939453,16.165000915527344,,,9.550000190734863,19.25,,,17.850000381469727,22.0,4.349999904632568,,17.5,10.449999809265137,9.414999961853027,,9.399999618530273,17.899999618530273,,17.200000762939453,13.566665649414062,7.25,18.850000381469727,,,0.3499999940395355,,3.3499999046325684,6.949999809265137,,19.25,3.3585100173950195,0.5,8.449999809265137,15.949999809265137,8.5,1.100000023841858,,12.25,18.950000762939453,,,11.800000190734863,,24.350000381469727,25.149999618530273,,10.300000190734863,15.800000190734863,15.850000381469727,2.25,10.199999809265137,,21.549999237060547,,,3.6500000953674316,2.450000047683716,,2.549999952316284,,7.900000095367432,,,15.75,8.149999618530273,,,26.0,22.299999237060547,17.399999618530273,,1.75,,18.350000381469727,,,8.199999809265137,21.299999237060547,19.549999237060547,,,,6.699999809265137,10.050000190734863,,,,,,14.949999809265137,10.050000190734863,5.699999809265137,,21.850000381469727,34.849998474121094,14.050000190734863,9.149999618530273,,14.449999809265137,12.350000381469727,26.649999618530273,,,,7.599999904632568,,17.600000381469727,4.150000095367432,25.700000762939453,,9.279999732971191,16.399999618530273,3.200000047683716,22.302379608154297,5.050000190734863,19.16666603088379,23.266653060913086,6.849999904632568,,,19.049999237060547,,20.5,22.0,15.699999809265137,,24.149999618530273,,25.850000381469727,,8.75,31.799999237060547,2.8499999046325684,11.800000190734863,,4.449999809265137,8.350000381469727,9.199999809265137,21.0,,12.649999618530273,7.150000095367432,1.100000023841858,,5.050000190734863,,,18.700000762939453,,,17.697500228881836,1.3002389669418335,3.700000047683716,4.75,,17.950000762939453,0.8999999761581421,10.050000190734863,6.0,,,2023-11-07,2023Q4
2023-11-08,36.29999923706055,10.399999618530273,7.150000095367432,9.600000381469727,15.523259162902832,,25.049999237060547,20.950000762939453,,10.350000381469727,12.149999618530273,,31.5,,,,,,16.950000762939453,28.75,,,15.609375,5.599999904632568,,20.084867477416992,6.050000190734863,,21.75,16.334999084472656,,,9.649999618530273,19.149999618530273,,,18.200000762939453,23.399999618530273,4.300000190734863,,17.399999618530273,10.350000381469727,9.414999961853027,,9.550000190734863,18.200000762939453,,17.100000381469727,13.350000381469727,7.599999904632568,18.649999618530273,,,0.3499999940395355,,3.0,7.050000190734863,,22.0,3.3585100173950195,0.5,8.600000381469727,16.700000762939453,8.899999618530273,1.149999976158142,,12.0,19.0,,,11.75,,24.200000762939453,23.899999618530273,,10.0,16.100000381469727,16.549999237060547,2.200000047683716,9.949999809265137,,21.5,,,3.7249999046325684,2.3499999046325684,,2.6500000953674316,,7.75,,,16.700000762939453,8.300000190734863,,,26.0,21.850000381469727,17.25,,1.7000000476837158,,18.5,,,8.600000381469727,21.75,19.350000381469727,,,,6.650000095367432,10.550000190734863,,,,,,14.850000381469727,9.949999809265137,5.75,,20.950000762939453,34.5,14.25,9.199999809265137,,14.800000190734863,13.350000381469727,26.450000762939453,,,,7.75,,17.950000762939453,4.099999904632568,26.100000381469727,,9.25,16.0,3.299999952316284,22.302379608154297,5.300000190734863,19.299999237060547,24.40523338317871,6.800000190734863,,,18.799999237060547,,20.899999618530273,22.049999237060547,15.5,,24.25,,25.600000381469727,,8.75,31.149999618530273,2.799999952316284,11.399999618530273,,4.5,8.75,9.100000381469727,21.899999618530273,,12.699999809265137,7.449999809265137,1.1050000190734863,,5.300000190734863,,,18.899999618530273,,,17.549999237060547,1.3002389669418335,3.6500000953674316,5.0,,17.850000381469727,0.8999999761581421,10.0,6.300000190734863,,,2023-11-08,2023Q4
2023-11-09,35.95000076293945,10.5,7.050000190734863,9.75,15.770219802856445,,23.649999618530273,21.350000381469727,,10.25,12.0,,31.5,,,,,,17.25,29.0,,,15.524999618530273,5.699999809265137,,20.465131759643555,6.0,,21.549999237060547,16.079999923706055,,,9.800000190734863,18.799999237060547,,,18.200000762939453,24.100000381469727,4.25,,17.399999618530273,10.350000381469727,9.414999961853027,,9.550000190734863,17.799999237060547,,20.5,13.800000190734863,7.949999809265137,19.549999237060547,,,0.3499999940395355,,2.9000000953674316,7.150000095367432,,21.200000762939453,3.399467945098877,0.550000011920929,8.699999809265137,17.5,9.0,1.149999976158142,,11.800000190734863,18.649999618530273,,,11.800000190734863,,23.549999237060547,23.799999237060547,,10.100000381469727,16.149999618530273,16.299999237060547,2.200000047683716,9.300000190734863,,22.200000762939453,,,3.674999952316284,2.25,,2.75,,7.599999904632568,,,16.75,8.25,,,26.950000762939453,22.549999237060547,16.950000762939453,,1.7000000476837158,,18.100000381469727,,,8.5,22.049999237060547,19.350000381469727,,,,6.949999809265137,11.050000190734863,,,,,,14.800000190734863,9.949999809265137,5.650000095367432,,20.950000762939453,34.29999923706055,14.050000190734863,9.149999618530273,,14.449999809265137,13.166666030883789,26.350000381469727,,,,8.100000381469727,,18.299999237060547,4.050000190734863,26.0,,9.180000305175781,14.800000190734863,3.3499999046325684,21.714284896850586,5.199999809265137,19.366666793823242,23.266653060913086,6.699999809265137,,,19.0,,20.5,22.049999237060547,15.699999809265137,,24.200000762939453,,24.600000381469727,,8.699999809265137,31.299999237060547,2.700000047683716,11.449999809265137,,4.699999809265137,9.149999618530273,10.300000190734863,20.950000762939453,,12.899999618530273,7.599999904632568,1.0950000286102295,,5.550000190734863,,,19.100000381469727,,,17.924999237060547,1.2630889415740967,3.549999952316284,4.900000095367432,,17.600000381469727,0.8999999761581421,9.899999618530273,6.599999904632568,,,2023-11-09,2023Q4
2023-11-10,35.400001525878906,10.649999618530273,7.050000190734863,9.399999618530273,15.734939575195312,,22.549999237060547,21.75,,10.199999809265137,12.699999809265137,,30.899999618530273,,,,,,17.549999237060547,28.700000762939453,,,15.440625190734863,5.75,,20.257715225219727,6.050000190734863,,21.450000762939453,16.2549991607666,,,9.449999809265137,18.299999237060547,,,17.799999237060547,24.149999618530273,4.449999809265137,,17.200000762939453,10.800000190734863,9.414999961853027,,9.5,17.850000381469727,,22.549999237060547,13.649999618530273,8.300000190734863,19.549999237060547,,,0.3499999940395355,,2.9000000953674316,7.199999809265137,,21.200000762939453,3.3175530433654785,0.6000000238418579,8.550000190734863,17.350000381469727,8.850000381469727,1.100000023841858,,11.600000381469727,18.950000762939453,,,11.850000381469727,,23.600000381469727,23.700000762939453,,10.149999618530273,15.850000381469727,16.299999237060547,2.1500000953674316,8.75,,23.299999237060547,,,3.674999952316284,2.1500000953674316,,2.8499999046325684,,7.449999809265137,,,16.049999237060547,8.199999809265137,,,26.5,21.799999237060547,17.100000381469727,,1.7000000476837158,,18.100000381469727,,,8.649999618530273,20.950000762939453,19.25,,,,6.800000190734863,11.600000381469727,,,,,,15.050000190734863,10.050000190734863,5.599999904632568,,21.600000381469727,34.95000076293945,13.949999809265137,9.149999618530273,,15.649999618530273,13.166666030883789,26.200000762939453,,,,8.5,,18.649999618530273,4.0,26.549999237060547,,9.15999984741211,15.5,3.3499999046325684,21.849998474121094,5.099999904632568,19.200000762939453,24.05870819091797,6.650000095367432,,,18.700000762939453,,19.75,22.049999237060547,15.600000381469727,,23.899999618530273,,24.700000762939453,,8.699999809265137,30.899999618530273,2.799999952316284,11.5,,4.900000095367432,9.600000381469727,10.100000381469727,20.899999618530273,,12.899999618530273,7.949999809265137,1.100000023841858,,5.800000190734863,,,18.700000762939453,,,17.542499542236328,1.2630889415740967,3.5999999046325684,5.0,,17.200000762939453,0.8500000238418579,9.899999618530273,6.900000095367432,,,2023-11-10,2023Q4
2023-11-13,36.70000076293945,11.100000381469727,7.25,9.800000190734863,15.41741943359375,,24.399999618530273,22.549999237060547,,10.199999809265137,13.050000190734863,,31.0,,,,,,18.25,29.299999237060547,,,15.243749618530273,5.900000095367432,,20.49970054626465,6.050000190734863,,21.75,16.2549991607666,,,9.300000190734863,18.200000762939453,,,17.899999618530273,23.850000381469727,4.449999809265137,,17.899999618530273,11.300000190734863,9.414999961853027,,9.550000190734863,17.799999237060547,,26.25,13.783332824707031,9.100000381469727,19.549999237060547,,,0.3499999940395355,,2.8499999046325684,7.099999904632568,,20.600000381469727,3.3175530433654785,0.6499999761581421,9.350000381469727,19.100000381469727,8.550000190734863,1.0499999523162842,,11.199999809265137,19.100000381469727,,,12.0,,24.0,24.0,,10.050000190734863,16.200000762939453,16.299999237060547,2.200000047683716,9.649999618530273,,25.649999618530273,,,3.7750000953674316,2.200000047683716,,2.75,,7.150000095367432,,,16.299999237060547,8.25,,,23.799999237060547,22.100000381469727,17.049999237060547,,1.649999976158142,,18.0,,,8.699999809265137,20.799999237060547,19.25,,,,6.900000095367432,12.75,,,,,,15.199999809265137,10.050000190734863,5.699999809265137,,22.0,33.0,14.300000190734863,9.199999809265137,,15.449999809265137,12.350000381469727,25.899999618530273,,,,9.300000190734863,,19.350000381469727,4.400000095367432,26.25,,9.260000228881836,15.850000381469727,3.5,21.578571319580078,5.199999809265137,18.700000762939453,23.761688232421875,6.650000095367432,,,18.850000381469727,,19.75,22.149999618530273,16.149999618530273,,26.25,,24.299999237060547,,8.800000190734863,30.649999618530273,2.799999952316284,11.649999618530273,,5.150000095367432,9.399999618530273,10.399999618530273,21.25,,12.899999618530273,8.600000381469727,1.0,,6.349999904632568,,,18.799999237060547,,,17.88249969482422,1.3002389669418335,3.5999999046325684,5.0,,17.350000381469727,0.8999999761581421,10.050000190734863,7.550000190734863,,,2023-11-13,2023Q4
2023-11-15,36.20000076293945,11.449999809265137,7.099999904632568,9.75,15.241018295288086,,24.049999237060547,23.0,,10.100000381469727,14.199999809265137,,30.700000762939453,,,,,,18.600000381469727,29.049999237060547,,,15.159375190734863,6.0,,20.56884002685547,6.050000190734863,,21.850000381469727,16.0049991607666,,,9.25,18.299999237060547,,,17.450000762939453,23.600000381469727,4.449999809265137,,18.149999618530273,11.699999809265137,9.414999961853027,,9.550000190734863,17.649999618530273,,24.950000762939453,14.716666221618652,9.550000190734863,20.299999237060547,,,0.3499999940395355,,2.799999952316284,7.050000190734863,,21.149999618530273,3.276595115661621,0.6000000238418579,9.800000190734863,20.049999237060547,8.399999618530273,1.100000023841858,,11.399999618530273,20.850000381469727,,,11.899999618530273,,23.700000762939453,24.649999618530273,,9.949999809265137,16.5,17.100000381469727,2.200000047683716,9.949999809265137,,26.899999618530273,,,3.75,2.299999952316284,,2.700000047683716,,7.0,,,16.600000381469727,8.199999809265137,,,23.649999618530273,22.5,16.899999618530273,,1.600000023841858,,17.850000381469727,,,8.600000381469727,20.799999237060547,19.100000381469727,,,,7.050000190734863,13.350000381469727,,,,,,15.949999809265137,10.0,5.699999809265137,,21.899999618530273,33.75,15.350000381469727,9.149999618530273,,15.350000381469727,12.350000381469727,24.850000381469727,,,,9.75,,19.700000762939453,4.599999904632568,26.100000381469727,,9.25,15.949999809265137,3.450000047683716,21.30714225769043,5.099999904632568,18.966665267944336,23.167646408081055,6.75,,,18.850000381469727,,19.799999237060547,22.0,15.699999809265137,,26.100000381469727,,24.950000762939453,,8.350000381469727,30.850000381469727,2.799999952316284,11.600000381469727,,5.300000190734863,9.25,10.350000381469727,21.75,,12.800000190734863,8.550000190734863,1.0499999523162842,,6.349999904632568,,,18.899999618530273,,,17.6924991607666,1.2630889415740967,3.700000047683716,5.050000190734863,,17.450000762939453,0.8999999761581421,9.949999809265137,7.699999809265137,,,2023-11-15,2023Q4
2023-11-16,36.900001525878906,11.699999809265137,7.050000190734863,9.75,14.95877742767334,,23.950000762939453,23.450000762939453,,10.5,13.800000190734863,,30.5,,,,,,18.950000762939453,28.799999237060547,,,14.653124809265137,6.099999904632568,,20.776256561279297,6.050000190734863,,22.0,16.014999389648438,,,9.100000381469727,18.399999618530273,,,18.299999237060547,24.299999237060547,4.300000190734863,,18.0,12.25,9.414999961853027,,9.449999809265137,19.0,,24.299999237060547,15.433333396911621,9.100000381469727,20.75,,,0.3499999940395355,,2.9000000953674316,6.900000095367432,,20.850000381469727,3.276595115661621,0.6000000238418579,9.800000190734863,21.049999237060547,8.25,1.149999976158142,,11.5,20.299999237060547,,,11.800000190734863,,23.850000381469727,24.700000762939453,,10.399999618530273,16.799999237060547,17.950000762939453,2.200000047683716,9.75,,27.850000381469727,,,3.7750000953674316,2.299999952316284,,2.700000047683716,,6.900000095367432,,,16.950000762939453,8.050000190734863,,,23.649999618530273,22.149999618530273,16.799999237060547,,1.649999976158142,,18.0,,,8.649999618530273,18.850000381469727,19.049999237060547,,,,7.050000190734863,14.0,,,,,,16.700000762939453,9.899999618530273,5.699999809265137,,21.899999618530273,34.099998474121094,14.899999618530273,9.600000381469727,,15.199999809265137,12.333333015441895,24.5,,,,10.149999618530273,,19.299999237060547,4.800000190734863,25.75,,9.890000343322754,16.399999618530273,3.5,21.352380752563477,5.0,18.966665267944336,24.20722007751465,6.699999809265137,,,18.950000762939453,,19.649999618530273,22.049999237060547,16.0,,25.450000762939453,,24.450000762939453,,8.649999618530273,31.450000762939453,2.799999952316284,11.5,,5.550000190734863,9.100000381469727,10.149999618530273,21.25,,13.0,8.800000190734863,1.100000023841858,,6.25,,,18.850000381469727,,,17.2549991607666,1.2630889415740967,3.5999999046325684,5.050000190734863,,17.350000381469727,0.8500000238418579,10.399999618530273,7.75,,,2023-11-16,2023Q4
2023-11-17,36.95000076293945,11.199999809265137,7.099999904632568,9.449999809265137,14.71181583404541,,23.600000381469727,23.899999618530273,,10.5,14.350000381469727,,30.399999618530273,,,,,,19.299999237060547,28.850000381469727,,,14.681249618530273,6.199999809265137,,20.603410720825195,6.099999904632568,,21.700000762939453,15.78499984741211,,,9.449999809265137,18.149999618530273,,,18.75,24.25,4.400000095367432,,18.299999237060547,12.850000381469727,9.414999961853027,,9.449999809265137,19.350000381469727,,23.799999237060547,15.5,9.0,20.399999618530273,,,0.3499999940395355,,2.8499999046325684,6.800000190734863,,20.399999618530273,3.3175530433654785,0.6499999761581421,9.399999618530273,22.100000381469727,8.100000381469727,1.100000023841858,,11.300000190734863,19.899999618530273,,,11.949999809265137,,23.950000762939453,24.350000381469727,,10.899999618530273,17.100000381469727,18.799999237060547,2.1500000953674316,9.5,,26.549999237060547,,,3.7750000953674316,2.25,,2.6500000953674316,,6.800000190734863,,,16.649999618530273,8.050000190734863,,,23.799999237060547,22.299999237060547,16.799999237060547,,1.7000000476837158,,18.149999618530273,,,8.550000190734863,18.850000381469727,19.049999237060547,,,,7.0,14.699999809265137,,,,,,16.450000762939453,9.899999618530273,5.75,,22.950000762939453,34.45000076293945,15.050000190734863,10.050000190734863,,15.5,12.133333206176758,24.399999618530273,,,,10.649999618530273,,19.5,4.949999809265137,27.200000762939453,,10.220000267028809,18.75,3.6500000953674316,22.39285659790039,4.900000095367432,19.0,23.71218490600586,6.650000095367432,,,18.850000381469727,,19.700000762939453,22.200000762939453,15.949999809265137,,26.100000381469727,,24.649999618530273,,9.300000190734863,32.75,2.9000000953674316,11.5,,5.800000190734863,8.949999809265137,9.949999809265137,20.549999237060547,,12.899999618530273,9.199999809265137,1.1200000047683716,,6.150000095367432,,,19.350000381469727,,,17.18000030517578,1.2259390354156494,3.6500000953674316,5.050000190734863,,17.399999618530273,0.8500000238418579,10.899999618530273,7.599999904632568,,,2023-11-17,2023Q4
2023-11-20,40.20000076293945,10.699999809265137,7.050000190734863,9.300000190734863,14.817657470703125,,23.649999618530273,24.350000381469727,,10.25,14.399999618530273,,30.899999618530273,,,,,,19.649999618530273,29.100000381469727,,,15.074999809265137,6.25,,20.15400505065918,6.199999809265137,,21.25,16.440000534057617,,,9.850000381469727,17.899999618530273,,,18.600000381469727,24.200000762939453,4.400000095367432,,18.899999618530273,12.350000381469727,9.414999961853027,,9.0,19.149999618530273,,22.5,18.600000381469727,9.0,19.700000762939453,,,0.3499999940395355,,2.8499999046325684,6.699999809265137,,21.799999237060547,3.276595115661621,0.6499999761581421,9.25,23.100000381469727,8.25,1.100000023841858,,11.100000381469727,19.899999618530273,,,13.350000381469727,,22.399999618530273,24.200000762939453,,10.899999618530273,17.399999618530273,18.350000381469727,2.200000047683716,9.550000190734863,,25.950000762939453,,,3.7750000953674316,2.200000047683716,,2.5999999046325684,,6.699999809265137,,,16.299999237060547,8.050000190734863,,,24.149999618530273,22.0,16.649999618530273,,1.7000000476837158,,17.850000381469727,,,8.550000190734863,17.950000762939453,19.100000381469727,,,,7.050000190734863,15.399999618530273,,,,,,18.100000381469727,9.899999618530273,5.650000095367432,,27.450000762939453,33.29999923706055,15.399999618530273,9.949999809265137,,16.950000762939453,12.666666030883789,24.350000381469727,,,,10.149999618530273,,19.200000762939453,4.800000190734863,26.5,,9.770000457763672,18.799999237060547,4.349999904632568,23.02618980407715,4.849999904632568,19.600000381469727,22.524099349975586,6.699999809265137,,,18.649999618530273,,21.149999618530273,21.950000762939453,15.649999618530273,,27.399999618530273,,24.450000762939453,,9.949999809265137,32.0,2.9000000953674316,11.899999618530273,,6.050000190734863,8.800000190734863,9.850000381469727,20.600000381469727,,12.699999809265137,9.550000190734863,1.100000023841858,,6.050000190734863,,,19.149999618530273,,,18.5,1.2630889415740967,3.5999999046325684,5.5,,17.350000381469727,0.8500000238418579,11.25,7.449999809265137,,,2023-11-20,2023Q4
2023-11-21,41.400001525878906,11.199999809265137,7.099999904632568,9.350000381469727,14.817657470703125,,25.950000762939453,24.799999237060547,,10.300000190734863,15.100000381469727,,30.399999618530273,,,,,,19.25,29.25,,,15.553125381469727,6.150000095367432,,20.707117080688477,6.5,,21.200000762939453,16.290000915527344,,,9.949999809265137,17.899999618530273,,,19.450000762939453,24.100000381469727,4.599999904632568,,18.950000762939453,12.199999809265137,9.414999961853027,,8.850000381469727,19.0,,21.299999237060547,22.316665649414062,8.699999809265137,19.5,,,0.3499999940395355,,2.8499999046325684,6.650000095367432,,21.549999237060547,3.1946799755096436,0.6000000238418579,9.149999618530273,21.950000762939453,8.399999618530273,1.100000023841858,,10.899999618530273,20.0,,,13.899999618530273,,22.549999237060547,24.049999237060547,,11.050000190734863,17.700000762939453,18.0,2.1500000953674316,9.699999809265137,,26.700000762939453,,,3.825000047683716,2.200000047683716,,2.549999952316284,,6.599999904632568,,,16.149999618530273,8.100000381469727,,,25.100000381469727,21.700000762939453,16.649999618530273,,1.75,,17.600000381469727,,,8.600000381469727,18.700000762939453,18.899999618530273,,,,7.0,15.100000381469727,,,,,,16.950000762939453,10.149999618530273,5.550000190734863,,29.75,33.900001525878906,15.100000381469727,9.449999809265137,,17.950000762939453,12.783332824707031,24.0,,,,9.649999618530273,,19.549999237060547,4.900000095367432,27.100000381469727,,10.550000190734863,18.899999618530273,3.950000047683716,24.24761962890625,4.75,20.133333206176758,21.435022354125977,6.800000190734863,,,18.399999618530273,,22.0,21.899999618530273,16.100000381469727,,28.649999618530273,,24.350000381469727,,10.75,31.549999237060547,2.9000000953674316,11.800000190734863,,5.75,8.649999618530273,9.949999809265137,20.549999237060547,,12.800000190734863,9.399999618530273,1.090000033378601,,5.949999809265137,,,18.899999618530273,,,18.487499237060547,1.2630889415740967,3.5999999046325684,5.400000095367432,,17.350000381469727,0.8500000238418579,10.899999618530273,7.300000190734863,,,2023-11-21,2023Q4
2023-11-22,42.0,11.75,6.949999809265137,9.25,14.605976104736328,,27.950000762939453,25.25,,10.149999618530273,14.850000381469727,,30.350000381469727,,,,,,18.899999618530273,29.049999237060547,,,16.003124237060547,6.050000190734863,,20.983673095703125,6.800000190734863,,20.700000762939453,16.18000030517578,,,10.0,17.850000381469727,,,18.649999618530273,28.899999618530273,4.800000190734863,,18.100000381469727,11.850000381469727,9.414999961853027,,8.75,19.5,,20.600000381469727,20.083332061767578,8.300000190734863,19.100000381469727,,,0.3499999940395355,,2.799999952316284,6.550000190734863,,21.350000381469727,3.276595115661621,0.550000011920929,9.050000190734863,20.850000381469727,8.449999809265137,1.0499999523162842,,10.699999809265137,19.75,,,13.0,,21.75,24.149999618530273,,10.800000190734863,17.350000381469727,17.649999618530273,2.1500000953674316,9.5,,27.100000381469727,,,3.825000047683716,2.200000047683716,,2.5,,6.5,,,15.649999618530273,8.0,,,25.0,21.850000381469727,16.600000381469727,,1.7999999523162842,,17.649999618530273,,,8.550000190734863,17.950000762939453,19.049999237060547,,,,7.0,14.800000190734863,,,,,,17.049999237060547,10.399999618530273,5.449999809265137,,30.049999237060547,33.5,15.0,9.100000381469727,,16.700000762939453,12.550000190734863,24.0,,,,9.199999809265137,,19.899999618530273,4.800000190734863,26.450000762939453,,10.329999923706055,18.399999618530273,3.799999952316284,23.795238494873047,4.800000190734863,20.233333587646484,20.395448684692383,6.900000095367432,,,19.649999618530273,,21.25,21.950000762939453,15.699999809265137,,29.049999237060547,,24.100000381469727,,10.949999809265137,31.149999618530273,2.799999952316284,11.399999618530273,,5.5,8.5,11.0,21.5,,14.0,8.949999809265137,1.0750000476837158,,5.849999904632568,,,18.600000381469727,,,18.09000015258789,1.2630889415740967,3.549999952316284,5.150000095367432,,17.25,0.8999999761581421,10.550000190734863,7.150000095367432,,,2023-11-22,2023Q4
2023-11-23,48.45000076293945,11.550000190734863,7.050000190734863,9.0,14.605976104736328,,28.149999618530273,25.75,,10.399999618530273,14.949999809265137,,30.0,,,,,,18.549999237060547,28.950000762939453,,,16.453125,6.0,,21.74420166015625,7.0,,21.600000381469727,15.8100004196167,,,10.149999618530273,18.700000762939453,,,18.549999237060547,30.049999237060547,4.599999904632568,,18.100000381469727,12.25,9.414999961853027,,8.850000381469727,20.399999618530273,,22.649999618530273,18.716665267944336,7.900000095367432,19.149999618530273,,,0.3499999940395355,,2.799999952316284,6.449999809265137,,21.0,3.235637903213501,0.6000000238418579,9.050000190734863,21.850000381469727,8.300000190734863,1.0499999523162842,,10.5,20.149999618530273,,,13.199999809265137,,22.200000762939453,23.799999237060547,,11.149999618530273,17.0,17.299999237060547,2.4000000953674316,9.5,,26.600000381469727,,,3.7750000953674316,2.1500000953674316,,2.5,,6.400000095367432,,,16.100000381469727,7.900000095367432,,,24.899999618530273,22.200000762939453,16.149999618530273,,1.7999999523162842,,17.75,,,8.550000190734863,17.899999618530273,19.350000381469727,,,,6.800000190734863,14.5,,,,,,17.649999618530273,10.5,5.5,,29.049999237060547,33.45000076293945,15.199999809265137,9.0,,16.700000762939453,12.516666412353516,24.700000762939453,,,,9.649999618530273,,20.25,4.699999809265137,26.850000381469727,,10.069999694824219,18.450000762939453,3.700000047683716,24.11190414428711,4.75,22.200000762939453,21.38551902770996,6.800000190734863,,,19.549999237060547,,21.700000762939453,21.950000762939453,15.800000190734863,,28.0,,24.100000381469727,,10.5,32.5,2.8499999046325684,11.550000190734863,,5.550000190734863,8.350000381469727,12.649999618530273,21.75,,15.399999618530273,8.699999809265137,1.059999942779541,,5.75,,,18.950000762939453,,,18.072500228881836,1.2630889415740967,3.549999952316284,5.150000095367432,,17.649999618530273,0.8500000238418579,10.699999809265137,7.25,,,2023-11-23,2023Q4
2023-11-24,47.099998474121094,11.350000381469727,7.050000190734863,8.75,14.464855194091797,,26.049999237060547,26.25,,10.25,14.449999809265137,,29.950000762939453,,,,,,18.25,29.299999237060547,,,16.875,5.949999809265137,,21.847911834716797,7.0,,21.5,15.845000267028809,,,9.800000190734863,18.25,,,17.799999237060547,36.04999923706055,4.75,,17.899999618530273,11.949999809265137,9.414999961853027,,8.550000190734863,20.0,,22.850000381469727,18.450000762939453,8.25,19.200000762939453,,,0.3499999940395355,,2.799999952316284,6.349999904632568,,20.399999618530273,3.3175530433654785,0.6000000238418579,9.0,22.899999618530273,8.149999618530273,1.100000023841858,,10.399999618530273,20.149999618530273,,,13.0,,22.149999618530273,23.899999618530273,,11.350000381469727,16.700000762939453,17.25,2.3499999046325684,9.550000190734863,,25.75,,,3.7750000953674316,2.0999999046325684,,2.549999952316284,,6.300000190734863,,,16.450000762939453,7.650000095367432,,,24.25,21.600000381469727,16.0,,1.75,,17.649999618530273,,,8.5,17.899999618530273,19.299999237060547,,,,6.949999809265137,14.25,,,,,,18.049999237060547,10.550000190734863,5.550000190734863,,28.350000381469727,33.04999923706055,15.100000381469727,9.050000190734863,,17.049999237060547,12.333333015441895,24.399999618530273,,,,9.699999809265137,,20.649999618530273,4.599999904632568,26.5,,10.300000190734863,18.149999618530273,4.400000095367432,23.25238037109375,4.75,20.766666412353516,20.345945358276367,6.699999809265137,,,18.899999618530273,,21.399999618530273,21.950000762939453,15.600000381469727,,29.149999618530273,,24.350000381469727,,10.199999809265137,31.700000762939453,2.8499999046325684,11.399999618530273,,5.550000190734863,8.199999809265137,12.449999809265137,22.299999237060547,,16.899999618530273,8.550000190734863,1.0800000429153442,,5.650000095367432,,,19.350000381469727,,,17.727500915527344,1.2630889415740967,3.5,5.099999904632568,,17.5,0.8500000238418579,10.550000190734863,7.349999904632568,,,2023-11-24,2023Q4
2023-11-28,45.45000076293945,11.149999618530273,7.0,8.800000190734863,14.18261432647705,,28.200000762939453,26.75,,10.100000381469727,14.449999809265137,,29.75,,,,,,17.899999618530273,29.25,,,17.212499618530273,6.199999809265137,,21.640493392944336,6.900000095367432,,21.450000762939453,16.1299991607666,,,9.850000381469727,17.899999618530273,,,17.75,39.650001525878906,4.949999809265137,,17.700000762939453,12.0,9.414999961853027,,8.300000190734863,19.850000381469727,,21.75,17.799999237060547,8.649999618530273,19.049999237060547,,,0.3499999940395355,,2.799999952316284,6.650000095367432,,20.049999237060547,3.276595115661621,0.550000011920929,8.800000190734863,23.0,8.0,1.0499999523162842,,10.350000381469727,19.950000762939453,,,12.850000381469727,,21.649999618530273,23.649999618530273,,10.949999809265137,17.0,16.950000762939453,2.25,9.550000190734863,,25.399999618530273,,,3.75,2.0,,2.5,,6.199999809265137,,,16.5,7.650000095367432,,,24.100000381469727,21.5,16.350000381469727,,1.7000000476837158,,17.5,,,8.649999618530273,17.899999618530273,19.049999237060547,,,,7.050000190734863,14.0,,,,,,18.100000381469727,10.149999618530273,5.550000190734863,,28.450000762939453,32.54999923706055,15.399999618530273,9.050000190734863,,16.75,12.316665649414062,24.25,,,,9.300000190734863,,21.049999237060547,4.650000095367432,26.850000381469727,,10.100000381469727,19.100000381469727,4.25,22.302379608154297,4.650000095367432,20.16666603088379,19.350000381469727,6.800000190734863,,,19.149999618530273,,20.799999237060547,21.700000762939453,15.949999809265137,,28.899999618530273,,25.700000762939453,,10.449999809265137,31.850000381469727,2.799999952316284,11.199999809265137,,5.400000095367432,8.050000190734863,11.699999809265137,22.25,,16.049999237060547,8.949999809265137,1.0800000429153442,,5.550000190734863,,,18.850000381469727,,,17.204999923706055,1.2630889415740967,3.5,5.050000190734863,,17.549999237060547,0.8500000238418579,10.5,7.449999809265137,,,2023-11-28,2023Q4
2023-11-29,47.849998474121094,10.949999809265137,7.050000190734863,8.649999618530273,14.323735237121582,,27.899999618530273,27.25,,10.100000381469727,14.0,,31.200000762939453,,,,,,17.549999237060547,28.850000381469727,,,17.549999237060547,6.400000095367432,,20.94910430908203,6.800000190734863,,21.049999237060547,16.1200008392334,,,9.75,18.049999237060547,,,18.100000381469727,43.599998474121094,5.150000095367432,,17.75,11.75,9.414999961853027,,8.149999618530273,19.649999618530273,,21.049999237060547,18.450000762939453,9.050000190734863,19.149999618530273,,,0.3499999940395355,,2.9000000953674316,6.949999809265137,,19.899999618530273,3.276595115661621,0.550000011920929,8.699999809265137,21.850000381469727,7.900000095367432,1.0499999523162842,,10.149999618530273,20.299999237060547,,,12.800000190734863,,21.600000381469727,24.5,,10.800000190734863,17.299999237060547,16.799999237060547,2.25,9.449999809265137,,25.700000762939453,,,3.700000047683716,1.9500000476837158,,2.450000047683716,,6.099999904632568,,,16.200000762939453,7.449999809265137,,,24.149999618530273,21.5,16.549999237060547,,1.7000000476837158,,18.200000762939453,,,8.550000190734863,17.899999618530273,19.149999618530273,,,,6.949999809265137,13.75,,,,,,17.200000762939453,10.050000190734863,5.449999809265137,,28.200000762939453,31.649999618530273,15.199999809265137,9.100000381469727,,16.549999237060547,12.350000381469727,24.399999618530273,,,,9.149999618530273,,21.450000762939453,4.699999809265137,27.200000762939453,,10.149999618530273,19.700000762939453,4.0,22.573808670043945,4.650000095367432,19.866666793823242,19.350000381469727,7.099999904632568,,,19.350000381469727,,20.549999237060547,21.649999618530273,15.699999809265137,,28.049999237060547,,25.049999237060547,,10.300000190734863,31.700000762939453,2.799999952316284,11.0,,5.25,8.199999809265137,12.0,21.75,,15.25,9.300000190734863,1.0700000524520874,,5.449999809265137,,,18.649999618530273,,,17.25749969482422,1.2259390354156494,3.450000047683716,5.050000190734863,,17.549999237060547,0.8999999761581421,10.25,7.300000190734863,,,2023-11-29,2023Q4
2023-11-30,46.5,10.75,7.0,8.600000381469727,14.605976104736328,,28.899999618530273,27.75,,10.050000190734863,14.0,,30.25,,,,,,17.899999618530273,28.700000762939453,,,18.028125762939453,6.150000095367432,,21.191091537475586,6.699999809265137,,20.75,15.774999618530273,,,9.699999809265137,17.950000762939453,,,17.850000381469727,41.45000076293945,5.400000095367432,,17.700000762939453,11.699999809265137,9.414999961853027,,8.350000381469727,18.75,,20.649999618530273,17.766666412353516,8.699999809265137,19.0,,,0.3499999940395355,,2.950000047683716,7.099999904632568,,19.649999618530273,3.276595115661621,0.550000011920929,8.75,21.100000381469727,7.75,1.0499999523162842,,10.199999809265137,20.049999237060547,,,12.649999618530273,,22.75,24.399999618530273,,10.649999618530273,17.399999618530273,16.799999237060547,2.25,9.199999809265137,,25.700000762939453,,,3.7249999046325684,2.0,,2.5,,6.0,,,16.049999237060547,7.449999809265137,,,24.200000762939453,22.200000762939453,16.700000762939453,,1.7000000476837158,,17.799999237060547,,,8.5,17.200000762939453,18.899999618530273,,,,6.650000095367432,13.5,,,,,,17.299999237060547,10.149999618530273,5.400000095367432,,27.450000762939453,32.0,15.050000190734863,9.050000190734863,,15.949999809265137,12.616665840148926,24.350000381469727,,,,8.899999618530273,,21.850000381469727,4.75,26.850000381469727,,10.039999961853027,18.700000762939453,3.950000047683716,22.619047164916992,4.599999904632568,19.700000762939453,19.149999618530273,7.449999809265137,,,18.75,,20.25,21.799999237060547,16.350000381469727,,28.149999618530273,,24.299999237060547,,10.100000381469727,31.450000762939453,2.8499999046325684,10.899999618530273,,5.349999904632568,8.350000381469727,11.75,21.350000381469727,,16.0,9.5,1.0700000524520874,,5.349999904632568,,,18.549999237060547,,,17.270000457763672,1.2630889415740967,3.450000047683716,4.949999809265137,,17.350000381469727,0.8500000238418579,10.100000381469727,7.150000095367432,,,2023-11-30,2023Q4
2023-12-01,44.599998474121094,10.550000190734863,6.949999809265137,8.449999809265137,14.535414695739746,,28.149999618530273,27.200000762939453,,10.0,14.5,,30.700000762939453,,,,,,18.25,29.049999237060547,,,18.534374237060547,5.949999809265137,,21.536785125732422,6.599999904632568,,21.100000381469727,16.045000076293945,,,9.75,17.75,,,17.799999237060547,39.400001525878906,5.650000095367432,,17.75,11.399999618530273,9.414999961853027,,8.75,18.75,,20.100000381469727,17.78333282470703,8.75,19.049999237060547,,,0.3499999940395355,,2.950000047683716,7.25,,19.549999237060547,3.235637903213501,0.5,9.0,22.149999618530273,7.599999904632568,1.0499999523162842,,10.100000381469727,19.75,,,12.699999809265137,,22.600000381469727,24.899999618530273,,10.699999809265137,17.700000762939453,16.700000762939453,2.25,9.899999618530273,,25.049999237060547,,,3.7249999046325684,2.0999999046325684,,2.5,,5.900000095367432,,,15.350000381469727,7.300000190734863,,,24.049999237060547,22.549999237060547,16.649999618530273,,1.7000000476837158,,17.850000381469727,,,8.600000381469727,17.149999618530273,21.049999237060547,,,,6.349999904632568,13.25,,,,,,17.350000381469727,10.449999809265137,5.300000190734863,,27.149999618530273,31.799999237060547,15.550000190734863,9.050000190734863,,16.149999618530273,12.466666221618652,25.25,,,,8.850000381469727,,22.25,4.800000190734863,26.899999618530273,,10.220000267028809,18.799999237060547,3.75,22.302379608154297,4.5,20.366666793823242,19.350000381469727,7.800000190734863,,,18.399999618530273,,20.200000762939453,21.850000381469727,16.899999618530273,,27.600000381469727,,25.399999618530273,,9.75,31.200000762939453,2.8499999046325684,10.899999618530273,,5.599999904632568,8.5,11.75,21.149999618530273,,16.799999237060547,9.600000381469727,1.0950000286102295,,5.25,,,18.649999618530273,,,17.047500610351562,1.2630889415740967,3.450000047683716,5.0,,17.25,0.8500000238418579,10.199999809265137,7.0,,,2023-12-01,2023Q4
2023-12-04,44.75,10.350000381469727,7.400000095367432,8.300000190734863,14.71181583404541,,27.299999237060547,26.649999618530273,,10.199999809265137,14.800000190734863,,29.950000762939453,,,,,,18.600000381469727,29.149999618530273,,,18.871875762939453,6.199999809265137,,21.467647552490234,6.5,,21.399999618530273,15.619999885559082,,,11.699999809265137,17.950000762939453,,,17.75,37.45000076293945,5.900000095367432,,18.100000381469727,11.449999809265137,9.414999961853027,,9.149999618530273,18.700000762939453,,19.75,17.28333282470703,8.649999618530273,19.149999618530273,,,0.3499999940395355,,3.049999952316284,7.5,,19.5,3.235637903213501,0.550000011920929,9.050000190734863,23.25,7.550000190734863,1.100000023841858,,10.050000190734863,19.899999618530273,,,12.75,,23.549999237060547,24.299999237060547,,10.75,18.549999237060547,16.600000381469727,2.25,9.800000190734863,,24.049999237060547,,,3.825000047683716,2.0,,2.5,,6.0,,,15.600000381469727,7.349999904632568,,,24.25,23.149999618530273,16.5,,1.75,,17.75,,,8.600000381469727,16.75,25.25,,,,6.650000095367432,13.0,,,,,,16.899999618530273,10.600000381469727,5.550000190734863,,29.649999618530273,32.04999923706055,15.050000190734863,9.050000190734863,,16.149999618530273,12.649999618530273,24.899999618530273,,,,8.899999618530273,,22.649999618530273,4.800000190734863,26.700000762939453,,10.520000457763672,18.799999237060547,3.75,22.483333587646484,4.550000190734863,22.366666793823242,19.350000381469727,8.149999618530273,,,18.399999618530273,,20.450000762939453,21.899999618530273,17.700000762939453,,28.600000381469727,,25.25,,9.949999809265137,32.5,2.799999952316284,11.199999809265137,,5.849999904632568,8.649999618530273,11.600000381469727,21.100000381469727,,17.600000381469727,9.199999809265137,1.1449999809265137,,5.199999809265137,,,18.700000762939453,,,17.385000228881836,1.2259390354156494,3.450000047683716,5.0,,17.25,0.8999999761581421,10.449999809265137,7.099999904632568,,,2023-12-04,2023Q4
2023-12-05,44.20000076293945,10.149999618530273,8.100000381469727,8.050000190734863,14.429574966430664,,28.0,26.149999618530273,,10.100000381469727,14.550000190734863,,29.850000381469727,,,,,,18.899999618530273,28.950000762939453,,,19.237499237060547,6.150000095367432,,21.433076858520508,6.400000095367432,,21.25,15.920000076293945,,,13.949999809265137,18.200000762939453,,,17.600000381469727,35.599998474121094,6.150000095367432,,19.0,11.5,9.414999961853027,,8.949999809265137,18.350000381469727,,19.700000762939453,17.116666793823242,8.449999809265137,19.149999618530273,,,0.3499999940395355,,2.950000047683716,7.599999904632568,,20.299999237060547,3.235637903213501,0.5,8.850000381469727,24.399999618530273,7.650000095367432,1.100000023841858,,10.100000381469727,19.850000381469727,,,12.649999618530273,,23.5,24.700000762939453,,10.649999618530273,19.450000762939453,16.799999237060547,2.200000047683716,9.699999809265137,,24.549999237060547,,,3.825000047683716,2.049999952316284,,2.5,,6.099999904632568,,,15.699999809265137,7.400000095367432,,,24.100000381469727,24.299999237060547,16.350000381469727,,1.7000000476837158,,17.700000762939453,,,8.550000190734863,16.350000381469727,23.200000762939453,,,,6.949999809265137,12.75,,,,,,17.350000381469727,10.850000381469727,5.800000190734863,,30.75,32.0,16.649999618530273,9.050000190734863,,16.049999237060547,12.733332633972168,24.600000381469727,,,,9.300000190734863,,23.100000381469727,4.699999809265137,26.049999237060547,,10.199999809265137,18.350000381469727,3.75,22.16666603088379,4.599999904632568,21.200000762939453,20.299999237060547,8.100000381469727,,,18.299999237060547,,20.200000762939453,21.649999618530273,18.549999237060547,,28.799999237060547,,25.049999237060547,,9.75,32.900001525878906,2.799999952316284,10.899999618530273,,6.099999904632568,8.550000190734863,11.699999809265137,20.899999618530273,,18.450000762939453,9.050000190734863,1.1349999904632568,,5.099999904632568,,,18.600000381469727,,,17.177499771118164,1.2259390354156494,3.4000000953674316,4.949999809265137,,17.149999618530273,0.8999999761581421,10.350000381469727,7.0,,,2023-12-05,2023Q4
2023-12-06,46.20000076293945,9.949999809265137,8.899999618530273,7.900000095367432,14.71181583404541,,27.600000381469727,25.649999618530273,,10.0,14.449999809265137,,29.75,,,,,,18.549999237060547,30.350000381469727,,,19.856250762939453,6.449999809265137,,21.709632873535156,6.300000190734863,,21.100000381469727,15.989999771118164,,,15.050000190734863,17.899999618530273,,,17.5,36.95000076293945,6.449999809265137,,19.399999618530273,11.399999618530273,9.414999961853027,,8.850000381469727,18.549999237060547,,19.600000381469727,16.75,8.850000381469727,20.049999237060547,,,0.4000000059604645,,3.0999999046325684,7.349999904632568,,20.700000762939453,3.1946799755096436,0.550000011920929,8.649999618530273,24.350000381469727,7.650000095367432,1.0499999523162842,,10.300000190734863,19.899999618530273,,,12.850000381469727,,25.850000381469727,24.799999237060547,,11.050000190734863,20.399999618530273,16.5,2.200000047683716,9.800000190734863,,25.75,,,3.9749999046325684,1.9500000476837158,,2.549999952316284,,6.199999809265137,,,15.350000381469727,7.5,,,23.5,25.049999237060547,16.5,,1.649999976158142,,17.399999618530273,,,8.949999809265137,15.649999618530273,21.799999237060547,,,,7.050000190734863,12.5,,,,,,17.049999237060547,11.050000190734863,6.050000190734863,,32.150001525878906,31.950000762939453,16.149999618530273,8.949999809265137,,17.0,12.899999618530273,24.350000381469727,,,,9.25,,23.549999237060547,4.599999904632568,26.0,,10.149999618530273,19.100000381469727,3.6500000953674316,22.302379608154297,4.599999904632568,20.766666412353516,21.0,8.5,,,17.950000762939453,,20.100000381469727,21.799999237060547,19.450000762939453,,28.799999237060547,,24.950000762939453,,9.75,34.099998474121094,2.799999952316284,11.0,,5.949999809265137,8.449999809265137,11.300000190734863,20.799999237060547,,19.350000381469727,9.100000381469727,1.149999976158142,,5.050000190734863,,,18.75,,,17.170000076293945,1.188789963722229,3.3499999046325684,4.900000095367432,,16.950000762939453,0.8999999761581421,10.550000190734863,6.900000095367432,,,2023-12-06,2023Q4
2023-12-07,45.650001525878906,9.949999809265137,10.649999618530273,8.25,14.464855194091797,,27.649999618530273,25.149999618530273,,10.0,15.100000381469727,,29.950000762939453,,,,,,18.200000762939453,30.799999237060547,,,21.515625,6.699999809265137,,26.030818939208984,6.199999809265137,,21.350000381469727,16.489999771118164,,,15.149999618530273,17.75,,,17.5,35.099998474121094,6.75,,19.850000381469727,11.350000381469727,9.414999961853027,,9.0,19.149999618530273,,19.350000381469727,15.916666030883789,9.25,21.649999618530273,,,0.4000000059604645,,3.200000047683716,7.25,,20.649999618530273,3.235637903213501,0.550000011920929,8.949999809265137,23.700000762939453,7.599999904632568,1.100000023841858,,10.199999809265137,19.950000762939453,,,12.899999618530273,,28.299999237060547,25.100000381469727,,10.75,21.299999237060547,16.799999237060547,2.200000047683716,9.5,,28.299999237060547,,,4.150000095367432,1.9500000476837158,,2.5,,6.300000190734863,,,15.399999618530273,7.400000095367432,,,23.700000762939453,26.299999237060547,16.649999618530273,,1.7999999523162842,,17.899999618530273,,,9.800000190734863,16.399999618530273,21.5,,,,7.050000190734863,12.350000381469727,,,,,,16.75,11.350000381469727,6.349999904632568,,33.79999923706055,35.849998474121094,17.149999618530273,8.949999809265137,,17.100000381469727,13.016666412353516,23.850000381469727,,,,9.25,,23.100000381469727,4.650000095367432,26.350000381469727,,10.100000381469727,19.549999237060547,3.6500000953674316,22.347618103027344,4.5,20.53333282470703,20.0,8.350000381469727,,,18.350000381469727,,20.450000762939453,21.799999237060547,21.350000381469727,,28.75,,27.700000762939453,,9.800000190734863,34.20000076293945,2.75,11.25,,6.199999809265137,8.449999809265137,11.199999809265137,22.850000381469727,,20.299999237060547,9.0,1.1150000095367432,,5.050000190734863,,,18.950000762939453,,,19.732500076293945,1.2630889415740967,3.299999952316284,5.050000190734863,,16.799999237060547,0.8999999761581421,10.399999618530273,7.0,,,2023-12-07,2023Q4
2023-12-08,44.900001525878906,9.75,12.75,8.649999618530273,14.18261432647705,,27.850000381469727,24.649999618530273,,9.850000381469727,14.899999618530273,,30.100000381469727,,,,,,17.850000381469727,29.899999618530273,,,21.993749618530273,7.0,,26.860485076904297,6.099999904632568,,22.600000381469727,18.389999389648438,,,14.800000190734863,17.75,,,17.200000762939453,33.349998474121094,6.449999809265137,,20.649999618530273,11.550000190734863,9.414999961853027,,9.050000190734863,19.350000381469727,,19.0,15.416666030883789,9.699999809265137,21.799999237060547,,,0.4000000059604645,,3.799999952316284,7.0,,20.0,3.1946799755096436,0.550000011920929,9.0,22.850000381469727,7.75,1.100000023841858,,10.399999618530273,19.649999618530273,,,12.899999618530273,,28.5,25.0,,10.699999809265137,22.350000381469727,16.799999237060547,2.25,9.649999618530273,,27.100000381469727,,,4.349999904632568,1.9500000476837158,,2.549999952316284,,6.400000095367432,,,15.5,7.449999809265137,,,23.950000762939453,25.799999237060547,17.100000381469727,,1.850000023841858,,17.950000762939453,,,10.050000190734863,16.200000762939453,22.100000381469727,,,,6.949999809265137,12.550000190734863,,,,,,16.75,11.300000190734863,6.099999904632568,,34.849998474121094,36.75,18.399999618530273,8.899999618530273,,16.75,12.949999809265137,23.100000381469727,,,,9.199999809265137,,22.649999618530273,4.699999809265137,25.700000762939453,,9.989999771118164,19.149999618530273,3.799999952316284,22.483333587646484,4.550000190734863,19.966665267944336,19.149999618530273,8.199999809265137,,,18.25,,20.899999618530273,21.799999237060547,20.850000381469727,,28.149999618530273,,27.200000762939453,,9.699999809265137,33.400001525878906,2.799999952316284,11.100000381469727,,6.0,8.449999809265137,11.550000190734863,23.049999237060547,,19.899999618530273,9.050000190734863,1.1150000095367432,,5.150000095367432,,,18.649999618530273,,,19.50749969482422,1.2259390354156494,3.299999952316284,5.0,,16.299999237060547,0.8999999761581421,10.399999618530273,6.900000095367432,,,2023-12-08,2023Q4
2023-12-11,44.54999923706055,9.75,14.0,9.050000190734863,14.888216972351074,,28.899999618530273,24.149999618530273,,9.850000381469727,15.199999809265137,,30.700000762939453,,,,,,18.200000762939453,30.200000762939453,,,22.387500762939453,8.399999618530273,,25.339427947998047,6.199999809265137,,23.25,19.05500030517578,,,14.0,17.649999618530273,,,17.5,31.700000762939453,6.150000095367432,,20.950000762939453,12.100000381469727,9.414999961853027,,9.949999809265137,20.049999237060547,,18.649999618530273,14.766666412353516,10.149999618530273,26.149999618530273,,,0.44999998807907104,,4.550000190734863,7.099999904632568,,19.950000762939453,3.235637903213501,0.5,9.050000190734863,23.950000762939453,7.900000095367432,1.2000000476837158,,10.350000381469727,20.549999237060547,,,13.050000190734863,,28.299999237060547,25.600000381469727,,10.850000381469727,23.450000762939453,17.100000381469727,2.700000047683716,9.949999809265137,,28.5,,,4.5,2.0999999046325684,,2.549999952316284,,6.699999809265137,,,15.449999809265137,7.699999809265137,,,24.049999237060547,25.299999237060547,18.100000381469727,,1.899999976158142,,18.299999237060547,,,9.800000190734863,15.75,21.899999618530273,,,,7.25,12.300000190734863,,,,,,20.100000381469727,11.199999809265137,6.300000190734863,,38.29999923706055,36.29999923706055,18.450000762939453,9.0,,16.549999237060547,12.816665649414062,23.799999237060547,,,,9.649999618530273,,23.100000381469727,4.75,26.25,,9.989999771118164,19.350000381469727,3.950000047683716,22.845237731933594,4.599999904632568,19.799999237060547,20.100000381469727,8.050000190734863,,,18.200000762939453,,20.700000762939453,21.600000381469727,20.049999237060547,,28.399999618530273,,31.25,,9.899999618530273,33.650001525878906,2.799999952316284,11.100000381469727,,6.300000190734863,8.300000190734863,11.600000381469727,22.25,,19.5,9.25,1.1399999856948853,,5.25,,,19.200000762939453,,,18.924999237060547,1.2630889415740967,3.3499999046325684,5.099999904632568,,16.600000381469727,1.0499999523162842,10.800000190734863,6.800000190734863,,,2023-12-11,2023Q4
2023-12-12,45.150001525878906,9.800000190734863,13.25,9.5,15.62909984588623,,29.850000381469727,24.600000381469727,,9.899999618530273,15.850000381469727,,31.549999237060547,,,,,,18.399999618530273,30.5,,,22.471874237060547,9.100000381469727,,25.546844482421875,6.25,,22.399999618530273,18.93000030517578,,,14.149999618530273,17.5,,,17.600000381469727,31.75,5.849999904632568,,20.100000381469727,12.550000190734863,9.414999961853027,,10.899999618530273,20.950000762939453,,19.600000381469727,14.983332633972168,10.649999618530273,31.350000381469727,,,0.44999998807907104,,4.199999809265137,6.75,,20.100000381469727,3.235637903213501,0.550000011920929,9.050000190734863,23.549999237060547,8.050000190734863,1.2999999523162842,,10.25,20.549999237060547,,,13.0,,28.850000381469727,26.350000381469727,,11.100000381469727,24.600000381469727,17.100000381469727,2.9000000953674316,9.949999809265137,,29.25,,,4.449999809265137,2.049999952316284,,2.5999999046325684,,7.0,,,17.100000381469727,7.5,,,23.899999618530273,24.799999237060547,18.100000381469727,,1.9500000476837158,,18.649999618530273,,,10.350000381469727,16.450000762939453,21.200000762939453,,,,7.550000190734863,12.050000190734863,,,,,,20.700000762939453,11.100000381469727,6.599999904632568,,36.25,35.79999923706055,18.100000381469727,9.0,,16.450000762939453,12.800000190734863,23.75,,,,9.399999618530273,,23.5,4.800000190734863,26.200000762939453,,9.949999809265137,19.049999237060547,4.050000190734863,22.438095092773438,4.650000095367432,19.966665267944336,21.049999237060547,7.900000095367432,,,17.950000762939453,,20.450000762939453,21.899999618530273,19.350000381469727,,29.899999618530273,,30.5,,9.850000381469727,35.70000076293945,2.9000000953674316,13.199999809265137,,6.599999904632568,8.449999809265137,11.649999618530273,22.399999618530273,,19.149999618530273,9.649999618530273,1.1649999618530273,,5.349999904632568,,,18.950000762939453,,,18.927499771118164,1.3002389669418335,3.3499999046325684,5.050000190734863,,16.549999237060547,1.25,11.149999618530273,6.699999809265137,,,2023-12-12,2023Q4
2023-12-13,43.95000076293945,9.949999809265137,12.600000381469727,9.800000190734863,16.228862762451172,,30.899999618530273,25.049999237060547,,9.899999618530273,16.200000762939453,,31.700000762939453,,,,,,18.200000762939453,30.299999237060547,,,18.421875,8.699999809265137,,24.371482849121094,6.150000095367432,,22.600000381469727,18.969999313354492,,,13.899999618530273,17.399999618530273,,,18.049999237060547,30.350000381469727,5.550000190734863,,24.100000381469727,12.100000381469727,9.414999961853027,,11.399999618530273,21.149999618530273,,19.75,14.233332633972168,10.25,34.150001525878906,,,0.4000000059604645,,4.599999904632568,6.550000190734863,,19.75,3.276595115661621,0.6000000238418579,9.0,23.299999237060547,7.900000095367432,1.350000023841858,,10.149999618530273,20.450000762939453,,,14.25,,29.600000381469727,26.649999618530273,,11.5,24.100000381469727,16.850000381469727,2.75,9.800000190734863,,27.850000381469727,,,4.224999904632568,2.049999952316284,,2.6500000953674316,,7.349999904632568,,,18.649999618530273,7.75,,,24.350000381469727,24.299999237060547,18.799999237060547,,1.9500000476837158,,18.399999618530273,,,10.5,17.100000381469727,21.399999618530273,,,,7.449999809265137,11.800000190734863,,,,,,19.950000762939453,10.949999809265137,6.900000095367432,,34.849998474121094,35.5,18.399999618530273,9.0,,16.399999618530273,12.800000190734863,23.450000762939453,,,,9.5,,23.049999237060547,4.849999904632568,26.350000381469727,,9.970000267028809,18.899999618530273,4.050000190734863,21.985713958740234,4.699999809265137,20.5,22.100000381469727,7.75,,,18.049999237060547,,20.350000381469727,21.75,19.600000381469727,,29.299999237060547,,31.75,,9.800000190734863,36.75,3.0,14.300000190734863,,6.900000095367432,8.550000190734863,12.350000381469727,22.350000381469727,,18.799999237060547,9.949999809265137,1.149999976158142,,5.349999904632568,,,19.799999237060547,,,19.100000381469727,1.411687970161438,3.299999952316284,5.099999904632568,,16.600000381469727,1.149999976158142,11.0,6.599999904632568,,,2023-12-13,2023Q4
2023-12-14,44.900001525878906,10.100000381469727,12.0,9.600000381469727,15.94662094116211,,30.049999237060547,25.0,,9.899999618530273,15.75,,31.149999618530273,,,,,,17.850000381469727,29.950000762939453,,,18.703125,8.600000381469727,,23.645523071289062,6.050000190734863,,22.450000762939453,18.850000381469727,,,13.699999809265137,17.299999237060547,,,17.850000381469727,29.649999618530273,5.300000190734863,,28.899999618530273,11.899999618530273,9.414999961853027,,11.100000381469727,21.200000762939453,,20.299999237060547,13.550000190734863,10.149999618530273,32.04999923706055,,,0.4000000059604645,,4.75,6.550000190734863,,19.649999618530273,3.1946799755096436,0.550000011920929,8.949999809265137,23.0,7.75,1.399999976158142,,10.300000190734863,20.450000762939453,,,13.850000381469727,,29.25,26.25,,12.050000190734863,23.649999618530273,17.149999618530273,2.6500000953674316,11.600000381469727,,27.5,,,4.025000095367432,2.0999999046325684,,2.700000047683716,,7.699999809265137,,,17.950000762939453,7.699999809265137,,,24.450000762939453,24.75,18.600000381469727,,1.9500000476837158,,17.799999237060547,,,10.699999809265137,16.600000381469727,21.600000381469727,,,,7.75,11.600000381469727,,,,,,23.899999618530273,11.149999618530273,7.0,,33.900001525878906,35.349998474121094,18.149999618530273,8.949999809265137,,16.350000381469727,12.666666030883789,23.5,,,,9.649999618530273,,22.649999618530273,4.75,26.299999237060547,,10.199999809265137,19.0,4.0,21.940475463867188,4.75,20.5,23.200000762939453,7.599999904632568,,,18.399999618530273,,20.200000762939453,22.0,19.25,,29.75,,31.649999618530273,,9.850000381469727,35.650001525878906,3.1500000953674316,13.5,,7.199999809265137,8.5,12.199999809265137,23.049999237060547,,18.450000762939453,9.600000381469727,1.2000000476837158,,5.400000095367432,,,19.350000381469727,,,18.717500686645508,1.5231369733810425,3.25,5.050000190734863,,16.5,1.149999976158142,10.850000381469727,6.5,,,2023-12-14,2023Q4
2023-12-15,47.400001525878906,10.300000190734863,11.649999618530273,9.550000190734863,15.558539390563965,,30.350000381469727,24.5,,9.75,16.399999618530273,,30.850000381469727,,,,,,17.799999237060547,29.549999237060547,,,17.887500762939453,8.649999618530273,,24.578899383544922,6.0,,22.75,18.850000381469727,,,13.550000190734863,17.200000762939453,,,17.649999618530273,31.100000381469727,5.550000190734863,,31.75,11.949999809265137,9.414999961853027,,10.75,20.850000381469727,,19.850000381469727,14.216666221618652,10.0,30.450000762939453,,,0.4000000059604645,,4.550000190734863,6.449999809265137,,19.899999618530273,3.1946799755096436,0.550000011920929,9.199999809265137,22.950000762939453,7.75,1.4500000476837158,,10.149999618530273,20.350000381469727,,,15.199999809265137,,29.350000381469727,26.299999237060547,,12.600000381469727,23.200000762939453,17.0,2.75,12.850000381469727,,26.600000381469727,,,3.825000047683716,2.049999952316284,,2.75,,7.349999904632568,,,17.450000762939453,7.5,,,24.600000381469727,25.200000762939453,18.850000381469727,,1.9500000476837158,,17.799999237060547,,,10.25,16.600000381469727,21.450000762939453,,,,7.849999904632568,11.399999618530273,,,,,,21.549999237060547,11.0,6.800000190734863,,33.29999923706055,34.29999923706055,17.700000762939453,8.949999809265137,,16.200000762939453,12.583333015441895,23.450000762939453,,,,9.5,,22.200000762939453,4.650000095367432,26.25,,10.350000381469727,18.950000762939453,3.950000047683716,21.985713958740234,4.800000190734863,20.600000381469727,22.299999237060547,7.449999809265137,,,18.200000762939453,,20.549999237060547,23.100000381469727,18.399999618530273,,30.149999618530273,,31.700000762939453,,10.449999809265137,34.900001525878906,3.299999952316284,14.399999618530273,,7.550000190734863,8.550000190734863,12.0,23.5,,18.100000381469727,9.800000190734863,1.2000000476837158,,5.400000095367432,,,19.399999618530273,,,18.397499084472656,1.6717360019683838,3.200000047683716,5.050000190734863,,16.5,1.100000023841858,10.800000190734863,6.400000095367432,,,2023-12-15,2023Q4
2023-12-18,47.400001525878906,10.5,11.100000381469727,9.5,14.817657470703125,,28.549999237060547,24.049999237060547,,10.199999809265137,16.200000762939453,,32.25,,,,,,18.149999618530273,29.799999237060547,,,17.493749618530273,8.399999618530273,,24.336912155151367,6.099999904632568,,22.899999618530273,19.024999618530273,,,14.050000190734863,17.299999237060547,,,17.649999618530273,32.650001525878906,5.349999904632568,,30.600000381469727,11.800000190734863,9.414999961853027,,10.649999618530273,21.399999618530273,,20.049999237060547,14.433333396911621,10.050000190734863,28.950000762939453,,,0.4000000059604645,,4.550000190734863,6.300000190734863,,19.799999237060547,3.235637903213501,0.6000000238418579,9.649999618530273,22.5,8.100000381469727,1.5,,10.149999618530273,21.5,,,14.850000381469727,,29.149999618530273,26.799999237060547,,12.0,22.75,16.700000762939453,2.799999952316284,14.399999618530273,,27.600000381469727,,,3.6500000953674316,2.049999952316284,,2.8499999046325684,,7.0,,,18.799999237060547,7.5,,,24.950000762939453,24.75,18.299999237060547,,1.9500000476837158,,17.649999618530273,,,10.399999618530273,15.899999618530273,21.600000381469727,,,,8.050000190734863,11.199999809265137,,,,,,21.850000381469727,11.0,7.0,,33.849998474121094,34.150001525878906,17.600000381469727,9.350000381469727,,18.899999618530273,12.516666412353516,24.299999237060547,,,,9.5,,22.100000381469727,4.650000095367432,26.600000381469727,,11.5,19.100000381469727,3.9000000953674316,23.071428298950195,5.0,20.433332443237305,22.25,7.300000190734863,,,18.049999237060547,,20.299999237060547,24.25,18.700000762939453,,33.04999923706055,,32.29999923706055,,10.350000381469727,37.900001525878906,3.4000000953674316,17.25,,7.900000095367432,8.949999809265137,11.899999618530273,24.799999237060547,,17.75,10.149999618530273,1.2000000476837158,,5.349999904632568,,,19.350000381469727,,,18.332500457763672,1.5974359512329102,3.5,5.25,,17.100000381469727,1.149999976158142,10.949999809265137,6.300000190734863,,,2023-12-18,2023Q4
2023-12-19,46.70000076293945,10.699999809265137,10.550000190734863,9.399999618530273,15.4879789352417,,27.149999618530273,23.600000381469727,,10.5,15.800000190734863,,32.54999923706055,,,,,,18.100000381469727,29.549999237060547,,,18.590625762939453,7.800000190734863,,25.961679458618164,6.199999809265137,,23.700000762939453,20.299999237060547,,,13.850000381469727,17.799999237060547,,,17.5,33.150001525878906,5.150000095367432,,30.100000381469727,11.800000190734863,9.414999961853027,,11.149999618530273,20.899999618530273,,19.350000381469727,14.033332824707031,9.850000381469727,27.5,,,0.4000000059604645,,4.400000095367432,6.25,,20.049999237060547,3.1946799755096436,0.550000011920929,10.100000381469727,23.0,8.5,1.5499999523162842,,10.149999618530273,23.200000762939453,,,14.850000381469727,,28.700000762939453,26.450000762939453,,11.800000190734863,22.299999237060547,16.799999237060547,2.75,13.850000381469727,,26.450000762939453,,,3.575000047683716,2.0,,2.950000047683716,,6.949999809265137,,,18.649999618530273,7.550000190734863,,,25.0,24.25,17.799999237060547,,2.0,,17.600000381469727,,,10.550000190734863,16.5,21.299999237060547,,,,8.050000190734863,11.0,,,,,,21.299999237060547,10.949999809265137,7.699999809265137,,33.20000076293945,35.29999923706055,17.649999618530273,9.550000190734863,,18.950000762939453,12.316665649414062,24.25,,,,9.350000381469727,,21.649999618530273,4.650000095367432,26.149999618530273,,12.25,22.899999618530273,3.950000047683716,22.5285701751709,5.25,20.333332061767578,22.450000762939453,7.150000095367432,,,18.200000762939453,,20.850000381469727,24.850000381469727,18.75,,31.850000381469727,,31.899999618530273,,10.300000190734863,36.849998474121094,3.3499999046325684,16.299999237060547,,8.25,9.350000381469727,11.800000190734863,25.450000762939453,,17.399999618530273,9.850000381469727,1.149999976158142,,5.400000095367432,,,20.25,,,21.075000762939453,1.5231369733810425,3.75,5.150000095367432,,16.899999618530273,1.149999976158142,10.899999618530273,6.300000190734863,,,2023-12-19,2023Q4
2023-12-20,44.150001525878906,10.5,10.050000190734863,8.949999809265137,15.241018295288086,,24.200000762939453,23.149999618530273,,10.100000381469727,15.199999809265137,,31.950000762939453,,,,,,17.75,28.700000762939453,,,17.353124618530273,8.25,,24.85545539855957,6.099999904632568,,22.200000762939453,19.06999969482422,,,13.100000381469727,17.100000381469727,,,17.049999237060547,31.5,5.0,,27.100000381469727,11.25,9.414999961853027,,10.600000381469727,18.799999237060547,,18.5,13.333333015441895,9.350000381469727,26.149999618530273,,,0.4000000059604645,,4.0,6.150000095367432,,18.899999618530273,3.1537230014801025,0.550000011920929,9.649999618530273,21.850000381469727,8.399999618530273,1.5,,10.149999618530273,21.200000762939453,,,13.75,,26.75,24.850000381469727,,11.600000381469727,21.850000381469727,16.549999237060547,2.5999999046325684,12.5,,24.950000762939453,,,3.75,1.9500000476837158,,2.950000047683716,,6.599999904632568,,,17.049999237060547,7.400000095367432,,,23.850000381469727,23.799999237060547,16.799999237060547,,1.9500000476837158,,16.950000762939453,,,10.600000381469727,15.949999809265137,20.950000762939453,,,,7.400000095367432,10.800000190734863,,,,,,19.399999618530273,11.050000190734863,7.699999809265137,,31.299999237060547,32.70000076293945,16.350000381469727,9.149999618530273,,18.149999618530273,11.933333396911621,23.5,,,,8.899999618530273,,21.25,4.599999904632568,25.549999237060547,,11.930000305175781,26.600000381469727,3.799999952316284,21.216665267944336,5.199999809265137,20.0,21.350000381469727,7.0,,,17.950000762939453,,19.799999237060547,23.600000381469727,17.850000381469727,,29.100000381469727,,30.5,,9.899999618530273,33.650001525878906,3.299999952316284,15.199999809265137,,8.050000190734863,9.5,10.949999809265137,22.950000762939453,,17.049999237060547,9.350000381469727,1.100000023841858,,5.300000190734863,,,18.799999237060547,,,20.22249984741211,1.4859869480133057,3.799999952316284,4.900000095367432,,16.450000762939453,1.0499999523162842,10.649999618530273,6.199999809265137,,,2023-12-20,2023Q4
2023-12-21,44.25,10.699999809265137,9.550000190734863,9.0,15.523259162902832,,24.799999237060547,22.700000762939453,,10.25,15.850000381469727,,32.400001525878906,,,,,,17.399999618530273,29.100000381469727,,,17.943750381469727,8.899999618530273,,24.544330596923828,6.050000190734863,,22.899999618530273,19.3700008392334,,,13.949999809265137,17.049999237060547,,,17.350000381469727,30.799999237060547,5.150000095367432,,29.799999237060547,11.5,9.414999961853027,,10.449999809265137,19.649999618530273,,19.0,13.5,9.199999809265137,27.350000381469727,,,0.4000000059604645,,4.349999904632568,6.25,,19.25,3.112765073776245,0.550000011920929,9.899999618530273,22.600000381469727,8.0,1.4500000476837158,,10.350000381469727,21.649999618530273,,,14.0,,27.649999618530273,25.899999618530273,,11.399999618530273,21.450000762939453,16.25,2.6500000953674316,11.899999618530273,,25.5,,,3.799999952316284,2.049999952316284,,3.049999952316284,,6.449999809265137,,,17.850000381469727,7.349999904632568,,,24.149999618530273,23.350000381469727,16.899999618530273,,2.0,,16.649999618530273,,,11.149999618530273,15.25,20.149999618530273,,,,7.599999904632568,10.600000381469727,,,,,,20.200000762939453,11.449999809265137,8.449999809265137,,33.20000076293945,32.849998474121094,16.950000762939453,9.449999809265137,,18.950000762939453,12.0,23.600000381469727,,,,9.300000190734863,,20.850000381469727,4.550000190734863,25.399999618530273,,12.890000343322754,25.299999237060547,3.799999952316284,21.623809814453125,5.349999904632568,19.933332443237305,20.850000381469727,7.050000190734863,,,17.700000762939453,,20.0,23.649999618530273,18.25,,29.950000762939453,,31.700000762939453,,9.899999618530273,34.75,3.25,15.850000381469727,,8.399999618530273,9.75,11.600000381469727,23.700000762939453,,16.700000762939453,9.550000190734863,1.0499999523162842,,5.25,,,19.200000762939453,,,23.172500610351562,1.4488379955291748,4.099999904632568,5.0,,16.5,1.100000023841858,11.25,6.099999904632568,,,2023-12-21,2023Q4
2023-12-22,45.20000076293945,10.899999618530273,10.0,9.449999809265137,15.523259162902832,,25.25,23.100000381469727,,10.300000190734863,16.350000381469727,,31.799999237060547,,,,,,17.049999237060547,29.0,,,20.625,9.399999618530273,,24.509761810302734,6.0,,23.549999237060547,18.9950008392334,,,13.949999809265137,17.100000381469727,,,17.149999618530273,31.200000762939453,5.099999904632568,,32.75,11.25,9.414999961853027,,10.850000381469727,19.75,,18.600000381469727,13.666666030883789,8.949999809265137,26.0,,,0.4000000059604645,,4.25,6.150000095367432,,19.100000381469727,3.1537230014801025,0.550000011920929,9.899999618530273,22.350000381469727,8.399999618530273,1.399999976158142,,10.449999809265137,22.049999237060547,,,15.050000190734863,,27.75,25.75,,11.199999809265137,21.049999237060547,16.200000762939453,2.6500000953674316,12.300000190734863,,25.799999237060547,,,3.75,2.0,,3.049999952316284,,6.5,,,17.799999237060547,7.400000095367432,,,23.899999618530273,23.799999237060547,16.850000381469727,,2.0,,16.75,,,11.199999809265137,15.100000381469727,21.850000381469727,,,,7.849999904632568,10.399999618530273,,,,,,20.049999237060547,11.850000381469727,8.850000381469727,,33.04999923706055,33.400001525878906,17.049999237060547,9.649999618530273,,18.350000381469727,12.300000190734863,23.799999237060547,,,,9.149999618530273,,21.25,4.449999809265137,25.700000762939453,,13.600000381469727,25.950000762939453,3.950000047683716,21.985713958740234,5.349999904632568,20.5,21.0,7.0,,,18.0,,20.100000381469727,24.0,18.200000762939453,,29.399999618530273,,32.45000076293945,,10.100000381469727,35.5,3.200000047683716,16.149999618530273,,8.699999809265137,10.199999809265137,11.800000190734863,24.149999618530273,,16.399999618530273,9.300000190734863,1.0499999523162842,,5.349999904632568,,,19.299999237060547,,,24.860000610351562,1.4859869480133057,3.950000047683716,5.0,,16.5,1.100000023841858,11.199999809265137,6.199999809265137,,,2023-12-22,2023Q4
2023-12-26,45.04999923706055,11.100000381469727,10.5,9.5,15.911340713500977,,24.25,24.25,,10.800000190734863,17.149999618530273,,32.70000076293945,,,,,,16.700000762939453,30.399999618530273,,,19.912500381469727,9.449999809265137,,24.959163665771484,6.099999904632568,,22.899999618530273,19.2450008392334,,,13.899999618530273,17.149999618530273,,,17.149999618530273,30.799999237060547,5.349999904632568,,32.349998474121094,11.199999809265137,9.414999961853027,,10.899999618530273,19.350000381469727,,18.399999618530273,13.766666412353516,9.350000381469727,24.700000762939453,,,0.4000000059604645,,4.099999904632568,6.199999809265137,,19.100000381469727,3.235637903213501,0.6000000238418579,10.0,21.950000762939453,8.800000190734863,1.4500000476837158,,10.5,22.100000381469727,,,15.050000190734863,,28.399999618530273,26.399999618530273,,11.0,20.649999618530273,16.950000762939453,2.700000047683716,11.899999618530273,,25.600000381469727,,,3.799999952316284,2.0,,3.0,,6.300000190734863,,,18.5,7.400000095367432,,,24.450000762939453,23.350000381469727,16.899999618530273,,2.049999952316284,,16.799999237060547,,,12.25,15.75,21.100000381469727,,,,8.199999809265137,10.899999618530273,,,,,,19.950000762939453,12.100000381469727,9.25,,32.5,33.150001525878906,16.700000762939453,10.550000190734863,,18.200000762939453,12.300000190734863,23.799999237060547,,,,9.25,,22.049999237060547,4.5,25.549999237060547,,13.220000267028809,24.649999618530273,3.9000000953674316,23.25238037109375,5.449999809265137,20.266666412353516,20.850000381469727,6.900000095367432,,,18.0,,20.200000762939453,24.350000381469727,18.25,,29.299999237060547,,31.600000381469727,,10.699999809265137,36.70000076293945,3.1500000953674316,16.049999237060547,,9.100000381469727,10.600000381469727,14.149999618530273,24.0,,16.100000381469727,9.050000190734863,1.0499999523162842,,5.599999904632568,,,19.200000762939453,,,24.020000457763672,1.4488379955291748,3.799999952316284,4.949999809265137,,16.600000381469727,1.100000023841858,10.75,6.5,,,2023-12-26,2023Q4
2023-12-27,45.04999923706055,11.300000190734863,11.0,9.5,15.276297569274902,,24.450000762939453,25.450000762939453,,11.0,18.0,,30.850000381469727,,,,,,16.950000762939453,30.950000762939453,,,19.725000381469727,9.100000381469727,,24.475191116333008,6.199999809265137,,22.5,18.889999389648438,,,13.699999809265137,17.299999237060547,,,16.950000762939453,30.399999618530273,5.449999809265137,,32.75,11.300000190734863,9.414999961853027,,10.899999618530273,19.25,,18.850000381469727,13.666666030883789,9.350000381469727,25.899999618530273,,,0.4000000059604645,,4.099999904632568,6.5,,19.399999618530273,3.235637903213501,0.6499999761581421,9.899999618530273,21.700000762939453,9.050000190734863,1.399999976158142,,10.699999809265137,21.649999618530273,,,16.200000762939453,,27.799999237060547,26.049999237060547,,10.800000190734863,20.25,17.75,2.5999999046325684,11.699999809265137,,25.200000762939453,,,3.799999952316284,2.0,,3.0999999046325684,,6.599999904632568,,,18.149999618530273,7.349999904632568,,,24.450000762939453,23.049999237060547,17.149999618530273,,2.049999952316284,,17.5,,,12.5,15.75,21.450000762939453,,,,9.0,10.649999618530273,,,,,,19.649999618530273,12.300000190734863,9.699999809265137,,32.599998474121094,33.25,16.799999237060547,10.800000190734863,,17.5,12.050000190734863,23.600000381469727,,,,9.100000381469727,,21.100000381469727,4.550000190734863,26.0,,12.949999809265137,23.600000381469727,3.9000000953674316,22.483333587646484,5.349999904632568,20.566665649414062,20.899999618530273,7.0,,,18.149999618530273,,20.299999237060547,24.049999237060547,17.950000762939453,,29.450000762939453,,30.25,,10.699999809265137,35.349998474121094,3.0999999046325684,15.300000190734863,,9.550000190734863,10.300000190734863,15.149999618530273,23.350000381469727,,15.800000190734863,8.899999618530273,1.0,,5.849999904632568,,,18.850000381469727,,,23.795000076293945,1.4488379955291748,3.75,4.949999809265137,,16.649999618530273,1.100000023841858,10.850000381469727,6.599999904632568,,,2023-12-27,2023Q4
2023-12-28,45.54999923706055,11.5,11.550000190734863,9.5,15.064617156982422,,24.5,26.700000762939453,,11.550000190734863,18.899999618530273,,29.549999237060547,,,,,,16.700000762939453,31.0,,,19.162500381469727,9.050000190734863,,24.26777458190918,6.099999904632568,,22.399999618530273,19.610000610351562,,,13.800000190734863,17.200000762939453,,,16.600000381469727,30.350000381469727,5.449999809265137,,31.75,11.149999618530273,9.414999961853027,,10.75,18.5,,19.649999618530273,13.633333206176758,9.149999618530273,27.149999618530273,,,0.4000000059604645,,4.300000190734863,6.349999904632568,,19.100000381469727,3.1946799755096436,0.699999988079071,10.0,21.450000762939453,8.800000190734863,1.350000023841858,,10.850000381469727,21.25,,,15.949999809265137,,27.200000762939453,25.649999618530273,,10.75,20.25,18.600000381469727,2.5999999046325684,11.949999809265137,,26.399999618530273,,,3.625,2.0,,3.25,,6.75,,,17.850000381469727,7.300000190734863,,,24.549999237060547,23.5,16.799999237060547,,2.0,,17.399999618530273,,,12.550000190734863,15.600000381469727,20.600000381469727,,,,9.5,10.149999618530273,,,,,,19.149999618530273,12.699999809265137,10.149999618530273,,32.900001525878906,33.099998474121094,16.850000381469727,11.199999809265137,,16.649999618530273,12.050000190734863,23.549999237060547,,,,8.800000190734863,,20.399999618530273,4.599999904632568,27.25,,13.180000305175781,24.75,3.950000047683716,22.302379608154297,5.25,20.399999618530273,20.25,7.099999904632568,,,18.049999237060547,,20.75,23.850000381469727,17.100000381469727,,29.700000762939453,,29.899999618530273,,10.5,34.45000076293945,3.049999952316284,15.350000381469727,,10.0,10.100000381469727,14.850000381469727,22.899999618530273,,15.5,8.649999618530273,1.0499999523162842,,6.099999904632568,,,18.850000381469727,,,23.885000228881836,1.4488379955291748,3.75,4.949999809265137,,16.5,1.100000023841858,10.699999809265137,6.300000190734863,,,2023-12-28,2023Q4
2023-12-29,48.95000076293945,11.699999809265137,11.5,9.649999618530273,15.4879789352417,,24.950000762939453,28.0,,12.100000381469727,18.350000381469727,,29.950000762939453,,,,,,17.0,32.45000076293945,,,19.3125,8.850000381469727,,25.823400497436523,6.099999904632568,,22.149999618530273,19.735000610351562,,,13.75,17.100000381469727,,,16.899999618530273,30.299999237060547,5.349999904632568,,31.549999237060547,11.25,9.414999961853027,,10.800000190734863,18.299999237060547,,19.549999237060547,13.649999618530273,9.149999618530273,26.700000762939453,,,0.4000000059604645,,4.150000095367432,6.349999904632568,,19.25,3.235637903213501,0.6499999761581421,9.899999618530273,21.799999237060547,8.899999618530273,1.2999999523162842,,10.850000381469727,21.200000762939453,,,15.399999618530273,,26.950000762939453,25.450000762939453,,10.550000190734863,20.399999618530273,18.200000762939453,2.5999999046325684,11.800000190734863,,25.450000762939453,,,3.7249999046325684,2.0,,3.4000000953674316,,6.75,,,18.0,7.400000095367432,,,24.299999237060547,23.049999237060547,16.549999237060547,,2.049999952316284,,17.399999618530273,,,12.899999618530273,15.550000190734863,22.25,,,,9.050000190734863,10.649999618530273,,,,,,19.399999618530273,13.050000190734863,9.649999618530273,,32.400001525878906,33.95000076293945,17.100000381469727,10.550000190734863,,17.5,12.0,23.700000762939453,,,,9.0,,21.399999618530273,4.650000095367432,27.049999237060547,,13.149999618530273,24.299999237060547,3.950000047683716,25.55952262878418,5.449999809265137,20.0,20.299999237060547,7.0,,,17.799999237060547,,20.600000381469727,24.0,16.850000381469727,,27.0,,31.200000762939453,,10.449999809265137,33.95000076293945,3.0,15.449999809265137,,10.5,9.899999618530273,15.050000190734863,23.049999237060547,,15.199999809265137,9.050000190734863,1.100000023841858,,6.199999809265137,,,18.950000762939453,,,23.6924991607666,1.411687970161438,3.6500000953674316,4.949999809265137,,16.600000381469727,1.100000023841858,10.649999618530273,6.550000190734863,,,2023-12-29,2023Q4
2024-01-01,52.5,12.25,12.050000190734863,9.600000381469727,16.228862762451172,,24.850000381469727,29.399999618530273,,12.449999809265137,19.100000381469727,,30.0,,,,,,17.299999237060547,33.349998474121094,,,20.137500762939453,9.199999809265137,,25.477706909179688,6.400000095367432,,22.399999618530273,19.795000076293945,,,14.300000190734863,17.149999618530273,,,17.700000762939453,31.0,5.300000190734863,,30.799999237060547,11.050000190734863,9.414999961853027,,11.300000190734863,19.350000381469727,,19.549999237060547,14.316665649414062,9.600000381469727,27.25,,,0.4000000059604645,,4.25,6.400000095367432,,19.399999618530273,3.235637903213501,0.6499999761581421,9.899999618530273,22.850000381469727,10.649999618530273,1.350000023841858,,11.050000190734863,21.649999618530273,,,15.300000190734863,,28.700000762939453,25.950000762939453,,10.5,20.799999237060547,18.0,2.6500000953674316,11.949999809265137,,25.25,,,3.9000000953674316,2.0,,3.549999952316284,,6.699999809265137,,,19.0,7.699999809265137,,,25.299999237060547,23.5,16.649999618530273,,2.0999999046325684,,17.399999618530273,,,14.149999618530273,16.0,22.049999237060547,,,,8.899999618530273,11.149999618530273,,,,,,20.799999237060547,13.550000190734863,10.100000381469727,,33.5,33.79999923706055,17.149999618530273,12.600000381469727,,18.299999237060547,12.100000381469727,23.850000381469727,,,,9.199999809265137,,21.799999237060547,4.849999904632568,29.200000762939453,,13.359999656677246,24.5,3.9000000953674316,30.671428680419922,5.849999904632568,20.0,21.299999237060547,6.900000095367432,,,17.899999618530273,,20.649999618530273,24.450000762939453,17.200000762939453,,25.700000762939453,,35.70000076293945,,10.449999809265137,34.650001525878906,2.950000047683716,16.0,,10.300000190734863,9.699999809265137,15.75,23.299999237060547,,14.899999618530273,9.5,1.149999976158142,,5.900000095367432,,,19.200000762939453,,,23.767499923706055,1.4488379955291748,3.700000047683716,4.949999809265137,,16.850000381469727,1.100000023841858,11.149999618530273,6.849999904632568,,,2024-01-01,2024Q1
2024-01-02,56.650001525878906,12.850000381469727,11.800000190734863,10.050000190734863,16.334701538085938,,24.299999237060547,30.850000381469727,,12.25,18.600000381469727,,29.700000762939453,,,,,,17.600000381469727,33.75,,,20.25,11.0,,25.477706909179688,6.449999809265137,,22.25,20.03499984741211,,,14.300000190734863,17.600000381469727,,,17.549999237060547,30.75,5.25,,31.0,11.100000381469727,9.414999961853027,,11.399999618530273,19.100000381469727,,19.149999618530273,14.983332633972168,10.050000190734863,26.600000381469727,,,0.4000000059604645,,4.25,6.599999904632568,,19.450000762939453,3.1946799755096436,0.699999988079071,9.949999809265137,22.549999237060547,12.75,1.399999976158142,,11.25,21.899999618530273,,,15.050000190734863,,28.799999237060547,28.549999237060547,,10.699999809265137,21.200000762939453,18.149999618530273,2.700000047683716,12.100000381469727,,26.049999237060547,,,4.0,2.0,,3.700000047683716,,6.800000190734863,,,19.200000762939453,7.900000095367432,,,25.700000762939453,23.5,16.5,,2.200000047683716,,17.399999618530273,,,14.850000381469727,16.700000762939453,22.299999237060547,,,,9.050000190734863,11.699999809265137,,,,,,21.299999237060547,13.449999809265137,10.600000381469727,,33.0,34.400001525878906,17.0,13.649999618530273,,20.25,12.433333396911621,23.600000381469727,,,,9.300000190734863,,22.450000762939453,5.050000190734863,30.850000381469727,,13.359999656677246,24.399999618530273,3.9000000953674316,36.77857208251953,6.0,19.766666412353516,22.350000381469727,6.800000190734863,,,17.899999618530273,,20.649999618530273,24.600000381469727,16.75,,26.0,,33.95000076293945,,10.550000190734863,34.150001525878906,2.9000000953674316,16.0,,10.100000381469727,9.5,15.949999809265137,23.399999618530273,,14.600000381469727,9.449999809265137,1.2000000476837158,,6.0,,,19.200000762939453,,,22.90999984741211,1.4859869480133057,3.75,5.199999809265137,,16.75,1.100000023841858,11.199999809265137,7.150000095367432,,,2024-01-02,2024Q1
2024-01-03,55.54999923706055,13.449999809265137,11.600000381469727,10.550000190734863,16.264141082763672,,24.850000381469727,32.349998474121094,,13.75,19.049999237060547,,29.049999237060547,,,,,,17.950000762939453,34.95000076293945,,,20.512500762939453,13.199999809265137,,24.820886611938477,6.699999809265137,,22.5,19.594999313354492,,,14.25,17.799999237060547,,,17.399999618530273,31.100000381469727,5.5,,31.100000381469727,11.25,9.414999961853027,,11.449999809265137,18.850000381469727,,18.899999618530273,14.833333015441895,10.550000190734863,26.299999237060547,,,0.44999998807907104,,4.25,6.5,,19.5,3.3175530433654785,0.699999988079071,9.949999809265137,22.25,14.0,1.4500000476837158,,11.449999809265137,21.950000762939453,,,15.75,,28.549999237060547,28.25,,10.899999618530273,21.600000381469727,18.100000381469727,2.75,11.850000381469727,,26.5,,,4.0,1.9500000476837158,,3.8499999046325684,,6.849999904632568,,,18.950000762939453,7.699999809265137,,,25.5,23.5,16.399999618530273,,2.200000047683716,,17.399999618530273,,,14.649999618530273,16.0,22.850000381469727,,,,9.100000381469727,12.25,,,,,,21.200000762939453,13.100000381469727,11.100000381469727,,32.900001525878906,34.5,17.299999237060547,14.75,,19.850000381469727,12.566665649414062,23.600000381469727,,,,9.5,,22.049999237060547,5.300000190734863,36.849998474121094,,13.520000457763672,24.100000381469727,3.9000000953674316,33.43095016479492,5.849999904632568,19.633333206176758,22.049999237060547,6.900000095367432,,,17.899999618530273,,21.549999237060547,24.350000381469727,17.200000762939453,,25.700000762939453,,33.79999923706055,,11.100000381469727,33.95000076293945,2.950000047683716,15.850000381469727,,9.899999618530273,9.600000381469727,15.75,23.100000381469727,,14.300000190734863,9.75,1.25,,6.099999904632568,,,19.549999237060547,,,22.700000762939453,1.5602869987487793,3.9000000953674316,5.150000095367432,,16.799999237060547,1.100000023841858,11.25,7.5,,,2024-01-03,2024Q1
2024-01-04,55.150001525878906,14.100000381469727,11.399999618530273,11.050000190734863,17.075584411621094,,24.25,31.700000762939453,,14.699999809265137,19.299999237060547,,29.899999618530273,,,,,,18.299999237060547,35.0,,,20.625,14.5,,25.097442626953125,7.0,,22.950000762939453,19.545000076293945,,,15.649999618530273,18.149999618530273,,,17.950000762939453,32.650001525878906,5.75,,31.049999237060547,11.399999618530273,9.414999961853027,,10.899999618530273,19.5,,18.950000762939453,14.883333206176758,11.050000190734863,26.350000381469727,,,0.5,,4.599999904632568,6.800000190734863,,19.450000762939453,3.481381893157959,0.6499999761581421,10.300000190734863,23.350000381469727,15.399999618530273,1.5,,11.649999618530273,22.700000762939453,,,16.700000762939453,,28.450000762939453,28.100000381469727,,11.100000381469727,22.0,18.950000762939453,3.299999952316284,11.949999809265137,,26.299999237060547,,,4.099999904632568,2.0999999046325684,,4.0,,6.800000190734863,,,18.799999237060547,7.800000190734863,,,25.950000762939453,23.950000762939453,16.549999237060547,,2.25,,18.049999237060547,,,14.0,16.649999618530273,22.799999237060547,,,,9.050000190734863,12.850000381469727,,,,,,21.799999237060547,13.100000381469727,11.649999618530273,,32.849998474121094,37.75,17.75,17.700000762939453,,19.549999237060547,12.633333206176758,23.649999618530273,,,,9.949999809265137,,22.899999618530273,5.550000190734863,35.599998474121094,,14.6899995803833,24.25,3.950000047683716,34.47142791748047,6.0,20.066665649414062,22.049999237060547,7.0,,,19.100000381469727,,22.100000381469727,24.799999237060547,17.899999618530273,,25.0,,34.099998474121094,,13.300000190734863,34.04999923706055,3.0,16.0,,9.699999809265137,9.399999618530273,15.75,23.600000381469727,,14.050000190734863,9.699999809265137,1.2000000476837158,,6.150000095367432,,,21.549999237060547,,,23.227500915527344,1.634585976600647,4.050000190734863,5.800000190734863,,17.049999237060547,1.2000000476837158,11.600000381469727,7.849999904632568,,,2024-01-04,2024Q1
2024-01-05,53.650001525878906,14.25,11.199999809265137,11.199999809265137,16.969745635986328,,24.600000381469727,31.100000381469727,,14.399999618530273,20.049999237060547,,29.950000762939453,,,,,,18.649999618530273,34.75,,,21.899999618530273,14.350000381469727,,25.71969223022461,7.050000190734863,,22.799999237060547,19.03499984741211,,,15.949999809265137,18.299999237060547,,,17.950000762939453,32.75,6.0,,30.899999618530273,11.350000381469727,9.414999961853027,,11.149999618530273,21.649999618530273,,19.0,14.783332824707031,11.600000381469727,26.700000762939453,,,0.5,,4.550000190734863,7.099999904632568,,19.700000762939453,3.645211935043335,0.6499999761581421,10.800000190734863,23.5,16.899999618530273,1.5499999523162842,,11.850000381469727,23.25,,,16.600000381469727,,27.700000762939453,28.399999618530273,,11.300000190734863,22.399999618530273,19.350000381469727,3.25,11.949999809265137,,26.0,,,4.275000095367432,2.299999952316284,,4.199999809265137,,6.849999904632568,,,19.149999618530273,7.849999904632568,,,25.799999237060547,24.399999618530273,16.600000381469727,,2.299999952316284,,18.600000381469727,,,13.75,16.799999237060547,22.899999618530273,,,,9.149999618530273,12.600000381469727,,,,,,21.399999618530273,13.399999618530273,12.199999809265137,,34.29999923706055,36.900001525878906,17.75,19.450000762939453,,19.25,12.649999618530273,23.700000762939453,,,,10.399999618530273,,23.950000762939453,5.800000190734863,34.45000076293945,,14.649999618530273,25.399999618530273,4.050000190734863,32.75238037109375,5.900000095367432,19.866666793823242,21.950000762939453,7.050000190734863,,,19.100000381469727,,23.850000381469727,25.450000762939453,18.0,,24.649999618530273,,34.400001525878906,,13.100000381469727,39.04999923706055,2.950000047683716,16.100000381469727,,9.5,9.25,15.649999618530273,23.700000762939453,,14.300000190734863,9.899999618530273,1.2000000476837158,,6.449999809265137,,,21.399999618530273,,,24.387500762939453,1.634585976600647,4.150000095367432,5.900000095367432,,16.950000762939453,1.25,12.75,8.199999809265137,,,2024-01-05,2024Q1
2024-01-08,54.099998474121094,14.449999809265137,11.0,11.75,16.899185180664062,,24.549999237060547,30.5,,14.399999618530273,20.700000762939453,,30.5,,,,,,19.0,34.29999923706055,,,24.862499237060547,14.600000381469727,,24.959163665771484,7.150000095367432,,22.899999618530273,19.729999542236328,,,15.800000190734863,18.149999618530273,,,17.649999618530273,32.5,5.75,,30.950000762939453,11.25,9.414999961853027,,10.600000381469727,23.049999237060547,,19.0,15.516666412353516,12.149999618530273,26.75,,,0.5,,4.550000190734863,7.449999809265137,,19.75,3.809041976928711,0.6000000238418579,11.300000190734863,24.049999237060547,17.700000762939453,1.600000023841858,,12.050000190734863,24.799999237060547,,,17.899999618530273,,28.649999618530273,31.200000762939453,,11.5,22.799999237060547,18.450000762939453,3.8499999046325684,12.050000190734863,,25.799999237060547,,,4.474999904632568,2.5,,4.400000095367432,,6.800000190734863,,,19.75,7.800000190734863,,,27.100000381469727,24.0,16.899999618530273,,2.299999952316284,,18.399999618530273,,,13.800000190734863,17.600000381469727,22.850000381469727,,,,9.399999618530273,12.350000381469727,,,,,,21.100000381469727,13.199999809265137,12.800000190734863,,35.45000076293945,35.70000076293945,19.399999618530273,18.799999237060547,,19.649999618530273,12.5,23.649999618530273,,,,10.899999618530273,,23.0,6.050000190734863,32.79999923706055,,14.40999984741211,25.549999237060547,4.25,31.123809814453125,6.0,20.366666793823242,21.799999237060547,7.150000095367432,,,18.799999237060547,,28.600000381469727,25.899999618530273,17.649999618530273,,26.399999618530273,,34.54999923706055,,13.0,41.400001525878906,2.9000000953674316,16.450000762939453,,9.350000381469727,9.100000381469727,17.75,23.850000381469727,,14.550000190734863,10.350000381469727,1.2000000476837158,,6.199999809265137,,,21.899999618530273,,,29.239999771118164,1.7088849544525146,4.349999904632568,6.650000095367432,,16.899999618530273,1.25,14.0,8.350000381469727,,,2024-01-08,2024Q1
2024-01-09,54.79999923706055,15.149999618530273,10.800000190734863,12.300000190734863,16.899185180664062,,24.549999237060547,31.100000381469727,,14.449999809265137,20.950000762939453,,30.25,,,,,,19.350000381469727,33.650001525878906,,,24.037500381469727,14.050000190734863,,24.959163665771484,7.150000095367432,,22.799999237060547,19.895000457763672,,,15.699999809265137,18.25,,,17.549999237060547,32.04999923706055,6.0,,31.049999237060547,11.350000381469727,9.414999961853027,,10.100000381469727,22.0,,19.049999237060547,16.28333282470703,12.050000190734863,26.799999237060547,,,0.5,,4.550000190734863,7.800000190734863,,20.600000381469727,3.972872018814087,0.6499999761581421,11.850000381469727,24.950000762939453,18.549999237060547,1.649999976158142,,12.25,24.100000381469727,,,16.899999618530273,,28.700000762939453,30.149999618530273,,11.699999809265137,23.25,18.149999618530273,3.5,12.100000381469727,,26.100000381469727,,,4.275000095367432,2.5999999046325684,,4.599999904632568,,7.099999904632568,,,19.549999237060547,7.800000190734863,,,27.049999237060547,23.549999237060547,18.549999237060547,,2.299999952316284,,18.549999237060547,,,13.850000381469727,17.600000381469727,22.850000381469727,,,,9.300000190734863,12.100000381469727,,,,,,21.25,13.100000381469727,13.399999618530273,,34.599998474121094,36.0,18.700000762939453,17.899999618530273,,20.350000381469727,12.433333396911621,23.700000762939453,,,,10.899999618530273,,22.75,6.349999904632568,33.20000076293945,,14.359999656677246,25.200000762939453,4.449999809265137,29.58571434020996,6.449999809265137,20.266666412353516,22.850000381469727,7.25,,,18.700000762939453,,26.75,25.600000381469727,17.649999618530273,,26.700000762939453,,34.650001525878906,,12.699999809265137,41.25,2.9000000953674316,16.450000762939453,,9.199999809265137,9.100000381469727,17.450000762939453,25.299999237060547,,14.800000190734863,10.850000381469727,1.2000000476837158,,6.050000190734863,,,21.0,,,30.487499237060547,1.7831850051879883,4.199999809265137,6.400000095367432,,16.899999618530273,1.5,13.300000190734863,8.5,,,2024-01-09,2024Q1
2024-01-10,53.0,14.850000381469727,10.600000381469727,12.649999618530273,17.604787826538086,,24.899999618530273,31.149999618530273,,14.199999809265137,21.5,,30.200000762939453,,,,,,19.700000762939453,33.95000076293945,,,23.700000762939453,13.350000381469727,,29.93716812133789,7.5,,22.600000381469727,20.135000228881836,,,15.449999809265137,18.200000762939453,,,17.049999237060547,31.25,5.75,,31.299999237060547,11.300000190734863,9.414999961853027,,9.649999618530273,23.799999237060547,,19.0,17.083332061767578,11.649999618530273,27.049999237060547,,,0.44999998807907104,,4.449999809265137,8.149999618530273,,20.350000381469727,3.8909571170806885,0.6499999761581421,12.350000381469727,24.25,17.649999618530273,1.7000000476837158,,12.449999809265137,24.899999618530273,,,17.25,,29.5,31.899999618530273,,11.899999618530273,23.700000762939453,18.450000762939453,3.4000000953674316,11.899999618530273,,25.950000762939453,,,4.224999904632568,2.5,,4.800000190734863,,7.25,,,20.049999237060547,8.149999618530273,,,26.850000381469727,23.450000762939453,20.399999618530273,,2.3499999046325684,,18.649999618530273,,,13.399999618530273,17.450000762939453,22.350000381469727,,,,9.300000190734863,12.100000381469727,,,,,,21.049999237060547,13.850000381469727,14.050000190734863,,33.5,38.650001525878906,20.5,17.0,,19.950000762939453,12.516666412353516,23.649999618530273,,,,11.399999618530273,,23.149999618530273,6.449999809265137,34.349998474121094,,14.079999923706055,25.049999237060547,4.650000095367432,31.03333282470703,7.0,20.700000762939453,22.799999237060547,7.349999904632568,,,18.950000762939453,,26.799999237060547,25.549999237060547,17.899999618530273,,27.200000762939453,,35.400001525878906,,13.149999618530273,42.099998474121094,2.950000047683716,16.350000381469727,,9.050000190734863,8.949999809265137,16.600000381469727,26.100000381469727,,15.050000190734863,11.350000381469727,1.149999976158142,,6.099999904632568,,,21.350000381469727,,,30.752500534057617,1.857483983039856,4.199999809265137,6.550000190734863,,16.850000381469727,1.7999999523162842,13.850000381469727,8.649999618530273,,,2024-01-10,2024Q1
2024-01-11,52.04999923706055,14.550000190734863,10.399999618530273,12.75,18.45151138305664,,24.549999237060547,30.549999237060547,,13.5,22.5,,30.0,,,,,,20.049999237060547,36.04999923706055,,,23.774999618530273,12.75,,28.277833938598633,7.849999904632568,,22.950000762939453,20.43000030517578,,,15.449999809265137,17.950000762939453,,,17.049999237060547,31.350000381469727,5.650000095367432,,31.450000762939453,11.850000381469727,9.414999961853027,,9.649999618530273,23.799999237060547,,19.049999237060547,17.933332443237305,11.300000190734863,26.75,,,0.5,,4.449999809265137,8.550000190734863,,20.450000762939453,3.809041976928711,0.6499999761581421,12.100000381469727,23.950000762939453,16.799999237060547,1.75,,12.649999618530273,24.649999618530273,,,17.25,,30.450000762939453,33.45000076293945,,12.100000381469727,24.149999618530273,18.649999618530273,3.25,11.899999618530273,,28.5,,,4.150000095367432,2.4000000953674316,,5.0,,7.150000095367432,,,20.100000381469727,8.550000190734863,,,32.20000076293945,23.899999618530273,22.299999237060547,,2.3499999046325684,,20.5,,,13.5,18.299999237060547,23.100000381469727,,,,9.5,11.850000381469727,,,,,,21.0,14.0,14.75,,33.79999923706055,38.29999923706055,20.399999618530273,16.149999618530273,,19.700000762939453,13.550000190734863,23.649999618530273,,,,10.850000381469727,,22.75,6.550000190734863,33.45000076293945,,14.279999732971191,25.350000381469727,4.449999809265137,30.626190185546875,7.25,21.333332061767578,23.450000762939453,7.449999809265137,,,20.600000381469727,,26.0,25.399999618530273,18.75,,26.149999618530273,,36.04999923706055,,13.0,41.20000076293945,3.0,16.100000381469727,,8.899999618530273,9.0,16.549999237060547,25.350000381469727,,15.350000381469727,11.899999618530273,1.149999976158142,,6.050000190734863,,,21.399999618530273,,,29.799999237060547,1.9317840337753296,4.25,6.599999904632568,,17.100000381469727,1.9500000476837158,14.5,8.5,,,2024-01-11,2024Q1
2024-01-12,55.0,14.25,10.199999809265137,12.899999618530273,19.333513259887695,,24.549999237060547,29.950000762939453,,13.699999809265137,23.600000381469727,,30.5,,,,,,20.450000762939453,36.599998474121094,,,23.737499237060547,13.100000381469727,,27.690153121948242,8.199999809265137,,22.850000381469727,21.145000457763672,,,15.449999809265137,18.149999618530273,,,17.200000762939453,32.150001525878906,5.550000190734863,,31.049999237060547,12.399999618530273,9.414999961853027,,10.050000190734863,22.799999237060547,,19.200000762939453,17.583332061767578,11.399999618530273,27.049999237060547,,,0.550000011920929,,4.849999904632568,8.949999809265137,,20.5,3.7271270751953125,0.6499999761581421,11.850000381469727,23.799999237060547,16.25,1.7999999523162842,,12.899999618530273,24.100000381469727,,,16.950000762939453,,30.549999237060547,32.400001525878906,,12.25,24.149999618530273,18.899999618530273,3.200000047683716,12.300000190734863,,28.950000762939453,,,3.9749999046325684,2.299999952316284,,5.25,,7.050000190734863,,,19.649999618530273,8.949999809265137,,,30.049999237060547,24.350000381469727,21.25,,2.3499999046325684,,22.0,,,13.350000381469727,18.899999618530273,23.149999618530273,,,,9.399999618530273,11.800000190734863,,,,,,20.549999237060547,14.050000190734863,15.449999809265137,,33.79999923706055,41.25,20.600000381469727,15.350000381469727,,19.350000381469727,13.0,23.600000381469727,,,,10.850000381469727,,22.100000381469727,6.449999809265137,32.650001525878906,,14.449999809265137,24.950000762939453,4.449999809265137,29.676189422607422,7.199999809265137,20.733333587646484,23.5,7.550000190734863,,,20.149999618530273,,25.850000381469727,25.850000381469727,19.5,,27.200000762939453,,35.900001525878906,,12.800000190734863,39.79999923706055,3.0,16.299999237060547,,8.75,9.149999618530273,16.350000381469727,27.600000381469727,,15.649999618530273,11.300000190734863,1.149999976158142,,6.199999809265137,,,22.299999237060547,,,28.989999771118164,2.0060830116271973,4.150000095367432,6.449999809265137,,17.049999237060547,1.75,15.199999809265137,8.350000381469727,,,2024-01-12,2024Q1
2024-01-15,55.0,14.199999809265137,10.199999809265137,12.899999618530273,19.368793487548828,,24.549999237060547,29.950000762939453,,13.449999809265137,23.149999618530273,,30.950000762939453,,,,,,20.450000762939453,38.150001525878906,,,23.737499237060547,13.449999809265137,,29.902599334716797,9.0,,22.549999237060547,21.145000457763672,,,16.049999237060547,18.200000762939453,,,18.049999237060547,33.0,5.449999809265137,,31.649999618530273,12.399999618530273,9.414999961853027,,10.050000190734863,21.0,,19.399999618530273,17.583332061767578,11.949999809265137,26.75,,,0.550000011920929,,5.300000190734863,8.949999809265137,,20.450000762939453,3.7271270751953125,0.6499999761581421,11.850000381469727,23.450000762939453,15.449999809265137,1.850000023841858,,12.899999618530273,24.549999237060547,,,16.950000762939453,,30.25,31.700000762939453,,12.25,24.600000381469727,18.950000762939453,3.200000047683716,12.25,,28.25,,,4.150000095367432,2.299999952316284,,5.5,,6.949999809265137,,,19.100000381469727,8.75,,,31.0,25.0,21.25,,2.3499999046325684,,22.799999237060547,,,13.050000190734863,18.299999237060547,23.149999618530273,,,,9.850000381469727,11.800000190734863,,,,,,20.350000381469727,13.699999809265137,14.699999809265137,,33.79999923706055,41.25,21.25,15.350000381469727,,19.950000762939453,13.399999618530273,23.450000762939453,,,,10.75,,23.100000381469727,6.349999904632568,33.400001525878906,,14.550000190734863,25.100000381469727,4.400000095367432,28.907142639160156,7.199999809265137,20.733333587646484,23.5,7.900000095367432,,,20.149999618530273,,25.450000762939453,27.100000381469727,19.5,,27.200000762939453,,36.25,,12.649999618530273,39.79999923706055,2.950000047683716,16.0,,8.75,9.149999618530273,16.350000381469727,29.549999237060547,,16.399999618530273,10.75,1.2000000476837158,,6.25,,,21.700000762939453,,,31.887500762939453,1.9689329862594604,4.25,6.449999809265137,,16.850000381469727,1.7000000476837158,15.199999809265137,8.199999809265137,,,2024-01-15,2024Q1
2024-01-16,54.20000076293945,13.949999809265137,9.899999618530273,12.300000190734863,20.144956588745117,,23.700000762939453,28.799999237060547,,12.800000190734863,22.700000762939453,,31.200000762939453,,,,,,21.25,38.099998474121094,,,23.024999618530273,13.149999618530273,,27.96670913696289,8.449999809265137,,22.0,20.084999084472656,,,15.75,18.299999237060547,,,18.149999618530273,32.349998474121094,5.349999904632568,,31.549999237060547,11.5,9.414999961853027,,9.350000381469727,21.25,,19.100000381469727,16.899999618530273,12.399999618530273,26.149999618530273,,,0.5,,5.099999904632568,9.800000190734863,,20.299999237060547,3.604254961013794,0.6499999761581421,11.449999809265137,22.850000381469727,14.699999809265137,1.75,,13.399999618530273,23.850000381469727,,,17.149999618530273,,29.299999237060547,30.350000381469727,,12.649999618530273,25.049999237060547,18.75,3.049999952316284,12.050000190734863,,27.25,,,4.349999904632568,2.299999952316284,,5.25,,6.800000190734863,,,18.450000762939453,8.399999618530273,,,29.649999618530273,24.149999618530273,20.450000762939453,,2.299999952316284,,21.899999618530273,,,13.399999618530273,17.649999618530273,22.549999237060547,,,,10.300000190734863,12.0,,,,,,20.0,13.25,14.0,,32.900001525878906,38.04999923706055,20.25,16.899999618530273,,19.549999237060547,13.133333206176758,23.350000381469727,,,,10.350000381469727,,21.950000762939453,6.25,32.599998474121094,,13.800000190734863,24.649999618530273,4.349999904632568,28.2738094329834,7.0,24.433332443237305,21.950000762939453,8.25,,,19.350000381469727,,25.200000762939453,27.450000762939453,18.700000762939453,,26.450000762939453,,34.650001525878906,,12.25,37.54999923706055,2.9000000953674316,15.649999618530273,,8.449999809265137,9.0,15.600000381469727,29.149999618530273,,17.049999237060547,10.699999809265137,1.2000000476837158,,6.150000095367432,,,21.149999618530273,,,31.344999313354492,1.8946340084075928,4.050000190734863,6.650000095367432,,16.75,1.649999976158142,14.800000190734863,8.050000190734863,,,2024-01-16,2024Q1
2024-01-17,53.599998474121094,13.699999809265137,9.949999809265137,12.899999618530273,21.132801055908203,,23.649999618530273,28.25,,12.25,22.25,,31.200000762939453,,,,,,21.649999618530273,36.099998474121094,,,22.799999237060547,12.800000190734863,,27.932138442993164,8.850000381469727,,22.25,21.434999465942383,,,15.350000381469727,17.950000762939453,,,18.0,31.75,5.25,,32.04999923706055,11.550000190734863,9.414999961853027,,9.350000381469727,20.450000762939453,,18.899999618530273,16.799999237060547,12.0,25.200000762939453,,,0.5,,5.099999904632568,10.25,,20.049999237060547,3.5632970333099365,0.6499999761581421,11.25,22.75,14.0,1.7000000476837158,,13.649999618530273,23.799999237060547,,,16.899999618530273,,29.100000381469727,30.200000762939453,,12.399999618530273,24.549999237060547,18.0,2.950000047683716,11.850000381469727,,26.75,,,4.150000095367432,2.299999952316284,,5.0,,6.75,,,18.100000381469727,8.25,,,28.75,23.450000762939453,20.75,,2.25,,20.950000762939453,,,13.199999809265137,18.049999237060547,22.299999237060547,,,,9.800000190734863,11.800000190734863,,,,,,19.600000381469727,13.050000190734863,13.75,,32.150001525878906,37.650001525878906,20.450000762939453,16.350000381469727,,19.149999618530273,12.916666030883789,23.100000381469727,,,,10.399999618530273,,20.850000381469727,6.150000095367432,32.25,,13.380000114440918,24.100000381469727,4.349999904632568,28.2738094329834,7.150000095367432,24.566665649414062,21.549999237060547,8.0,,,19.049999237060547,,24.350000381469727,26.450000762939453,19.0,,25.600000381469727,,33.70000076293945,,12.350000381469727,36.849998474121094,2.8499999046325684,15.800000190734863,,8.300000190734863,9.0,15.300000190734863,28.299999237060547,,16.200000762939453,10.25,1.2000000476837158,,6.0,,,20.649999618530273,,,34.477500915527344,1.8203339576721191,3.950000047683716,6.599999904632568,,16.649999618530273,1.600000023841858,14.100000381469727,7.900000095367432,,,2024-01-17,2024Q1
2024-01-18,52.95000076293945,13.449999809265137,9.899999618530273,13.5,20.780000686645508,,23.649999618530273,28.5,,12.850000381469727,21.799999237060547,,30.75,,,,,,22.049999237060547,36.04999923706055,,,22.3125,13.100000381469727,,28.03584861755371,8.800000190734863,,22.350000381469727,21.81999969482422,,,15.300000190734863,17.950000762939453,,,18.0,31.850000381469727,5.300000190734863,,30.649999618530273,11.449999809265137,9.414999961853027,,9.350000381469727,21.200000762939453,,18.950000762939453,17.133333206176758,11.550000190734863,25.299999237060547,,,0.5,,5.150000095367432,10.75,,19.700000762939453,3.5223400592803955,0.6000000238418579,11.050000190734863,22.850000381469727,14.550000190734863,1.649999976158142,,13.800000190734863,23.850000381469727,,,16.549999237060547,,29.149999618530273,30.299999237060547,,12.149999618530273,24.049999237060547,18.049999237060547,3.049999952316284,11.800000190734863,,27.200000762939453,,,4.150000095367432,2.25,,4.75,,6.75,,,18.799999237060547,8.399999618530273,,,28.799999237060547,22.850000381469727,20.25,,2.25,,20.049999237060547,,,13.850000381469727,18.700000762939453,22.5,,,,9.850000381469727,11.899999618530273,,,,,,20.649999618530273,12.949999809265137,13.5,,34.349998474121094,40.04999923706055,20.950000762939453,16.649999618530273,,19.200000762939453,12.933333396911621,23.100000381469727,,,,10.5,,21.350000381469727,6.050000190734863,32.70000076293945,,14.09000015258789,25.299999237060547,4.25,28.36428451538086,6.849999904632568,23.933332443237305,22.149999618530273,8.399999618530273,,,20.149999618530273,,25.350000381469727,26.549999237060547,19.299999237060547,,25.25,,33.20000076293945,,12.25,37.04999923706055,2.799999952316284,16.0,,8.149999618530273,9.100000381469727,15.300000190734863,29.200000762939453,,16.25,10.100000381469727,1.2000000476837158,,6.099999904632568,,,21.200000762939453,,,37.92499923706055,1.8946340084075928,4.050000190734863,6.599999904632568,,16.5,1.5499999523162842,13.399999618530273,7.949999809265137,,,2024-01-18,2024Q1
2024-01-19,54.0,13.5,9.699999809265137,14.149999618530273,20.649999618530273,,23.5,29.049999237060547,,12.899999618530273,21.399999618530273,,31.200000762939453,,,,,,22.450000762939453,38.0,,,21.375,13.050000190734863,,29.038362503051758,8.75,,26.799999237060547,21.790000915527344,,,15.850000381469727,17.950000762939453,,,17.899999618530273,31.549999237060547,5.199999809265137,,33.70000076293945,11.449999809265137,9.414999961853027,,9.300000190734863,20.299999237060547,,18.899999618530273,17.466665267944336,11.300000190734863,25.25,,,0.550000011920929,,5.050000190734863,11.25,,21.100000381469727,3.481381893157959,0.6000000238418579,10.850000381469727,22.950000762939453,14.199999809265137,1.7000000476837158,,13.600000381469727,24.049999237060547,,,16.600000381469727,,29.399999618530273,30.149999618530273,,12.0,23.75,18.100000381469727,3.0,11.800000190734863,,29.899999618530273,,,4.175000190734863,2.200000047683716,,4.550000190734863,,6.800000190734863,,,19.0,8.800000190734863,,,31.600000381469727,23.600000381469727,20.350000381469727,,2.200000047683716,,20.75,,,14.050000190734863,18.350000381469727,22.899999618530273,,,,10.25,12.100000381469727,,,,,,20.700000762939453,13.350000381469727,13.25,,37.75,39.5,20.75,16.299999237060547,,19.75,13.550000190734863,23.100000381469727,,,,10.600000381469727,,20.850000381469727,5.949999809265137,31.700000762939453,,15.859999656677246,24.799999237060547,4.449999809265137,28.545238494873047,6.650000095367432,28.700000762939453,21.799999237060547,8.800000190734863,,,19.450000762939453,,26.299999237060547,26.5,19.049999237060547,,25.549999237060547,,34.150001525878906,,12.399999618530273,36.25,2.8499999046325684,15.649999618530273,,8.0,9.100000381469727,15.75,28.850000381469727,,15.949999809265137,10.600000381469727,1.2000000476837158,,6.050000190734863,,,20.899999618530273,,,38.69499969482422,1.9317840337753296,4.099999904632568,6.75,,16.5,1.5,12.75,7.800000190734863,,,2024-01-19,2024Q1
2024-01-23,56.150001525878906,13.5,9.350000381469727,14.149999618530273,19.850000381469727,,22.700000762939453,30.149999618530273,,12.0,20.600000381469727,,29.649999618530273,,,,,,23.299999237060547,38.0,,,19.537500381469727,12.449999809265137,,28.934654235839844,8.25,,30.25,20.889999389648438,,,17.850000381469727,17.600000381469727,,,18.100000381469727,29.649999618530273,5.099999904632568,,31.75,11.050000190734863,9.414999961853027,,9.399999618530273,18.799999237060547,,21.100000381469727,18.149999618530273,10.75,25.350000381469727,,,0.5,,4.849999904632568,12.350000381469727,,19.850000381469727,3.399467945098877,0.6499999761581421,10.449999809265137,22.0,14.100000381469727,1.7000000476837158,,13.100000381469727,22.200000762939453,,,15.800000190734863,,33.45000076293945,28.0,,11.600000381469727,26.100000381469727,17.899999618530273,2.8499999046325684,11.300000190734863,,29.700000762939453,,,4.574999809265137,2.0999999046325684,,4.550000190734863,,6.650000095367432,,,18.100000381469727,9.75,,,30.399999618530273,24.350000381469727,19.850000381469727,,2.1500000953674316,,21.25,,,14.050000190734863,17.75,23.899999618530273,,,,10.399999618530273,12.050000190734863,,,,,,19.799999237060547,14.050000190734863,12.75,,43.54999923706055,35.79999923706055,18.450000762939453,15.050000190734863,,18.25,15.199999809265137,22.100000381469727,,,,9.949999809265137,,21.149999618530273,5.75,30.200000762939453,,21.559999465942383,24.350000381469727,4.449999809265137,26.599998474121094,7.0,29.350000381469727,21.5,9.5,,,19.600000381469727,,24.600000381469727,25.200000762939453,18.600000381469727,,24.850000381469727,,31.0,,11.699999809265137,35.0,2.8499999046325684,16.200000762939453,,7.699999809265137,8.800000190734863,15.100000381469727,26.25,,15.550000190734863,11.100000381469727,1.2000000476837158,,6.0,,,20.399999618530273,,,37.79499816894531,1.8203339576721191,4.150000095367432,7.300000190734863,,16.200000762939453,1.5499999523162842,12.699999809265137,7.5,,,2024-01-23,2024Q1
2024-01-24,57.20000076293945,13.25,9.199999809265137,14.399999618530273,19.450000762939453,,23.649999618530273,30.75,,12.449999809265137,20.200000762939453,,29.399999618530273,,,,,,23.75,38.95000076293945,,,20.287500381469727,12.25,,29.107501983642578,8.149999618530273,,30.25,20.875,,,17.5,18.049999237060547,,,18.350000381469727,29.950000762939453,5.150000095367432,,32.75,11.100000381469727,9.414999961853027,,9.449999809265137,19.25,,23.200000762939453,18.5,10.5,26.149999618530273,,,0.550000011920929,,4.849999904632568,12.600000381469727,,20.049999237060547,3.3585100173950195,0.699999988079071,10.25,23.0,14.100000381469727,1.75,,12.850000381469727,23.100000381469727,,,15.949999809265137,,35.0,29.299999237060547,,11.800000190734863,27.399999618530273,18.149999618530273,2.75,11.199999809265137,,32.54999923706055,,,4.800000190734863,2.1500000953674316,,4.400000095367432,,6.599999904632568,,,18.299999237060547,10.699999809265137,,,36.20000076293945,24.5,20.299999237060547,,2.200000047683716,,21.549999237060547,,,14.300000190734863,17.700000762939453,23.899999618530273,,,,10.25,11.800000190734863,,,,,,20.149999618530273,14.300000190734863,12.5,,41.400001525878906,36.70000076293945,19.700000762939453,15.5,,17.899999618530273,15.350000381469727,22.549999237060547,,,,10.100000381469727,,20.700000762939453,5.650000095367432,29.950000762939453,,21.969999313354492,24.350000381469727,4.300000190734863,27.188095092773438,7.050000190734863,27.649999618530273,22.549999237060547,9.350000381469727,,,19.850000381469727,,24.649999618530273,25.350000381469727,19.0,,26.149999618530273,,33.79999923706055,,13.199999809265137,35.25,2.8499999046325684,16.149999618530273,,7.550000190734863,8.949999809265137,15.399999618530273,27.450000762939453,,16.299999237060547,11.649999618530273,1.2000000476837158,,5.900000095367432,,,20.549999237060547,,,39.682498931884766,1.7460349798202515,4.25,7.650000095367432,,16.25,1.5,12.100000381469727,7.349999904632568,,,2024-01-24,2024Q1
2024-01-25,57.75,13.149999618530273,9.050000190734863,15.100000381469727,19.100000381469727,,22.899999618530273,31.0,,12.399999618530273,19.799999237060547,,29.399999618530273,,,,,,24.200000762939453,38.95000076293945,,,20.137500762939453,12.25,,34.9151725769043,7.949999809265137,,30.75,21.475000381469727,,,17.299999237060547,18.850000381469727,,,18.399999618530273,30.350000381469727,5.150000095367432,,35.349998474121094,11.0,9.414999961853027,,9.0,19.0,,25.5,18.866666793823242,10.800000190734863,26.850000381469727,,,0.550000011920929,,4.800000190734863,13.199999809265137,,21.350000381469727,3.3175530433654785,0.699999988079071,10.050000190734863,23.149999618530273,14.050000190734863,1.75,,12.600000381469727,23.200000762939453,,,15.899999618530273,,36.150001525878906,29.850000381469727,,12.0,28.75,18.25,2.8499999046325684,11.649999618530273,,35.79999923706055,,,5.025000095367432,2.1500000953674316,,4.199999809265137,,6.5,,,19.149999618530273,10.399999618530273,,,43.400001525878906,25.049999237060547,20.75,,2.25,,22.850000381469727,,,14.449999809265137,17.899999618530273,23.649999618530273,,,,10.350000381469727,11.600000381469727,,,,,,19.600000381469727,14.300000190734863,12.25,,41.29999923706055,38.0,20.100000381469727,15.800000190734863,,18.549999237060547,15.083333015441895,23.049999237060547,,,,10.199999809265137,,21.299999237060547,5.550000190734863,30.299999237060547,,24.010000228881836,24.600000381469727,4.150000095367432,27.052379608154297,7.150000095367432,29.399999618530273,23.100000381469727,9.199999809265137,,,23.399999618530273,,25.799999237060547,24.75,18.799999237060547,,28.600000381469727,,33.099998474121094,,14.899999618530273,36.95000076293945,2.9000000953674316,16.950000762939453,,7.400000095367432,9.050000190734863,15.25,27.950000762939453,,16.149999618530273,12.199999809265137,1.2000000476837158,,5.900000095367432,,,22.850000381469727,,,39.880001068115234,1.7088849544525146,4.199999809265137,7.5,,16.600000381469727,1.4500000476837158,11.5,7.199999809265137,,,2024-01-25,2024Q1
2024-01-29,59.849998474121094,13.399999618530273,9.050000190734863,15.850000381469727,18.75,,23.5,30.399999618530273,,12.25,19.399999618530273,,30.049999237060547,,,,,,24.649999618530273,38.04999923706055,,,19.875,12.0,,34.25835418701172,8.149999618530273,,30.899999618530273,21.184999465942383,,,17.049999237060547,19.75,,,18.25,31.049999237060547,5.25,,38.849998474121094,11.0,9.854999542236328,,9.449999809265137,19.450000762939453,,26.75,19.233333587646484,10.600000381469727,28.149999618530273,,,0.5,,5.0,13.850000381469727,,22.450000762939453,3.276595115661621,0.6499999761581421,9.899999618530273,24.299999237060547,13.75,1.75,,12.350000381469727,23.850000381469727,,,18.75,,35.75,31.299999237060547,,12.600000381469727,30.149999618530273,18.0,2.950000047683716,11.899999618530273,,37.20000076293945,,,5.275000095367432,2.25,,4.349999904632568,,6.449999809265137,,,19.25,10.050000190734863,,,40.45000076293945,30.049999237060547,20.899999618530273,,2.3499999046325684,,23.350000381469727,,,15.0,18.299999237060547,22.950000762939453,,,,10.850000381469727,11.399999618530273,,,,,,19.649999618530273,14.100000381469727,12.0,,43.349998474121094,37.54999923706055,20.899999618530273,15.949999809265137,,18.549999237060547,15.133333206176758,23.100000381469727,,,,10.699999809265137,,21.549999237060547,5.449999809265137,30.850000381469727,,26.079999923706055,24.899999618530273,4.099999904632568,26.78095245361328,7.25,30.350000381469727,24.149999618530273,9.050000190734863,,,24.700000762939453,,25.299999237060547,24.700000762939453,19.299999237060547,,29.100000381469727,,32.900001525878906,,17.649999618530273,37.0,3.0,17.75,,7.25,9.050000190734863,15.350000381469727,28.700000762939453,,16.299999237060547,12.800000190734863,1.2000000476837158,,6.099999904632568,,,24.549999237060547,,,38.415000915527344,1.7831850051879883,4.400000095367432,7.550000190734863,,16.700000762939453,1.5,11.850000381469727,7.050000190734863,,,2024-01-29,2024Q1
2024-01-30,60.599998474121094,13.649999618530273,9.100000381469727,16.600000381469727,18.399999618530273,,23.450000762939453,29.799999237060547,,12.199999809265137,19.049999237060547,,32.25,,,,,,25.100000381469727,36.849998474121094,,,20.325000762939453,12.600000381469727,,34.362064361572266,8.949999809265137,,30.75,21.200000762939453,,,16.799999237060547,19.75,,,18.399999618530273,31.200000762939453,5.349999904632568,,40.599998474121094,11.550000190734863,9.805000305175781,,9.100000381469727,20.0,,25.450000762939453,19.616666793823242,10.399999618530273,29.549999237060547,,,0.5,,4.900000095367432,14.5,,26.799999237060547,3.276595115661621,0.6499999761581421,9.75,24.649999618530273,14.399999618530273,1.7999999523162842,,12.100000381469727,23.950000762939453,,,20.299999237060547,,34.29999923706055,31.600000381469727,,13.199999809265137,31.649999618530273,18.049999237060547,3.049999952316284,11.850000381469727,,38.150001525878906,,,5.550000190734863,2.200000047683716,,4.349999904632568,,6.449999809265137,,,18.850000381469727,10.050000190734863,,,40.25,28.0,21.899999618530273,,2.3499999046325684,,23.649999618530273,,,15.25,18.600000381469727,27.25,,,,11.25,11.199999809265137,,,,,,21.25,14.100000381469727,11.800000190734863,,44.400001525878906,38.75,20.25,16.100000381469727,,19.299999237060547,14.699999809265137,23.049999237060547,,,,11.199999809265137,,21.149999618530273,5.400000095367432,30.600000381469727,,26.350000381469727,24.450000762939453,4.300000190734863,26.599998474121094,7.25,29.350000381469727,25.299999237060547,8.899999618530273,,,25.5,,27.549999237060547,24.700000762939453,19.049999237060547,,28.350000381469727,,34.0,,17.549999237060547,36.400001525878906,3.0,18.600000381469727,,7.099999904632568,9.050000190734863,16.799999237060547,28.649999618530273,,15.899999618530273,13.399999618530273,1.149999976158142,,6.0,,,25.149999618530273,,,37.61000061035156,1.857483983039856,4.599999904632568,7.5,,16.700000762939453,1.5499999523162842,12.149999618530273,6.949999809265137,,,2024-01-30,2024Q1
2024-01-31,61.54999923706055,13.850000381469727,9.25,17.399999618530273,18.200000762939453,,23.450000762939453,29.200000762939453,,12.25,18.700000762939453,,35.45000076293945,,,,,,25.600000381469727,36.04999923706055,,,20.325000762939453,13.100000381469727,,32.73729705810547,9.75,,33.79999923706055,21.260000228881836,,,16.950000762939453,20.700000762939453,,,19.299999237060547,30.350000381469727,5.449999809265137,,42.0,11.199999809265137,9.640000343322754,,9.5,19.850000381469727,,24.200000762939453,20.0,10.649999618530273,31.0,,,0.5,,5.300000190734863,15.199999809265137,,25.100000381469727,3.276595115661621,0.6499999761581421,9.899999618530273,25.850000381469727,15.100000381469727,1.850000023841858,,11.850000381469727,23.950000762939453,,,18.799999237060547,,34.29999923706055,32.54999923706055,,13.850000381469727,33.20000076293945,18.049999237060547,3.0,12.0,,36.29999923706055,,,5.800000190734863,2.200000047683716,,4.5,,6.550000190734863,,,21.5,9.949999809265137,,,38.349998474121094,29.350000381469727,21.950000762939453,,2.299999952316284,,23.450000762939453,,,14.649999618530273,17.799999237060547,32.29999923706055,,,,11.399999618530273,11.399999618530273,,,,,,23.350000381469727,14.25,11.600000381469727,,44.29999923706055,38.54999923706055,20.25,15.899999618530273,,18.950000762939453,15.033332824707031,23.850000381469727,,,,11.0,,22.049999237060547,5.349999904632568,29.950000762939453,,25.670000076293945,25.100000381469727,4.25,26.464284896850586,7.25,27.950000762939453,26.549999237060547,8.75,,,23.850000381469727,,26.200000762939453,24.950000762939453,19.950000762939453,,28.700000762939453,,34.150001525878906,,17.350000381469727,37.54999923706055,3.0,19.0,,6.949999809265137,9.199999809265137,16.149999618530273,28.75,,15.850000381469727,14.050000190734863,1.149999976158142,,6.050000190734863,,,30.149999618530273,,,37.5525016784668,1.8203339576721191,4.400000095367432,7.150000095367432,,17.350000381469727,1.600000023841858,12.350000381469727,6.849999904632568,,,2024-01-31,2024Q1
2024-02-01,57.5,13.800000190734863,9.399999618530273,18.0,18.100000381469727,,23.0,28.649999618530273,,12.149999618530273,18.950000762939453,,34.20000076293945,,,,,,26.100000381469727,36.150001525878906,,,20.25,13.0,,31.976768493652344,9.449999809265137,,34.0,21.235000610351562,,,16.700000762939453,21.700000762939453,,,19.75,30.200000762939453,5.5,,40.79999923706055,11.25,9.600000381469727,,9.399999618530273,20.149999618530273,,23.0,20.399999618530273,10.399999618530273,30.399999618530273,,,0.5,,5.800000190734863,15.949999809265137,,24.549999237060547,3.235637903213501,0.6499999761581421,10.050000190734863,27.100000381469727,15.850000381469727,1.899999976158142,,11.899999618530273,23.899999618530273,,,19.100000381469727,,33.599998474121094,32.04999923706055,,14.5,32.54999923706055,18.100000381469727,3.0,12.399999618530273,,34.849998474121094,,,6.050000190734863,2.25,,4.699999809265137,,6.599999904632568,,,21.0,9.850000381469727,,,36.599998474121094,32.70000076293945,22.200000762939453,,2.3499999046325684,,23.5,,,14.850000381469727,18.649999618530273,33.599998474121094,,,,11.0,11.399999618530273,,,,,,22.450000762939453,14.100000381469727,11.399999618530273,,42.849998474121094,38.349998474121094,19.75,15.649999618530273,,18.649999618530273,14.716666221618652,23.700000762939453,,,,10.449999809265137,,23.149999618530273,5.449999809265137,29.950000762939453,,28.0,24.899999618530273,4.199999809265137,26.147619247436523,7.400000095367432,27.799999237060547,26.299999237060547,8.600000381469727,,,24.049999237060547,,25.549999237060547,24.600000381469727,20.899999618530273,,27.149999618530273,,34.20000076293945,,17.100000381469727,41.400001525878906,3.0,19.950000762939453,,6.849999904632568,9.350000381469727,15.800000190734863,28.149999618530273,,15.850000381469727,13.350000381469727,1.149999976158142,,6.050000190734863,,,30.5,,,35.82500076293945,1.8203339576721191,4.199999809265137,6.800000190734863,,16.950000762939453,1.649999976158142,12.149999618530273,6.75,,,2024-02-01,2024Q1
2024-02-02,56.900001525878906,14.050000190734863,9.550000190734863,17.649999618530273,18.100000381469727,,22.850000381469727,28.100000381469727,,12.199999809265137,19.299999237060547,,34.400001525878906,,,,,,26.600000381469727,34.400001525878906,,,20.0625,12.699999809265137,,31.07796287536621,10.350000381469727,,37.400001525878906,21.260000228881836,,,16.600000381469727,21.299999237060547,,,20.049999237060547,29.899999618530273,5.400000095367432,,42.400001525878906,11.699999809265137,9.515000343322754,,9.449999809265137,19.899999618530273,,24.149999618530273,20.41666603088379,10.899999618530273,29.799999237060547,,,0.550000011920929,,6.349999904632568,16.700000762939453,,25.700000762939453,3.235637903213501,0.699999988079071,10.199999809265137,28.450000762939453,16.600000381469727,1.9500000476837158,,12.100000381469727,24.0,,,18.149999618530273,,35.650001525878906,34.79999923706055,,14.050000190734863,31.899999618530273,18.450000762939453,3.0,12.699999809265137,,33.25,,,6.349999904632568,2.25,,4.900000095367432,,6.550000190734863,,,22.700000762939453,9.850000381469727,,,38.400001525878906,30.299999237060547,21.649999618530273,,2.25,,23.25,,,14.600000381469727,18.799999237060547,32.650001525878906,,,,11.550000190734863,11.399999618530273,,,,,,22.049999237060547,14.100000381469727,11.199999809265137,,43.099998474121094,38.70000076293945,19.75,14.949999809265137,,18.5,14.699999809265137,24.200000762939453,,,,10.699999809265137,,24.299999237060547,5.550000190734863,29.649999618530273,,29.399999618530273,25.100000381469727,4.400000095367432,26.011903762817383,8.050000190734863,26.75,26.0,8.449999809265137,,,22.25,,25.200000762939453,24.75,21.899999618530273,,27.799999237060547,,33.95000076293945,,16.899999618530273,41.849998474121094,2.950000047683716,20.649999618530273,,6.75,9.449999809265137,15.850000381469727,30.950000762939453,,16.100000381469727,13.899999618530273,1.149999976158142,,6.199999809265137,,,29.200000762939453,,,35.76750183105469,1.8203339576721191,4.349999904632568,7.099999904632568,,18.049999237060547,1.7000000476837158,12.0,6.650000095367432,,,2024-02-02,2024Q1
2024-02-05,56.099998474121094,14.300000190734863,10.0,17.299999237060547,17.799999237060547,,22.700000762939453,28.649999618530273,,12.75,19.649999618530273,,34.5,,,,,,26.100000381469727,32.70000076293945,,,19.462499618530273,12.75,,30.663127899169922,10.850000381469727,,38.349998474121094,20.815000534057617,,,16.299999237060547,20.899999618530273,,,20.549999237060547,28.75,5.5,,42.20000076293945,11.550000190734863,10.194999694824219,,9.800000190734863,19.75,,24.950000762939453,20.816665649414062,11.399999618530273,29.200000762939453,,,0.550000011920929,,6.050000190734863,17.5,,26.5,3.276595115661621,0.6499999761581421,10.25,29.850000381469727,17.399999618530273,2.0,,12.300000190734863,26.0,,,18.049999237060547,,35.599998474121094,34.0,,14.199999809265137,31.299999237060547,18.799999237060547,3.0,12.149999618530273,,32.04999923706055,,,6.650000095367432,2.200000047683716,,5.099999904632568,,6.300000190734863,,,21.950000762939453,10.050000190734863,,,40.20000076293945,27.899999618530273,20.700000762939453,,2.299999952316284,,22.799999237060547,,,14.0,18.75,30.200000762939453,,,,12.100000381469727,11.199999809265137,,,,,,22.25,15.449999809265137,11.0,,45.25,38.04999923706055,20.549999237060547,15.050000190734863,,18.149999618530273,14.483332633972168,24.75,,,,11.050000190734863,,25.5,5.650000095367432,29.850000381469727,,30.850000381469727,26.350000381469727,4.349999904632568,25.378570556640625,8.850000381469727,24.149999618530273,25.899999618530273,8.300000190734863,,,22.0,,24.399999618530273,25.149999618530273,20.799999237060547,,28.0,,34.75,,17.25,41.45000076293945,3.0,19.649999618530273,,7.050000190734863,9.649999618530273,15.75,32.349998474121094,,16.600000381469727,14.550000190734863,1.2000000476837158,,6.5,,,27.149999618530273,,,36.50749969482422,1.857483983039856,4.449999809265137,7.349999904632568,,18.350000381469727,1.649999976158142,12.050000190734863,6.599999904632568,,,2024-02-05,2024Q1
2024-02-06,58.400001525878906,14.050000190734863,10.5,16.950000762939453,18.149999618530273,,22.899999618530273,29.200000762939453,,12.699999809265137,20.0,,34.75,,,,,,25.600000381469727,32.20000076293945,,,18.975000381469727,12.649999618530273,,29.211210250854492,11.350000381469727,,38.5,20.690000534057617,,,16.799999237060547,20.5,,,21.549999237060547,28.799999237060547,5.599999904632568,,40.099998474121094,11.149999618530273,10.119999885559082,,9.75,19.850000381469727,,24.399999618530273,21.216665267944336,11.949999809265137,28.649999618530273,,,0.550000011920929,,6.25,17.149999618530273,,27.0,3.3175530433654785,0.699999988079071,10.100000381469727,31.299999237060547,17.049999237060547,2.0999999046325684,,12.5,27.200000762939453,,,18.600000381469727,,35.650001525878906,34.79999923706055,,13.600000381469727,30.700000762939453,19.0,3.0,12.050000190734863,,32.54999923706055,,,6.949999809265137,2.1500000953674316,,5.349999904632568,,6.25,,,24.399999618530273,10.100000381469727,,,38.20000076293945,33.20000076293945,21.149999618530273,,2.25,,22.549999237060547,,,14.199999809265137,19.649999618530273,30.299999237060547,,,,12.699999809265137,11.199999809265137,,,,,,22.100000381469727,15.449999809265137,10.800000190734863,,47.5,40.5,23.0,15.199999809265137,,21.75,14.833333015441895,25.049999237060547,,,,11.600000381469727,,26.75,5.75,29.700000762939453,,32.349998474121094,27.649999618530273,4.5,26.328571319580078,9.699999809265137,25.350000381469727,26.100000381469727,8.199999809265137,,,25.200000762939453,,24.399999618530273,24.649999618530273,20.149999618530273,,29.100000381469727,,34.25,,16.950000762939453,44.79999923706055,3.0,18.700000762939453,,7.400000095367432,9.5,15.649999618530273,32.95000076293945,,17.149999618530273,14.850000381469727,1.2000000476837158,,6.599999904632568,,,28.049999237060547,,,37.56999969482422,1.9317840337753296,4.449999809265137,7.25,,18.350000381469727,1.600000023841858,11.5,6.699999809265137,,,2024-02-06,2024Q1
2024-02-07,59.70000076293945,13.800000190734863,11.0,16.649999618530273,18.5,,22.799999237060547,29.75,,13.199999809265137,20.399999618530273,,35.04999923706055,,,,,,26.100000381469727,33.79999923706055,,,18.75,12.699999809265137,,28.31240463256836,11.899999618530273,,39.0,20.905000686645508,,,16.950000762939453,20.100000381469727,,,22.0,30.200000762939453,5.699999809265137,,38.599998474121094,11.449999809265137,10.229999542236328,,9.75,20.850000381469727,,24.5,21.633333206176758,12.5,28.100000381469727,,,0.550000011920929,,6.25,16.799999237060547,,26.299999237060547,3.3585100173950195,0.75,9.899999618530273,32.849998474121094,16.700000762939453,2.200000047683716,,12.75,26.299999237060547,,,18.049999237060547,,39.400001525878906,34.20000076293945,,14.25,30.100000381469727,20.350000381469727,3.1500000953674316,12.050000190734863,,32.650001525878906,,,7.25,2.200000047683716,,5.599999904632568,,6.550000190734863,,,26.200000762939453,10.25,,,39.75,31.399999618530273,23.25,,2.700000047683716,,22.549999237060547,,,14.199999809265137,19.399999618530273,29.399999618530273,,,,13.300000190734863,11.0,,,,,,26.5,16.600000381469727,10.600000381469727,,49.849998474121094,43.150001525878906,24.450000762939453,15.149999618530273,,23.049999237060547,14.666666030883789,26.850000381469727,,,,12.149999618530273,,29.399999618530273,5.849999904632568,29.700000762939453,,33.95000076293945,29.0,4.949999809265137,27.64047622680664,9.949999809265137,25.149999618530273,26.200000762939453,8.350000381469727,,,26.75,,24.100000381469727,24.600000381469727,20.450000762939453,,31.049999237060547,,37.04999923706055,,16.799999237060547,41.25,3.0,17.799999237060547,,7.75,9.449999809265137,15.850000381469727,34.70000076293945,,17.350000381469727,15.550000190734863,1.2000000476837158,,6.699999809265137,,,27.5,,,36.415000915527344,2.0060830116271973,4.849999904632568,7.349999904632568,,19.399999618530273,1.5499999523162842,11.949999809265137,6.800000190734863,,,2024-02-07,2024Q1
2024-02-08,54.0,13.550000190734863,11.550000190734863,16.350000381469727,18.850000381469727,,22.600000381469727,29.149999618530273,,13.25,20.100000381469727,,39.45000076293945,,,,,,26.600000381469727,33.70000076293945,,,18.712499618530273,12.199999809265137,,29.038362503051758,11.300000190734863,,38.0,19.93000030517578,,,16.350000381469727,19.700000762939453,,,21.100000381469727,30.399999618530273,5.599999904632568,,38.0,12.0,9.869999885559082,,9.649999618530273,21.799999237060547,,23.950000762939453,22.049999237060547,12.25,27.549999237060547,,,0.6000000238418579,,6.150000095367432,16.5,,25.899999618530273,3.3585100173950195,0.75,9.75,31.200000762939453,16.399999618530273,2.299999952316284,,13.0,26.0,,,18.399999618530273,,38.70000076293945,33.650001525878906,,13.600000381469727,29.5,21.350000381469727,3.299999952316284,11.949999809265137,,31.049999237060547,,,6.900000095367432,2.1500000953674316,,5.5,,6.599999904632568,,,24.450000762939453,11.25,,,37.79999923706055,29.850000381469727,22.600000381469727,,2.6500000953674316,,22.649999618530273,,,14.149999618530273,19.299999237060547,28.450000762939453,,,,13.899999618530273,10.800000190734863,,,,,,24.899999618530273,16.399999618530273,10.399999618530273,,52.0,41.150001525878906,24.549999237060547,15.199999809265137,,23.350000381469727,14.399999618530273,26.5,,,,11.550000190734863,,29.600000381469727,5.949999809265137,30.0,,32.25,30.450000762939453,5.400000095367432,28.99761962890625,10.100000381469727,24.25,25.299999237060547,8.5,,,25.649999618530273,,24.950000762939453,24.350000381469727,20.0,,30.899999618530273,,35.75,,16.25,41.599998474121094,3.0,18.649999618530273,,8.100000381469727,9.5,15.5,32.75,,17.450000762939453,16.299999237060547,1.25,,6.550000190734863,,,26.950000762939453,,,38.23249816894531,1.9689329862594604,5.300000190734863,7.25,,19.0,1.5,11.5,6.900000095367432,,,2024-02-08,2024Q1
2024-02-09,50.25,13.300000190734863,12.100000381469727,16.049999237060547,18.5,,22.100000381469727,28.600000381469727,,12.75,19.700000762939453,,39.400001525878906,,,,,,27.100000381469727,32.150001525878906,,,18.112499237060547,12.050000190734863,,28.381542205810547,10.75,,36.349998474121094,19.594999313354492,,,16.0,19.299999237060547,,,20.299999237060547,30.049999237060547,5.5,,36.150001525878906,11.699999809265137,9.819999694824219,,9.449999809265137,21.950000762939453,,23.25,22.483333587646484,12.0,27.0,,,0.6000000238418579,,6.050000190734863,16.200000762939453,,25.549999237060547,3.3175530433654785,0.75,9.600000381469727,29.649999618530273,16.100000381469727,2.4000000953674316,,13.25,25.149999618530273,,,18.75,,36.900001525878906,33.04999923706055,,14.149999618530273,28.950000762939453,19.399999618530273,3.1500000953674316,11.800000190734863,,29.5,,,6.550000190734863,2.1500000953674316,,5.25,,6.400000095367432,,,23.399999618530273,11.199999809265137,,,36.25,28.350000381469727,21.950000762939453,,2.75,,21.700000762939453,,,13.75,19.0,27.899999618530273,,,,13.399999618530273,10.600000381469727,,,,,,23.5,16.799999237060547,10.199999809265137,,51.099998474121094,39.75,23.299999237060547,15.050000190734863,,21.950000762939453,14.216666221618652,26.25,,,,11.0,,28.5,6.050000190734863,29.399999618530273,,30.649999618530273,29.850000381469727,5.900000095367432,29.857141494750977,9.699999809265137,23.350000381469727,24.549999237060547,8.649999618530273,,,25.100000381469727,,26.149999618530273,24.950000762939453,19.299999237060547,,36.45000076293945,,36.5,,15.850000381469727,40.45000076293945,3.049999952316284,17.799999237060547,,7.699999809265137,9.300000190734863,15.800000190734863,31.299999237060547,,16.950000762939453,17.049999237060547,1.2000000476837158,,6.25,,,25.950000762939453,,,38.505001068115234,2.0432329177856445,5.150000095367432,7.150000095367432,,18.649999618530273,1.4500000476837158,11.699999809265137,7.0,,,2024-02-09,2024Q1
2024-02-12,48.25,13.050000190734863,12.699999809265137,15.75,18.149999618530273,,21.299999237060547,27.600000381469727,,12.149999618530273,19.299999237060547,,37.650001525878906,,,,,,27.600000381469727,30.649999618530273,,,17.662500381469727,11.649999618530273,,26.96419334411621,10.25,,37.0,18.854999542236328,,,15.199999809265137,19.200000762939453,,,18.5,28.75,5.400000095367432,,34.349998474121094,11.449999809265137,8.765000343322754,,9.300000190734863,19.649999618530273,,22.100000381469727,22.91666603088379,11.800000190734863,26.5,,,0.550000011920929,,5.75,15.899999618530273,,22.5,3.276595115661621,0.699999988079071,9.449999809265137,28.200000762939453,15.800000190734863,2.5,,13.0,23.450000762939453,,,18.200000762939453,,35.45000076293945,29.950000762939453,,13.550000190734863,28.399999618530273,19.549999237060547,3.0,11.449999809265137,,28.049999237060547,,,6.25,2.049999952316284,,5.0,,6.300000190734863,,,23.399999618530273,10.149999618530273,,,34.45000076293945,26.950000762939453,20.899999618530273,,3.049999952316284,,20.700000762939453,,,13.199999809265137,18.5,27.399999618530273,,,,14.050000190734863,10.100000381469727,,,,,,22.200000762939453,15.800000190734863,10.0,,50.099998474121094,37.099998474121094,21.549999237060547,14.300000190734863,,19.649999618530273,13.566665649414062,24.549999237060547,,,,10.449999809265137,,27.100000381469727,6.150000095367432,29.100000381469727,,29.149999618530273,29.25,5.699999809265137,29.269046783447266,9.25,22.200000762939453,23.350000381469727,8.800000190734863,,,30.100000381469727,,24.850000381469727,23.799999237060547,18.700000762939453,,40.25,,35.0,,14.850000381469727,37.29999923706055,3.25,18.649999618530273,,7.349999904632568,9.399999618530273,15.399999618530273,28.850000381469727,,16.5,16.700000762939453,1.25,,5.949999809265137,,,24.049999237060547,,,36.78499984741211,2.0803821086883545,4.650000095367432,6.900000095367432,,17.450000762939453,1.399999976158142,11.149999618530273,7.349999904632568,,,2024-02-12,2024Q1
2024-02-13,47.95000076293945,12.800000190734863,12.100000381469727,15.449999809265137,17.799999237060547,,20.950000762939453,26.350000381469727,,11.949999809265137,18.950000762939453,,35.599998474121094,,,,,,28.149999618530273,30.950000762939453,,,17.587499618530273,11.100000381469727,,26.238235473632812,9.75,,37.900001525878906,19.725000381469727,,,14.800000190734863,19.200000762939453,,,20.049999237060547,29.149999618530273,5.300000190734863,,32.70000076293945,11.300000190734863,7.65500020980835,,9.25,19.5,,22.450000762939453,23.233333587646484,11.600000381469727,26.0,,,0.550000011920929,,5.5,15.600000381469727,,23.399999618530273,3.276595115661621,0.699999988079071,9.300000190734863,26.799999237060547,15.5,2.4000000953674316,,12.75,23.649999618530273,,,17.200000762939453,,34.25,31.200000762939453,,13.149999618530273,27.850000381469727,18.399999618530273,2.9000000953674316,10.899999618530273,,26.950000762939453,,,5.949999809265137,2.049999952316284,,4.800000190734863,,6.300000190734863,,,22.049999237060547,9.800000190734863,,,32.75,25.600000381469727,20.299999237060547,,2.700000047683716,,20.049999237060547,,,12.899999618530273,19.399999618530273,27.350000381469727,,,,13.350000381469727,9.649999618530273,,,,,,23.049999237060547,16.049999237060547,9.800000190734863,,49.099998474121094,37.29999923706055,21.549999237060547,13.600000381469727,,19.25,13.366665840148926,24.950000762939453,,,,10.149999618530273,,25.75,6.050000190734863,28.100000381469727,,27.700000762939453,28.700000762939453,5.449999809265137,27.821428298950195,9.300000190734863,23.299999237060547,24.100000381469727,8.649999618530273,,,28.899999618530273,,23.899999618530273,23.450000762939453,17.799999237060547,,39.650001525878906,,35.75,,14.850000381469727,37.849998474121094,3.25,17.799999237060547,,7.0,9.100000381469727,15.0,28.75,,16.200000762939453,16.399999618530273,1.2999999523162842,,5.900000095367432,,,24.450000762939453,,,38.04249954223633,2.0060830116271973,4.25,6.800000190734863,,17.850000381469727,1.350000023841858,10.600000381469727,7.699999809265137,,,2024-02-13,2024Q1
2024-02-14,49.25,12.600000381469727,11.850000381469727,15.149999618530273,17.799999237060547,,20.899999618530273,27.549999237060547,,11.850000381469727,18.600000381469727,,35.95000076293945,,,,,,28.649999618530273,31.5,,,18.262500762939453,10.550000190734863,,27.03333282470703,9.649999618530273,,39.75,19.69499969482422,,,14.350000381469727,19.5,,,20.799999237060547,28.399999618530273,5.199999809265137,,34.04999923706055,12.399999618530273,7.880000114440918,,9.449999809265137,20.049999237060547,,22.649999618530273,22.766666412353516,11.399999618530273,25.5,,,0.550000011920929,,5.699999809265137,15.300000190734863,,22.850000381469727,3.276595115661621,0.699999988079071,9.149999618530273,25.75,15.199999809265137,2.299999952316284,,13.0,24.100000381469727,,,17.5,,36.150001525878906,31.200000762939453,,13.100000381469727,27.299999237060547,19.049999237060547,3.0,11.100000381469727,,26.450000762939453,,,5.650000095367432,2.049999952316284,,5.0,,6.349999904632568,,,23.25,9.75,,,34.29999923706055,26.200000762939453,22.299999237060547,,2.75,,20.350000381469727,,,13.5,20.350000381469727,26.549999237060547,,,,12.850000381469727,10.100000381469727,,,,,,23.299999237060547,16.200000762939453,9.600000381469727,,48.150001525878906,37.599998474121094,22.0,14.199999809265137,,20.25,14.100000381469727,25.450000762939453,,,,10.649999618530273,,24.600000381469727,5.949999809265137,28.450000762939453,,26.350000381469727,28.149999618530273,5.199999809265137,27.2785701751709,9.75,24.450000762939453,24.149999618530273,8.550000190734863,,,31.5,,24.0,23.450000762939453,18.149999618530273,,40.599998474121094,,35.349998474121094,,15.199999809265137,38.900001525878906,3.0999999046325684,18.200000762939453,,7.349999904632568,9.100000381469727,15.550000190734863,30.149999618530273,,16.799999237060547,16.100000381469727,1.350000023841858,,6.150000095367432,,,25.5,,,38.36249923706055,2.0060830116271973,4.650000095367432,6.5,,18.75,1.350000023841858,10.800000190734863,8.050000190734863,,,2024-02-14,2024Q1
2024-02-15,55.099998474121094,12.550000190734863,11.649999618530273,14.850000381469727,18.149999618530273,,20.799999237060547,28.200000762939453,,11.899999618530273,18.25,,34.400001525878906,,,,,,28.100000381469727,32.099998474121094,,,18.637500762939453,11.050000190734863,,28.31240463256836,9.75,,41.70000076293945,19.135000228881836,,,15.050000190734863,19.149999618530273,,,22.200000762939453,29.149999618530273,5.25,,34.20000076293945,12.449999809265137,9.454999923706055,,9.25,21.5,,23.75,22.316665649414062,11.199999809265137,25.0,,,0.550000011920929,,5.550000190734863,15.0,,23.399999618530273,3.3175530433654785,0.699999988079071,9.149999618530273,24.549999237060547,14.899999618530273,2.200000047683716,,12.850000381469727,24.600000381469727,,,17.649999618530273,,36.0,31.549999237060547,,13.350000381469727,26.75,17.950000762939453,3.049999952316284,11.050000190734863,,26.850000381469727,,,5.650000095367432,2.0999999046325684,,5.25,,6.300000190734863,,,23.600000381469727,10.350000381469727,,,35.29999923706055,26.100000381469727,21.899999618530273,,2.6500000953674316,,21.649999618530273,,,13.800000190734863,21.350000381469727,27.850000381469727,,,,12.199999809265137,10.600000381469727,,,,,,23.5,16.25,9.399999618530273,,47.20000076293945,41.150001525878906,23.149999618530273,13.899999618530273,,20.700000762939453,13.399999618530273,25.899999618530273,,,,10.699999809265137,,25.799999237060547,5.849999904632568,28.549999237060547,,25.049999237060547,27.600000381469727,4.949999809265137,26.735713958740234,10.199999809265137,24.5,23.850000381469727,8.550000190734863,,,32.45000076293945,,23.899999618530273,23.75,18.0,,39.849998474121094,,36.349998474121094,,15.300000190734863,38.849998474121094,3.25,18.700000762939453,,7.099999904632568,9.199999809265137,15.399999618530273,29.899999618530273,,16.75,15.800000190734863,1.399999976158142,,6.199999809265137,,,25.200000762939453,,,38.025001525878906,2.0060830116271973,4.949999809265137,6.800000190734863,,18.649999618530273,1.399999976158142,10.399999618530273,8.449999809265137,,,2024-02-15,2024Q1
2024-02-16,53.25,12.800000190734863,11.449999809265137,14.550000190734863,18.5,,23.5,27.649999618530273,,11.800000190734863,17.899999618530273,,35.099998474121094,,,,,,27.549999237060547,31.399999618530273,,,18.637500762939453,11.600000381469727,,28.24326515197754,9.399999618530273,,43.75,19.084999084472656,,,15.800000190734863,18.799999237060547,,,21.0,29.299999237060547,5.300000190734863,,34.20000076293945,12.25,10.0,,9.25,23.5,,23.299999237060547,21.883333206176758,11.0,24.5,,,0.550000011920929,,5.449999809265137,14.699999809265137,,22.899999618530273,3.3585100173950195,0.699999988079071,9.300000190734863,25.049999237060547,14.600000381469727,2.0999999046325684,,12.75,24.75,,,17.899999618530273,,35.95000076293945,32.79999923706055,,13.800000190734863,26.25,18.049999237060547,3.049999952316284,10.850000381469727,,26.100000381469727,,,5.400000095367432,2.0999999046325684,,5.349999904632568,,6.25,,,23.700000762939453,10.5,,,35.04999923706055,25.950000762939453,22.100000381469727,,2.5999999046325684,,21.950000762939453,,,13.399999618530273,22.399999618530273,29.0,,,,11.649999618530273,11.100000381469727,,,,,,22.850000381469727,16.0,9.25,,46.25,40.04999923706055,23.299999237060547,14.550000190734863,,21.25,13.133333206176758,25.399999618530273,,,,10.600000381469727,,27.049999237060547,5.949999809265137,28.149999618530273,,23.799999237060547,27.049999237060547,4.699999809265137,26.28333282470703,10.699999809265137,23.299999237060547,23.450000762939453,8.399999618530273,,,32.400001525878906,,23.700000762939453,24.200000762939453,17.600000381469727,,38.95000076293945,,37.849998474121094,,15.449999809265137,40.150001525878906,3.1500000953674316,18.25,,7.150000095367432,9.050000190734863,15.300000190734863,30.200000762939453,,16.600000381469727,15.5,1.4500000476837158,,6.400000095367432,,,25.100000381469727,,,38.247501373291016,2.0060830116271973,4.800000190734863,6.650000095367432,,18.5,1.4500000476837158,10.75,8.850000381469727,,,2024-02-16,2024Q1
2024-02-19,53.0,13.399999618530273,11.25,14.25,18.700000762939453,,23.549999237060547,28.049999237060547,,11.649999618530273,18.700000762939453,,35.599998474121094,,,,,,27.0,31.799999237060547,,,18.712499618530273,11.75,,28.001277923583984,9.850000381469727,,45.900001525878906,18.295000076293945,,,16.549999237060547,18.450000762939453,,,23.100000381469727,28.950000762939453,5.550000190734863,,34.25,12.350000381469727,10.225000381469727,,9.300000190734863,23.75,,23.049999237060547,21.450000762939453,10.800000190734863,24.049999237060547,,,0.6000000238418579,,5.699999809265137,14.399999618530273,,23.350000381469727,3.5223400592803955,0.75,9.75,25.450000762939453,14.300000190734863,2.200000047683716,,13.0,24.700000762939453,,,17.0,,35.75,32.650001525878906,,13.350000381469727,25.75,18.200000762939453,3.0,11.0,,26.600000381469727,,,5.150000095367432,2.0999999046325684,,5.599999904632568,,6.25,,,24.299999237060547,10.800000190734863,,,34.400001525878906,25.450000762939453,22.549999237060547,,2.700000047683716,,21.600000381469727,,,13.149999618530273,23.5,28.700000762939453,,,,12.199999809265137,11.649999618530273,,,,,,25.200000762939453,16.100000381469727,9.100000381469727,,45.349998474121094,40.099998474121094,23.25,14.050000190734863,,20.700000762939453,13.066665649414062,25.450000762939453,,,,10.600000381469727,,28.399999618530273,6.199999809265137,29.0,,24.950000762939453,26.5,4.900000095367432,26.28333282470703,11.199999809265137,24.450000762939453,23.0,8.300000190734863,,,30.950000762939453,,23.700000762939453,23.75,18.399999618530273,,38.849998474121094,,38.400001525878906,,16.350000381469727,39.70000076293945,3.0999999046325684,18.399999618530273,,7.349999904632568,9.100000381469727,16.049999237060547,30.200000762939453,,16.799999237060547,15.199999809265137,1.5,,6.5,,,27.600000381469727,,,39.04750061035156,2.0060830116271973,4.699999809265137,6.550000190734863,,18.700000762939453,1.4500000476837158,10.350000381469727,9.25,,,2024-02-19,2024Q1
2024-02-20,52.599998474121094,14.050000190734863,11.050000190734863,14.0,19.049999237060547,,23.049999237060547,27.450000762939453,,11.550000190734863,19.450000762939453,,36.400001525878906,,,,,,26.5,31.350000381469727,,,18.637500762939453,11.399999618530273,,27.3790283203125,10.300000190734863,,46.79999923706055,19.06999969482422,,,16.649999618530273,18.100000381469727,,,22.5,28.600000381469727,5.800000190734863,,34.099998474121094,12.149999618530273,10.710000038146973,,9.300000190734863,24.75,,22.799999237060547,21.866666793823242,10.600000381469727,23.600000381469727,,,0.6000000238418579,,5.5,14.149999618530273,,23.299999237060547,3.6861701011657715,0.800000011920929,10.199999809265137,24.399999618530273,14.050000190734863,2.299999952316284,,13.25,24.850000381469727,,,17.299999237060547,,37.599998474121094,32.5,,13.699999809265137,25.25,18.549999237060547,2.950000047683716,11.0,,25.5,,,4.900000095367432,2.0999999046325684,,5.849999904632568,,6.25,,,23.899999618530273,10.600000381469727,,,34.75,25.600000381469727,23.850000381469727,,2.6500000953674316,,23.25,,,13.800000190734863,24.649999618530273,28.600000381469727,,,,12.800000190734863,11.949999809265137,,,,,,24.799999237060547,15.899999618530273,9.25,,44.45000076293945,39.650001525878906,23.299999237060547,13.850000381469727,,20.149999618530273,14.433333396911621,26.100000381469727,,,,10.350000381469727,,29.799999237060547,6.5,28.950000762939453,,24.700000762939453,26.0,5.099999904632568,26.238094329833984,11.75,23.950000762939453,23.049999237060547,8.449999809265137,,,29.75,,23.600000381469727,23.450000762939453,18.850000381469727,,38.849998474121094,,37.45000076293945,,16.049999237060547,40.20000076293945,3.1500000953674316,18.5,,7.349999904632568,8.899999618530273,15.850000381469727,29.600000381469727,,16.700000762939453,14.899999618530273,1.5499999523162842,,6.300000190734863,,,26.850000381469727,,,40.03499984741211,1.9689329862594604,4.599999904632568,6.5,,18.899999618530273,1.399999976158142,10.199999809265137,9.699999809265137,,,2024-02-20,2024Q1
2024-02-21,51.099998474121094,13.850000381469727,10.850000381469727,13.75,19.399999618530273,,22.799999237060547,27.399999618530273,,11.800000190734863,19.25,,35.650001525878906,,,,,,26.0,31.0,,,18.337499618530273,10.850000381469727,,27.171611785888672,10.800000190734863,,47.70000076293945,19.010000228881836,,,17.0,17.75,,,21.350000381469727,28.350000381469727,6.0,,33.54999923706055,11.699999809265137,10.774999618530273,,9.149999618530273,23.100000381469727,,22.75,21.66666603088379,10.399999618530273,23.149999618530273,,,0.6000000238418579,,5.449999809265137,13.899999618530273,,22.700000762939453,3.7271270751953125,0.75,10.699999809265137,23.700000762939453,13.800000190734863,2.3499999046325684,,13.100000381469727,24.100000381469727,,,17.049999237060547,,37.400001525878906,32.45000076293945,,13.100000381469727,24.75,17.700000762939453,2.9000000953674316,10.75,,26.149999618530273,,,4.650000095367432,2.1500000953674316,,6.0,,6.199999809265137,,,22.899999618530273,10.0,,,33.95000076293945,26.850000381469727,23.149999618530273,,2.5999999046325684,,23.899999618530273,,,13.399999618530273,23.5,27.700000762939453,,,,13.399999618530273,11.75,,,,,,26.0,15.399999618530273,9.399999618530273,,43.599998474121094,39.400001525878906,23.049999237060547,13.649999618530273,,19.700000762939453,14.449999809265137,26.200000762939453,,,,10.149999618530273,,28.350000381469727,6.800000190734863,30.350000381469727,,23.5,25.5,5.349999904632568,25.78571319580078,12.300000190734863,23.75,21.899999618530273,8.300000190734863,,,28.450000762939453,,22.799999237060547,23.549999237060547,18.200000762939453,,37.75,,36.95000076293945,,15.850000381469727,38.70000076293945,3.0999999046325684,17.899999618530273,,7.099999904632568,8.899999618530273,15.5,28.149999618530273,,17.200000762939453,14.600000381469727,1.5,,6.0,,,25.799999237060547,,,39.372501373291016,1.8946340084075928,4.5,6.349999904632568,,19.149999618530273,1.350000023841858,9.850000381469727,9.5,,,2024-02-21,2024Q1
2024-02-22,52.20000076293945,14.5,10.850000381469727,13.5,19.700000762939453,,23.0,27.75,,11.600000381469727,19.0,,35.79999923706055,,,,,,25.5,30.350000381469727,,,18.149999618530273,11.300000190734863,,27.171611785888672,10.350000381469727,,48.650001525878906,18.014999389648438,,,17.299999237060547,17.399999618530273,,,21.399999618530273,29.600000381469727,5.699999809265137,,32.5,11.699999809265137,10.675000190734863,,9.149999618530273,23.75,,22.75,22.100000381469727,10.199999809265137,22.700000762939453,,,0.550000011920929,,5.300000190734863,13.649999618530273,,23.049999237060547,3.849998950958252,0.800000011920929,11.050000190734863,24.149999618530273,13.550000190734863,2.25,,13.100000381469727,24.149999618530273,,,16.850000381469727,,36.599998474121094,34.20000076293945,,13.050000190734863,24.25,17.799999237060547,2.9000000953674316,10.699999809265137,,25.649999618530273,,,4.449999809265137,2.1500000953674316,,6.300000190734863,,6.150000095367432,,,22.799999237060547,10.0,,,33.75,27.0,23.049999237060547,,2.5,,23.799999237060547,,,13.149999618530273,23.5,28.200000762939453,,,,13.800000190734863,11.550000190734863,,,,,,25.399999618530273,15.0,9.300000190734863,,42.75,38.900001525878906,22.899999618530273,13.850000381469727,,20.350000381469727,14.699999809265137,25.399999618530273,,,,10.300000190734863,,29.100000381469727,7.099999904632568,31.850000381469727,,24.350000381469727,25.0,5.550000190734863,25.333332061767578,12.899999618530273,24.049999237060547,22.950000762939453,8.25,,,27.049999237060547,,23.700000762939453,23.700000762939453,17.850000381469727,,37.849998474121094,,36.79999923706055,,15.899999618530273,39.29999923706055,3.549999952316284,17.549999237060547,,7.199999809265137,9.0,15.399999618530273,29.350000381469727,,17.299999237060547,14.300000190734863,1.4500000476837158,,6.300000190734863,,,26.399999618530273,,,40.852500915527344,1.857483983039856,4.75,6.550000190734863,,18.700000762939453,1.350000023841858,10.300000190734863,9.350000381469727,,,2024-02-22,2024Q1
2024-02-23,52.04999923706055,15.199999809265137,10.649999618530273,13.25,19.299999237060547,,22.850000381469727,27.399999618530273,,11.5,19.700000762939453,,36.45000076293945,,,,,,25.0,29.950000762939453,,,18.337499618530273,11.100000381469727,,27.03333282470703,10.350000381469727,,49.599998474121094,18.329999923706055,,,16.950000762939453,17.049999237060547,,,21.75,29.350000381469727,5.699999809265137,,33.25,11.949999809265137,10.484999656677246,,9.300000190734863,23.5,,22.850000381469727,22.0,10.0,22.600000381469727,,,0.5,,5.150000095367432,13.399999618530273,,23.75,4.0,0.800000011920929,10.550000190734863,23.75,13.300000190734863,2.3499999046325684,,13.100000381469727,23.950000762939453,,,16.899999618530273,,37.5,34.20000076293945,,13.449999809265137,24.600000381469727,17.799999237060547,2.9000000953674316,10.649999618530273,,26.299999237060547,,,4.650000095367432,2.1500000953674316,,6.599999904632568,,6.150000095367432,,,22.850000381469727,10.050000190734863,,,33.0,26.600000381469727,22.299999237060547,,2.549999952316284,,23.0,,,13.350000381469727,22.399999618530273,27.25,,,,13.149999618530273,11.350000381469727,,,,,,26.950000762939453,15.0,9.350000381469727,,41.900001525878906,38.79999923706055,22.950000762939453,13.550000190734863,,19.899999618530273,14.199999809265137,25.450000762939453,,,,10.300000190734863,,27.649999618530273,7.449999809265137,32.25,,25.350000381469727,24.5,5.300000190734863,24.880952835083008,13.5,23.700000762939453,23.0,8.100000381469727,,,25.700000762939453,,23.649999618530273,23.799999237060547,17.950000762939453,,41.54999923706055,,36.650001525878906,,15.850000381469727,38.70000076293945,3.6500000953674316,17.5,,7.150000095367432,8.75,15.100000381469727,29.450000762939453,,17.049999237060547,14.050000190734863,1.399999976158142,,6.300000190734863,,,26.350000381469727,,,40.625,1.9317840337753296,4.650000095367432,6.5,,18.450000762939453,1.350000023841858,10.050000190734863,9.199999809265137,,,2024-02-23,2024Q1
2024-02-26,50.79999923706055,15.949999809265137,10.449999809265137,13.0,18.350000381469727,,22.799999237060547,26.25,,11.300000190734863,20.149999618530273,,34.95000076293945,,,,,,24.5,29.5,,,18.412500381469727,10.949999809265137,,27.724721908569336,10.850000381469727,,50.54999923706055,18.315000534057617,,,16.649999618530273,16.75,,,20.649999618530273,30.399999618530273,5.900000095367432,,32.099998474121094,12.149999618530273,10.005000114440918,,9.0,22.649999618530273,,21.700000762939453,22.333332061767578,9.800000190734863,22.5,,,0.5,,4.900000095367432,13.149999618530273,,23.149999618530273,4.199999809265137,0.800000011920929,10.050000190734863,23.399999618530273,13.050000190734863,2.4000000953674316,,12.850000381469727,23.75,,,15.850000381469727,,36.54999923706055,32.75,,13.350000381469727,24.100000381469727,17.649999618530273,2.8499999046325684,10.5,,25.0,,,4.849999904632568,2.049999952316284,,6.900000095367432,,6.050000190734863,,,22.700000762939453,10.0,,,32.099998474121094,25.399999618530273,22.149999618530273,,2.5,,23.200000762939453,,,13.050000190734863,22.649999618530273,27.149999618530273,,,,13.449999809265137,11.149999618530273,,,,,,27.649999618530273,14.850000381469727,9.800000190734863,,41.099998474121094,38.400001525878906,22.600000381469727,12.899999618530273,,19.200000762939453,14.083333015441895,24.899999618530273,,,,10.199999809265137,,26.75,7.099999904632568,31.450000762939453,,26.450000762939453,24.049999237060547,5.550000190734863,24.383333206176758,14.149999618530273,23.649999618530273,22.299999237060547,8.100000381469727,,,24.450000762939453,,23.149999618530273,23.350000381469727,17.799999237060547,,41.900001525878906,,36.70000076293945,,14.949999809265137,37.79999923706055,3.450000047683716,18.350000381469727,,7.0,8.800000190734863,14.949999809265137,28.549999237060547,,16.850000381469727,13.800000190734863,1.350000023841858,,6.25,,,26.149999618530273,,,39.3025016784668,2.0060830116271973,4.699999809265137,6.449999809265137,,18.149999618530273,1.2999999523162842,10.25,9.050000190734863,,,2024-02-26,2024Q1
2024-02-27,50.04999923706055,16.700000762939453,10.25,12.75,18.899999618530273,,23.200000762939453,24.950000762939453,,11.149999618530273,19.450000762939453,,33.20000076293945,,,,,,24.049999237060547,28.549999237060547,,,18.112499237060547,10.449999809265137,,27.10247230529785,11.300000190734863,,51.54999923706055,17.924999237060547,,,16.350000381469727,17.0,,,21.899999618530273,29.850000381469727,5.849999904632568,,30.5,12.100000381469727,10.100000381469727,,8.800000190734863,21.850000381469727,,20.649999618530273,22.75,9.949999809265137,22.049999237060547,,,0.5,,5.099999904632568,12.899999618530273,,22.75,4.400000095367432,0.8500000238418579,10.100000381469727,22.850000381469727,12.800000190734863,2.299999952316284,,12.600000381469727,23.25,,,17.049999237060547,,34.20000076293945,31.850000381469727,,13.199999809265137,23.649999618530273,17.549999237060547,2.799999952316284,10.25,,23.75,,,4.849999904632568,2.0999999046325684,,7.199999809265137,,6.0,,,22.100000381469727,9.550000190734863,,,31.700000762939453,25.5,21.25,,2.450000047683716,,23.149999618530273,,,12.75,22.100000381469727,26.200000762939453,,,,13.100000381469727,10.949999809265137,,,,,,28.149999618530273,14.649999618530273,9.350000381469727,,40.29999923706055,37.849998474121094,21.899999618530273,12.25,,18.899999618530273,14.050000190734863,24.5,,,,10.0,,28.049999237060547,7.449999809265137,30.0,,26.25,23.600000381469727,5.800000190734863,24.83571434020996,14.850000381469727,23.049999237060547,21.850000381469727,7.949999809265137,,,23.25,,22.75,23.350000381469727,17.399999618530273,,39.400001525878906,,38.54999923706055,,14.600000381469727,37.150001525878906,3.5,18.25,,6.949999809265137,8.75,14.899999618530273,28.5,,17.600000381469727,13.550000190734863,1.399999976158142,,6.150000095367432,,,25.450000762939453,,,38.83250045776367,2.0803821086883545,4.699999809265137,6.349999904632568,,17.950000762939453,1.2999999523162842,9.949999809265137,8.899999618530273,,,2024-02-27,2024Q1
2024-02-28,48.849998474121094,16.399999618530273,10.050000190734863,12.5,17.950000762939453,,23.700000762939453,23.700000762939453,,10.600000381469727,19.450000762939453,,32.599998474121094,,,,,,23.600000381469727,28.200000762939453,,,17.774999618530273,9.949999809265137,,25.892539978027344,10.850000381469727,,52.54999923706055,17.75,,,16.049999237060547,17.149999618530273,,,20.75,28.799999237060547,5.550000190734863,,29.0,11.449999809265137,10.015000343322754,,8.600000381469727,21.25,,19.649999618530273,22.350000381469727,10.100000381469727,21.600000381469727,,,0.5,,4.900000095367432,12.649999618530273,,21.899999618530273,4.349999904632568,0.8999999761581421,9.899999618530273,22.0,12.550000190734863,2.200000047683716,,12.350000381469727,22.5,,,15.899999618530273,,31.600000381469727,30.600000381469727,,12.600000381469727,23.200000762939453,18.950000762939453,2.8499999046325684,10.0,,23.0,,,4.599999904632568,2.049999952316284,,6.849999904632568,,5.900000095367432,,,21.299999237060547,9.75,,,30.450000762939453,24.5,20.200000762939453,,2.3499999046325684,,21.5,,,12.5,21.0,25.25,,,,12.449999809265137,10.75,,,,,,25.899999618530273,14.100000381469727,8.899999618530273,,39.5,35.75,21.049999237060547,11.75,,18.299999237060547,13.550000190734863,23.649999618530273,,,,9.649999618530273,,29.450000762939453,7.800000190734863,29.549999237060547,,26.25,23.149999618530273,5.949999809265137,24.880952835083008,14.100000381469727,22.25,21.0,7.800000190734863,,,22.100000381469727,,21.75,22.799999237060547,17.049999237060547,,39.29999923706055,,37.54999923706055,,14.5,35.349998474121094,3.3499999046325684,17.450000762939453,,6.75,8.649999618530273,14.149999618530273,27.850000381469727,,16.950000762939453,13.300000190734863,1.399999976158142,,5.949999809265137,,,24.799999237060547,,,40.65250015258789,2.0803821086883545,4.5,6.099999904632568,,17.5,1.2999999523162842,9.75,8.75,,,2024-02-28,2024Q1
2024-02-29,48.70000076293945,16.100000381469727,9.850000381469727,12.25,17.049999237060547,,23.350000381469727,24.0,,10.649999618530273,18.799999237060547,,31.799999237060547,,,,,,23.149999618530273,28.149999618530273,,,17.737499237060547,9.649999618530273,,25.20115089416504,10.300000190734863,,52.0,18.975000381469727,,,15.75,16.799999237060547,,,20.799999237060547,29.950000762939453,5.550000190734863,,27.649999618530273,11.699999809265137,10.395000457763672,,8.300000190734863,21.450000762939453,,19.25,21.899999618530273,10.300000190734863,21.200000762939453,,,0.5,,4.800000190734863,12.399999618530273,,21.850000381469727,4.300000190734863,0.949999988079071,10.100000381469727,22.899999618530273,12.300000190734863,2.0999999046325684,,12.300000190734863,22.75,,,16.049999237060547,,30.399999618530273,31.0,,12.550000190734863,22.75,20.799999237060547,2.799999952316284,9.899999618530273,,24.149999618530273,,,4.5,2.0,,6.5,,6.050000190734863,,,21.850000381469727,9.5,,,31.75,24.200000762939453,22.200000762939453,,2.25,,21.450000762939453,,,12.399999618530273,20.049999237060547,25.100000381469727,,,,12.149999618530273,10.550000190734863,,,,,,25.049999237060547,14.550000190734863,8.449999809265137,,38.75,36.04999923706055,21.549999237060547,12.300000190734863,,18.350000381469727,13.350000381469727,23.549999237060547,,,,10.050000190734863,,30.899999618530273,8.149999618530273,28.700000762939453,,25.850000381469727,22.700000762939453,6.150000095367432,24.383333206176758,13.399999618530273,23.25,21.350000381469727,7.900000095367432,,,21.0,,21.399999618530273,21.950000762939453,16.649999618530273,,40.04999923706055,,36.45000076293945,,14.600000381469727,36.150001525878906,3.1500000953674316,17.950000762939453,,6.650000095367432,8.550000190734863,14.600000381469727,27.549999237060547,,16.549999237060547,13.050000190734863,1.350000023841858,,5.900000095367432,,,25.149999618530273,,,40.474998474121094,2.154681921005249,4.449999809265137,6.150000095367432,,17.399999618530273,1.2999999523162842,9.850000381469727,8.600000381469727,,,2024-02-29,2024Q1
2024-03-01,49.150001525878906,15.800000190734863,10.0,12.0,17.5,,23.5,24.850000381469727,,11.0,18.75,,30.799999237060547,,,,,,22.700000762939453,27.200000762939453,,,17.700000762939453,10.100000381469727,,25.13201141357422,9.949999809265137,,51.0,17.969999313354492,,,15.449999809265137,17.0,,,21.25,29.850000381469727,5.75,,26.450000762939453,11.550000190734863,10.6850004196167,,8.800000190734863,21.0,,19.25,21.5,10.5,20.799999237060547,,,0.5,,4.949999809265137,12.149999618530273,,21.899999618530273,4.25,0.8999999761581421,10.0,22.75,12.050000190734863,2.049999952316284,,12.5,22.649999618530273,,,16.149999618530273,,29.899999618530273,30.899999618530273,,12.800000190734863,22.299999237060547,19.049999237060547,2.799999952316284,10.100000381469727,,24.450000762939453,,,4.699999809265137,2.049999952316284,,6.400000095367432,,6.0,,,21.75,9.899999618530273,,,31.850000381469727,24.899999618530273,21.200000762939453,,2.3499999046325684,,22.600000381469727,,,12.100000381469727,19.399999618530273,25.700000762939453,,,,12.75,10.350000381469727,,,,,,25.149999618530273,14.399999618530273,8.050000190734863,,38.0,35.70000076293945,21.200000762939453,12.899999618530273,,19.149999618530273,13.466666221618652,23.700000762939453,,,,9.899999618530273,,32.400001525878906,8.449999809265137,28.899999618530273,,24.649999618530273,22.25,6.349999904632568,23.930952072143555,14.050000190734863,23.200000762939453,21.200000762939453,8.050000190734863,,,19.950000762939453,,21.450000762939453,22.950000762939453,17.200000762939453,,38.79999923706055,,36.599998474121094,,14.550000190734863,35.79999923706055,3.25,17.850000381469727,,6.550000190734863,8.5,14.25,28.149999618530273,,17.049999237060547,12.800000190734863,1.350000023841858,,5.949999809265137,,,25.049999237060547,,,42.497501373291016,2.2289810180664062,4.5,6.0,,17.649999618530273,1.25,9.800000190734863,8.449999809265137,,,2024-03-01,2024Q1
2024-03-04,47.95000076293945,15.199999809265137,10.399999618530273,11.600000381469727,17.549999237060547,,23.0,24.600000381469727,,10.75,19.049999237060547,,30.350000381469727,,,,,,21.799999237060547,28.049999237060547,,,17.8125,10.449999809265137,,25.78883171081543,9.800000190734863,,49.0,19.364999771118164,,,14.899999618530273,17.0,,,20.649999618530273,29.100000381469727,5.849999904632568,,23.950000762939453,11.350000381469727,10.960000038146973,,8.449999809265137,20.799999237060547,,19.25,20.700000762939453,10.899999618530273,20.700000762939453,,,0.6000000238418579,,4.849999904632568,11.699999809265137,,21.75,4.25,0.800000011920929,10.100000381469727,22.350000381469727,11.600000381469727,2.0,,12.75,22.299999237060547,,,16.049999237060547,,28.200000762939453,30.600000381469727,,12.600000381469727,21.450000762939453,18.450000762939453,2.8499999046325684,10.0,,23.649999618530273,,,4.599999904632568,2.1500000953674316,,6.199999809265137,,5.949999809265137,,,21.450000762939453,9.600000381469727,,,31.399999618530273,24.75,20.950000762939453,,2.4000000953674316,,22.25,,,12.199999809265137,18.549999237060547,25.950000762939453,,,,14.0,9.949999809265137,,,,,,26.950000762939453,14.25,8.699999809265137,,36.5,35.400001525878906,20.649999618530273,12.949999809265137,,19.600000381469727,13.066665649414062,23.850000381469727,,,,9.850000381469727,,32.29999923706055,8.399999618530273,29.450000762939453,,23.899999618530273,21.399999618530273,5.849999904632568,23.071428298950195,14.0,22.850000381469727,20.899999618530273,8.300000190734863,,,18.0,,21.649999618530273,23.350000381469727,16.649999618530273,,38.20000076293945,,38.0,,14.600000381469727,35.599998474121094,3.049999952316284,18.0,,6.400000095367432,8.449999809265137,13.899999618530273,27.600000381469727,,16.450000762939453,12.550000190734863,1.2999999523162842,,6.050000190734863,,,24.350000381469727,,,42.3224983215332,2.4518790245056152,4.400000095367432,6.0,,17.5,1.25,9.0,8.149999618530273,,,2024-03-04,2024Q1
2024-03-05,47.04999923706055,14.899999618530273,10.600000381469727,11.399999618530273,17.549999237060547,,22.649999618530273,23.950000762939453,,10.5,18.950000762939453,,30.0,,,,,,21.399999618530273,27.799999237060547,,,17.737499237060547,10.0,,25.5814151763916,9.699999809265137,,48.04999923706055,18.21500015258789,,,14.600000381469727,16.700000762939453,,,19.950000762939453,28.700000762939453,5.75,,22.75,11.300000190734863,10.420000076293945,,8.149999618530273,20.399999618530273,,19.200000762939453,20.299999237060547,10.699999809265137,20.399999618530273,,,0.6000000238418579,,4.699999809265137,11.5,,21.200000762939453,4.300000190734863,0.75,9.899999618530273,21.600000381469727,11.399999618530273,1.899999976158142,,12.699999809265137,22.0,,,15.800000190734863,,31.049999237060547,29.799999237060547,,12.300000190734863,21.049999237060547,17.450000762939453,2.799999952316284,9.75,,22.5,,,4.400000095367432,2.0999999046325684,,6.099999904632568,,5.800000190734863,,,20.799999237060547,9.550000190734863,,,30.399999618530273,23.700000762939453,20.850000381469727,,2.3499999046325684,,22.200000762939453,,,11.899999618530273,19.350000381469727,25.700000762939453,,,,13.550000190734863,9.75,,,,,,25.200000762939453,13.899999618530273,8.300000190734863,,35.79999923706055,35.29999923706055,20.200000762939453,12.5,,19.399999618530273,13.183333396911621,23.350000381469727,,,,9.699999809265137,,30.700000762939453,8.25,28.649999618530273,,23.299999237060547,21.0,5.550000190734863,22.619047164916992,13.300000190734863,22.350000381469727,20.5,7.900000095367432,,,17.100000381469727,,21.100000381469727,22.850000381469727,16.75,,31.100000381469727,,36.150001525878906,,14.350000381469727,37.04999923706055,2.9000000953674316,17.25,,6.400000095367432,8.399999618530273,13.449999809265137,27.75,,15.649999618530273,12.300000190734863,1.25,,5.849999904632568,,,23.799999237060547,,,42.22999954223633,2.5633280277252197,4.300000190734863,5.900000095367432,,17.100000381469727,1.2000000476837158,8.550000190734863,8.0,,,2024-03-05,2024Q1
2024-03-06,46.0,14.600000381469727,10.399999618530273,11.199999809265137,17.799999237060547,,22.049999237060547,22.75,,10.050000190734863,18.5,,30.049999237060547,,,,,,21.0,26.799999237060547,,,17.4375,9.600000381469727,,25.477706909179688,9.25,,47.099998474121094,17.850000381469727,,,14.300000190734863,16.399999618530273,,,19.450000762939453,27.0,5.650000095367432,,21.649999618530273,11.050000190734863,10.395000457763672,,8.199999809265137,19.600000381469727,,19.049999237060547,19.899999618530273,10.5,20.0,,,0.550000011920929,,4.5,11.300000190734863,,20.5,4.349999904632568,0.699999988079071,9.75,20.700000762939453,11.199999809265137,1.7999999523162842,,12.449999809265137,21.549999237060547,,,14.899999618530273,,30.299999237060547,28.549999237060547,,11.699999809265137,20.649999618530273,17.649999618530273,2.75,9.699999809265137,,21.399999618530273,,,4.300000190734863,2.049999952316284,,6.0,,5.849999904632568,,,19.950000762939453,9.25,,,28.950000762939453,22.799999237060547,20.0,,2.4000000953674316,,20.25,,,11.350000381469727,18.399999618530273,24.950000762939453,,,,12.899999618530273,9.550000190734863,,,,,,24.75,13.550000190734863,7.900000095367432,,35.099998474121094,33.70000076293945,19.700000762939453,12.0,,18.850000381469727,13.416666030883789,22.950000762939453,,,,9.449999809265137,,29.200000762939453,8.100000381469727,28.200000762939453,,22.649999618530273,20.600000381469727,5.300000190734863,22.16666603088379,12.649999618530273,22.0,19.5,7.650000095367432,,,16.25,,20.299999237060547,22.549999237060547,16.5,,30.100000381469727,,34.849998474121094,,13.800000190734863,36.25,2.700000047683716,16.5,,6.150000095367432,8.0,12.899999618530273,25.700000762939453,,14.899999618530273,12.050000190734863,1.2000000476837158,,5.650000095367432,,,23.200000762939453,,,41.49250030517578,2.674777030944824,4.150000095367432,5.75,,16.799999237060547,1.2000000476837158,8.149999618530273,7.849999904632568,,,2024-03-06,2024Q1
2024-03-07,45.75,14.300000190734863,10.199999809265137,11.0,18.600000381469727,,22.149999618530273,23.350000381469727,,10.0,19.350000381469727,,33.349998474121094,,,,,,20.600000381469727,26.299999237060547,,,17.362499237060547,10.0,,24.406051635742188,9.149999618530273,,46.150001525878906,17.454999923706055,,,14.050000190734863,16.700000762939453,,,19.450000762939453,27.049999237060547,5.599999904632568,,21.450000762939453,10.899999618530273,10.444999694824219,,8.300000190734863,20.149999618530273,,18.299999237060547,19.5,10.300000190734863,20.399999618530273,,,0.550000011920929,,4.699999809265137,11.100000381469727,,20.649999618530273,4.349999904632568,0.75,9.800000190734863,21.700000762939453,11.0,1.850000023841858,,12.25,22.149999618530273,,,14.600000381469727,,29.200000762939453,28.549999237060547,,11.449999809265137,21.049999237060547,17.899999618530273,2.700000047683716,9.800000190734863,,20.899999618530273,,,4.449999809265137,2.049999952316284,,5.900000095367432,,5.800000190734863,,,20.200000762939453,9.449999809265137,,,28.799999237060547,22.850000381469727,21.049999237060547,,2.450000047683716,,20.399999618530273,,,11.550000190734863,19.299999237060547,23.799999237060547,,,,13.0,9.699999809265137,,,,,,24.549999237060547,13.449999809265137,8.25,,34.400001525878906,34.20000076293945,19.899999618530273,12.100000381469727,,18.75,13.899999618530273,22.950000762939453,,,,9.399999618530273,,28.149999618530273,7.949999809265137,28.899999618530273,,22.899999618530273,20.200000762939453,5.449999809265137,22.076190948486328,13.25,21.700000762939453,19.850000381469727,7.949999809265137,,,17.049999237060547,,20.350000381469727,23.049999237060547,16.399999618530273,,28.299999237060547,,34.349998474121094,,15.149999618530273,36.650001525878906,3.049999952316284,16.25,,5.949999809265137,7.800000190734863,13.5,25.850000381469727,,15.050000190734863,11.800000190734863,1.25,,5.900000095367432,,,23.299999237060547,,,41.13750076293945,2.7862260341644287,4.349999904632568,6.0,,16.950000762939453,1.2000000476837158,7.75,8.0,,,2024-03-07,2024Q1
2024-03-11,42.900001525878906,14.050000190734863,10.0,10.449999809265137,17.700000762939453,,20.899999618530273,22.200000762939453,,9.600000381469727,18.450000762939453,,30.799999237060547,,,,,,20.200000762939453,25.600000381469727,,,17.25,9.600000381469727,,23.714662551879883,8.699999809265137,,45.25,17.920000076293945,,,13.800000190734863,16.75,,,19.100000381469727,25.450000762939453,5.5,,22.5,10.449999809265137,10.234999656677246,,8.149999618530273,19.200000762939453,,17.450000762939453,18.549999237060547,10.100000381469727,21.399999618530273,,,0.5,,4.5,10.550000190734863,,19.799999237060547,4.300000190734863,0.699999988079071,9.550000190734863,20.899999618530273,11.550000190734863,1.7999999523162842,,12.0,21.25,,,13.350000381469727,,27.899999618530273,26.950000762939453,,10.899999618530273,22.100000381469727,16.950000762939453,2.5999999046325684,9.75,,20.399999618530273,,,4.25,2.0,,5.800000190734863,,5.800000190734863,,,18.850000381469727,9.149999618530273,,,27.75,21.899999618530273,20.0,,2.3499999046325684,,20.850000381469727,,,11.0,18.350000381469727,22.799999237060547,,,,12.350000381469727,9.5,,,,,,23.0,12.899999618530273,8.399999618530273,,33.75,32.650001525878906,18.799999237060547,11.949999809265137,,18.200000762939453,13.633333206176758,22.5,,,,9.25,,26.75,7.800000190734863,27.799999237060547,,21.75,19.799999237060547,5.300000190734863,21.66904640197754,12.600000381469727,21.149999618530273,18.850000381469727,7.599999904632568,,,17.0,,20.0,22.600000381469727,15.75,,22.649999618530273,,32.25,,14.199999809265137,35.04999923706055,2.950000047683716,16.450000762939453,,5.949999809265137,7.650000095367432,13.300000190734863,23.700000762939453,,14.699999809265137,11.600000381469727,1.2000000476837158,,5.650000095367432,,,22.049999237060547,,,39.08250045776367,2.749077081680298,4.0,5.849999904632568,,16.600000381469727,1.25,7.400000095367432,7.849999904632568,,,2024-03-11,2024Q1
2024-03-12,43.20000076293945,13.800000190734863,9.800000190734863,9.949999809265137,16.850000381469727,,20.149999618530273,21.100000381469727,,9.149999618530273,17.549999237060547,,29.5,,,,,,19.799999237060547,24.799999237060547,,,16.237499237060547,9.149999618530273,,24.890024185180664,8.300000190734863,,44.349998474121094,17.645000457763672,,,13.550000190734863,15.949999809265137,,,18.299999237060547,25.0,5.300000190734863,,23.600000381469727,9.949999809265137,10.095000267028809,,7.699999809265137,18.549999237060547,,17.049999237060547,17.649999618530273,9.899999618530273,22.450000762939453,,,0.550000011920929,,4.300000190734863,10.050000190734863,,18.899999618530273,4.25,0.699999988079071,9.25,19.850000381469727,12.100000381469727,1.75,,11.800000190734863,20.5,,,13.949999809265137,,25.899999618530273,27.450000762939453,,10.75,23.149999618530273,16.350000381469727,2.5,9.300000190734863,,19.399999618530273,,,4.099999904632568,1.9500000476837158,,5.699999809265137,,5.550000190734863,,,17.899999618530273,8.600000381469727,,,26.399999618530273,21.5,19.850000381469727,,2.25,,19.700000762939453,,,10.449999809265137,18.350000381469727,21.850000381469727,,,,11.800000190734863,9.350000381469727,,,,,,22.350000381469727,12.25,8.0,,33.099998474121094,30.850000381469727,18.350000381469727,11.399999618530273,,16.850000381469727,12.783332824707031,21.450000762939453,,,,8.800000190734863,,25.450000762939453,7.650000095367432,26.450000762939453,,20.700000762939453,19.399999618530273,5.449999809265137,21.261903762817383,12.0,20.350000381469727,17.899999618530273,7.849999904632568,,,16.149999618530273,,19.0,22.149999618530273,15.0,,20.399999618530273,,30.649999618530273,,13.449999809265137,33.04999923706055,3.200000047683716,15.649999618530273,,5.650000095367432,7.300000190734863,12.699999809265137,23.799999237060547,,14.199999809265137,11.399999618530273,1.2000000476837158,,5.449999809265137,,,21.5,,,37.130001068115234,2.7119269371032715,3.799999952316284,5.550000190734863,,16.049999237060547,1.25,7.050000190734863,7.699999809265137,,,2024-03-12,2024Q1
2024-03-13,39.04999923706055,13.550000190734863,9.600000381469727,9.449999809265137,16.0,,18.700000762939453,20.049999237060547,,8.699999809265137,16.700000762939453,,27.049999237060547,,,,,,19.399999618530273,23.600000381469727,,,15.75,8.699999809265137,,26.134525299072266,7.900000095367432,,43.5,16.204999923706055,,,13.300000190734863,15.149999618530273,,,17.0,22.799999237060547,5.050000190734863,,24.75,9.100000381469727,9.529999732971191,,7.199999809265137,16.399999618530273,,16.25,16.799999237060547,9.699999809265137,21.350000381469727,,,0.5,,4.099999904632568,9.550000190734863,,17.049999237060547,4.199999809265137,0.6499999761581421,8.850000381469727,18.850000381469727,11.5,1.7000000476837158,,11.600000381469727,19.149999618530273,,,12.649999618530273,,22.75,24.899999618530273,,10.25,22.0,15.649999618530273,2.4000000953674316,8.850000381469727,,18.450000762939453,,,3.9000000953674316,1.850000023841858,,5.599999904632568,,5.300000190734863,,,16.399999618530273,7.849999904632568,,,25.100000381469727,20.450000762939453,17.950000762939453,,2.1500000953674316,,18.0,,,9.949999809265137,18.350000381469727,21.0,,,,11.25,9.199999809265137,,,,,,19.649999618530273,11.649999618530273,7.599999904632568,,32.45000076293945,28.350000381469727,16.200000762939453,10.850000381469727,,15.399999618530273,11.25,19.950000762939453,,,,8.399999618530273,,24.200000762939453,7.5,25.149999618530273,,19.700000762939453,19.049999237060547,5.199999809265137,20.854761123657227,11.399999618530273,19.350000381469727,17.0,7.699999809265137,,,15.350000381469727,,18.049999237060547,21.049999237060547,14.850000381469727,,18.399999618530273,,26.299999237060547,,12.399999618530273,29.549999237060547,2.950000047683716,14.899999618530273,,5.400000095367432,7.099999904632568,12.100000381469727,21.450000762939453,,13.5,11.199999809265137,1.149999976158142,,5.199999809265137,,,19.450000762939453,,,35.8224983215332,2.674777030944824,3.450000047683716,5.300000190734863,,15.050000190734863,1.2000000476837158,7.400000095367432,7.550000190734863,,,2024-03-13,2024Q1
2024-03-14,42.79999923706055,13.300000190734863,9.399999618530273,9.0,15.600000381469727,,19.899999618530273,19.200000762939453,,9.100000381469727,17.100000381469727,,27.850000381469727,,,,,,19.049999237060547,24.649999618530273,,,16.537500381469727,8.899999618530273,,27.03333282470703,7.900000095367432,,42.650001525878906,16.635000228881836,,,13.050000190734863,14.850000381469727,,,18.149999618530273,25.049999237060547,4.949999809265137,,25.950000762939453,9.399999618530273,7.664999961853027,,7.75,17.700000762939453,,16.200000762939453,17.600000381469727,9.5,20.450000762939453,,,0.5,,3.950000047683716,9.100000381469727,,20.399999618530273,4.150000095367432,0.6499999761581421,9.199999809265137,19.75,11.649999618530273,1.75,,11.5,20.200000762939453,,,13.350000381469727,,23.25,25.75,,10.75,20.899999618530273,16.299999237060547,2.299999952316284,9.149999618530273,,18.149999618530273,,,4.0,1.899999976158142,,5.5,,5.25,,,17.700000762939453,7.900000095367432,,,26.350000381469727,20.200000762939453,19.350000381469727,,2.049999952316284,,18.149999618530273,,,9.800000190734863,18.350000381469727,21.450000762939453,,,,11.699999809265137,9.050000190734863,,,,,,21.450000762939453,12.149999618530273,7.800000190734863,,31.799999237060547,30.149999618530273,17.0,11.350000381469727,,15.75,13.399999618530273,21.850000381469727,,,,8.399999618530273,,23.649999618530273,7.349999904632568,25.600000381469727,,20.649999618530273,18.700000762939453,5.150000095367432,20.44761848449707,10.850000381469727,19.950000762939453,17.299999237060547,7.699999809265137,,,15.399999618530273,,18.649999618530273,21.549999237060547,15.25,,20.200000762939453,,27.899999618530273,,12.949999809265137,31.850000381469727,2.950000047683716,15.5,,5.5,7.150000095367432,12.550000190734863,21.350000381469727,,13.25,11.0,1.149999976158142,,5.400000095367432,,,20.700000762939453,,,37.61249923706055,2.6376280784606934,3.75,5.5,,15.699999809265137,1.149999976158142,7.75,7.400000095367432,,,2024-03-14,2024Q1
2024-03-15,40.900001525878906,13.050000190734863,9.25,8.550000190734863,15.199999809265137,,20.299999237060547,20.149999618530273,,9.050000190734863,16.700000762939453,,28.299999237060547,,,,,,18.700000762939453,23.649999618530273,,,16.424999237060547,8.600000381469727,,28.399999618530273,7.5,,41.79999923706055,16.9950008392334,,,12.800000190734863,14.649999618530273,,,17.899999618530273,24.899999618530273,5.099999904632568,,27.200000762939453,9.399999618530273,6.965000152587891,,7.550000190734863,17.649999618530273,,15.899999618530273,17.850000381469727,9.350000381469727,20.100000381469727,,,0.5,,3.950000047683716,8.649999618530273,,19.549999237060547,4.099999904632568,0.6499999761581421,9.199999809265137,20.299999237060547,11.100000381469727,1.7000000476837158,,11.300000190734863,20.350000381469727,,,13.300000190734863,,22.899999618530273,25.299999237060547,,10.699999809265137,21.899999618530273,17.899999618530273,2.4000000953674316,9.0,,18.100000381469727,,,3.8499999046325684,1.899999976158142,,5.400000095367432,,5.0,,,18.0,7.949999809265137,,,27.649999618530273,20.200000762939453,20.600000381469727,,2.049999952316284,,18.600000381469727,,,10.25,18.350000381469727,21.75,,,,11.199999809265137,8.899999618530273,,,,,,21.25,12.100000381469727,7.849999904632568,,31.200000762939453,30.149999618530273,17.049999237060547,11.75,,15.899999618530273,12.783332824707031,21.25,,,,8.550000190734863,,24.0,7.199999809265137,25.850000381469727,,21.5,18.549999237060547,5.099999904632568,20.040475845336914,10.350000381469727,20.649999618530273,17.0,7.349999904632568,,,15.100000381469727,,18.799999237060547,22.299999237060547,15.25,,22.200000762939453,,27.450000762939453,,13.050000190734863,31.200000762939453,3.049999952316284,15.899999618530273,,5.75,7.25,12.300000190734863,21.700000762939453,,12.75,10.800000190734863,1.100000023841858,,5.400000095367432,,,20.399999618530273,,,36.36249923706055,2.600477933883667,3.700000047683716,5.400000095367432,,15.75,1.149999976158142,8.100000381469727,7.25,,,2024-03-15,2024Q1
2024-03-18,40.95000076293945,12.800000190734863,8.800000190734863,8.949999809265137,15.850000381469727,,19.950000762939453,19.700000762939453,,8.949999809265137,16.350000381469727,,28.200000762939453,,,,,,18.350000381469727,22.799999237060547,,,16.424999237060547,8.550000190734863,,27.149999618530273,7.650000095367432,,41.0,18.024999618530273,,,12.550000190734863,15.050000190734863,,,19.549999237060547,24.75,5.050000190734863,,26.649999618530273,9.100000381469727,7.644999980926514,,7.699999809265137,17.350000381469727,,15.699999809265137,16.950000762939453,8.899999618530273,19.399999618530273,,,0.5,,4.0,9.050000190734863,,19.450000762939453,4.050000190734863,0.699999988079071,8.899999618530273,19.649999618530273,10.550000190734863,1.7000000476837158,,11.300000190734863,20.149999618530273,,,13.399999618530273,,22.850000381469727,25.600000381469727,,11.149999618530273,22.700000762939453,19.399999618530273,2.3499999046325684,9.199999809265137,,18.450000762939453,,,3.950000047683716,1.899999976158142,,5.300000190734863,,5.099999904632568,,,18.950000762939453,8.699999809265137,,,28.850000381469727,20.850000381469727,21.399999618530273,,2.0,,19.299999237060547,,,10.350000381469727,18.299999237060547,21.899999618530273,,,,10.699999809265137,8.75,,,,,,21.0,12.050000190734863,7.699999809265137,,29.649999618530273,29.649999618530273,16.850000381469727,11.800000190734863,,15.949999809265137,12.75,21.100000381469727,,,,8.199999809265137,,25.200000762939453,7.050000190734863,24.850000381469727,,22.299999237060547,19.450000762939453,4.949999809265137,19.045238494873047,9.850000381469727,20.549999237060547,16.399999618530273,7.099999904632568,,,14.850000381469727,,18.799999237060547,22.799999237060547,15.050000190734863,,24.399999618530273,,27.5,,14.350000381469727,30.950000762939453,2.8499999046325684,16.399999618530273,,6.0,7.150000095367432,12.050000190734863,21.299999237060547,,13.050000190734863,10.300000190734863,1.100000023841858,,5.400000095367432,,,20.100000381469727,,,37.20750045776367,2.5633280277252197,3.75,5.199999809265137,,15.699999809265137,1.100000023841858,8.5,7.099999904632568,,,2024-03-18,2024Q1
2024-03-19,40.29999923706055,12.550000190734863,8.649999618530273,9.350000381469727,15.050000190734863,,19.600000381469727,19.899999618530273,,8.949999809265137,15.800000190734863,,27.700000762939453,,,,,,18.0,22.5,,,16.125,8.199999809265137,,26.600000381469727,7.349999904632568,,40.20000076293945,17.94499969482422,,,12.300000190734863,15.050000190734863,,,18.100000381469727,24.700000762939453,4.900000095367432,,26.149999618530273,9.050000190734863,7.434999942779541,,7.599999904632568,16.75,,15.0,16.700000762939453,8.449999809265137,19.75,,,0.5,,3.8499999046325684,9.449999809265137,,19.0,4.0,0.699999988079071,8.600000381469727,18.899999618530273,10.050000190734863,1.649999976158142,,11.25,19.700000762939453,,,13.199999809265137,,21.399999618530273,24.649999618530273,,10.850000381469727,21.600000381469727,18.149999618530273,2.299999952316284,9.100000381469727,,18.200000762939453,,,3.75,1.850000023841858,,5.199999809265137,,5.099999904632568,,,19.299999237060547,8.399999618530273,,,30.149999618530273,20.200000762939453,20.75,,1.899999976158142,,19.299999237060547,,,10.050000190734863,17.399999618530273,21.649999618530273,,,,10.75,8.600000381469727,,,,,,20.299999237060547,12.0,7.400000095367432,,28.200000762939453,28.5,16.5,11.350000381469727,,15.350000381469727,15.25,21.149999618530273,,,,8.050000190734863,,26.450000762939453,6.900000095367432,24.700000762939453,,21.450000762939453,18.700000762939453,4.699999809265137,19.180952072143555,9.350000381469727,19.950000762939453,15.75,7.099999904632568,,,15.350000381469727,,18.25,22.100000381469727,15.550000190734863,,24.799999237060547,,27.049999237060547,,14.300000190734863,29.75,2.799999952316284,16.350000381469727,,5.800000190734863,6.900000095367432,11.899999618530273,21.149999618530273,,12.850000381469727,9.800000190734863,1.149999976158142,,5.199999809265137,,,19.649999618530273,,,36.192501068115234,2.526179075241089,3.6500000953674316,5.050000190734863,,15.449999809265137,1.100000023841858,8.899999618530273,6.949999809265137,,,2024-03-19,2024Q1
2024-03-20,40.0,12.300000190734863,9.0,9.800000190734863,15.600000381469727,,19.799999237060547,20.149999618530273,,8.699999809265137,15.350000381469727,,27.799999237060547,,,,,,17.649999618530273,21.850000381469727,,,16.125,8.100000381469727,,26.100000381469727,7.699999809265137,,39.400001525878906,17.415000915527344,,,12.100000381469727,15.25,,,18.049999237060547,24.5,4.949999809265137,,25.649999618530273,8.850000381469727,7.525000095367432,,7.650000095367432,16.649999618530273,,14.850000381469727,16.899999618530273,8.050000190734863,19.450000762939453,,,0.44999998807907104,,3.75,9.0,,18.75,3.950000047683716,0.6499999761581421,8.350000381469727,18.450000762939453,9.649999618530273,1.600000023841858,,11.199999809265137,19.399999618530273,,,14.0,,21.75,24.5,,10.850000381469727,20.549999237060547,19.299999237060547,2.299999952316284,9.050000190734863,,17.399999618530273,,,3.5999999046325684,1.850000023841858,,5.099999904632568,,4.949999809265137,,,18.5,8.199999809265137,,,28.649999618530273,21.049999237060547,21.049999237060547,,1.7999999523162842,,19.450000762939453,,,9.75,16.549999237060547,21.700000762939453,,,,10.25,8.449999809265137,,,,,,20.149999618530273,11.850000381469727,7.550000190734863,,29.600000381469727,28.899999618530273,15.949999809265137,11.350000381469727,,14.899999618530273,13.350000381469727,20.850000381469727,,,,8.100000381469727,,27.75,6.800000190734863,24.200000762939453,,21.399999618530273,17.950000762939453,4.900000095367432,19.045238494873047,8.899999618530273,20.799999237060547,16.5,6.900000095367432,,,15.75,,18.049999237060547,22.5,16.049999237060547,,25.899999618530273,,27.200000762939453,,14.0,30.299999237060547,2.799999952316284,15.550000190734863,,5.849999904632568,6.800000190734863,11.600000381469727,20.549999237060547,,13.100000381469727,9.350000381469727,1.149999976158142,,5.0,,,19.850000381469727,,,36.25,2.5633280277252197,3.5999999046325684,5.099999904632568,,15.199999809265137,1.100000023841858,9.300000190734863,6.849999904632568,,,2024-03-20,2024Q1
2024-03-21,41.599998474121094,12.5,9.449999809265137,10.25,16.350000381469727,,19.200000762939453,20.950000762939453,,8.800000190734863,16.100000381469727,,28.75,,,,,,17.299999237060547,20.850000381469727,,,16.200000762939453,8.5,,25.600000381469727,8.050000190734863,,38.650001525878906,17.44499969482422,,,12.300000190734863,16.0,,,18.799999237060547,25.25,4.900000095367432,,25.149999618530273,9.050000190734863,7.704999923706055,,7.699999809265137,17.299999237060547,,14.949999809265137,16.950000762939453,8.449999809265137,19.649999618530273,,,0.5,,3.8499999046325684,8.800000190734863,,19.600000381469727,3.9000000953674316,0.699999988079071,8.449999809265137,19.350000381469727,10.100000381469727,1.649999976158142,,11.399999618530273,19.399999618530273,,,14.800000190734863,,22.75,25.0,,10.899999618530273,21.200000762939453,18.950000762939453,2.3499999046325684,9.100000381469727,,17.549999237060547,,,3.75,1.850000023841858,,5.0,,4.949999809265137,,,19.049999237060547,8.800000190734863,,,27.299999237060547,20.450000762939453,20.899999618530273,,1.75,,19.600000381469727,,,10.199999809265137,15.800000190734863,21.850000381469727,,,,10.75,8.300000190734863,,,,,,20.700000762939453,12.050000190734863,7.900000095367432,,31.049999237060547,30.0,16.950000762939453,11.399999618530273,,16.049999237060547,14.100000381469727,20.899999618530273,,,,8.5,,28.399999618530273,6.699999809265137,24.299999237060547,,21.149999618530273,18.799999237060547,5.099999904632568,18.592857360839844,9.300000190734863,20.5,17.299999237060547,6.75,,,15.699999809265137,,18.149999618530273,22.399999618530273,15.399999618530273,,27.149999618530273,,27.350000381469727,,14.350000381469727,30.600000381469727,2.8499999046325684,15.699999809265137,,6.099999904632568,7.0,11.850000381469727,21.549999237060547,,13.75,9.75,1.149999976158142,,5.050000190734863,,,19.950000762939453,,,36.04750061035156,2.526179075241089,3.700000047683716,5.25,,15.300000190734863,1.149999976158142,9.75,6.75,,,2024-03-21,2024Q1
2024-03-22,41.849998474121094,12.75,9.899999618530273,10.75,16.299999237060547,,19.399999618530273,21.950000762939453,,8.649999618530273,16.450000762939453,,28.399999618530273,,,,,,16.950000762939453,21.200000762939453,,,16.237499237060547,8.600000381469727,,25.100000381469727,8.199999809265137,,37.900001525878906,16.90999984741211,,,12.5,16.799999237060547,,,19.649999618530273,26.200000762939453,4.949999809265137,,24.649999618530273,8.899999618530273,7.920000076293945,,7.800000190734863,17.850000381469727,,15.0,17.5,8.25,20.299999237060547,,,0.5,,3.75,8.850000381469727,,19.600000381469727,3.8499999046325684,0.699999988079071,8.800000190734863,20.299999237060547,10.600000381469727,1.649999976158142,,11.300000190734863,20.350000381469727,,,13.800000190734863,,23.350000381469727,26.049999237060547,,11.100000381469727,20.350000381469727,18.25,2.3499999046325684,9.100000381469727,,17.200000762939453,,,3.9000000953674316,1.7999999523162842,,4.900000095367432,,4.949999809265137,,,19.149999618530273,8.649999618530273,,,26.350000381469727,21.149999618530273,20.149999618530273,,1.7000000476837158,,19.899999618530273,,,9.899999618530273,15.850000381469727,22.100000381469727,,,,11.25,8.25,,,,,,20.799999237060547,12.199999809265137,8.25,,32.599998474121094,30.049999237060547,16.950000762939453,11.600000381469727,,15.75,13.25,21.049999237060547,,,,8.899999618530273,,27.0,6.599999904632568,23.100000381469727,,21.549999237060547,19.700000762939453,5.349999904632568,18.819047927856445,9.75,20.149999618530273,18.149999618530273,7.0,,,15.899999618530273,,18.5,22.399999618530273,15.199999809265137,,28.5,,27.299999237060547,,14.0,30.799999237060547,2.8499999046325684,15.399999618530273,,6.400000095367432,6.900000095367432,11.899999618530273,22.600000381469727,,14.399999618530273,10.199999809265137,1.149999976158142,,5.199999809265137,,,20.200000762939453,,,35.6875,2.4890289306640625,3.700000047683716,5.25,,15.300000190734863,1.149999976158142,9.800000190734863,6.75,,,2024-03-22,2024Q1
2024-03-26,39.20000076293945,13.0,9.949999809265137,10.300000190734863,15.550000190734863,,18.5,21.149999618530273,,8.300000190734863,16.149999618530273,,28.299999237060547,,,,,,17.25,20.149999618530273,,,16.125,8.350000381469727,,24.600000381469727,7.800000190734863,,36.0,16.094999313354492,,,12.75,17.299999237060547,,,19.25,25.100000381469727,5.0,,24.149999618530273,8.600000381469727,7.880000114440918,,7.349999904632568,17.149999618530273,,14.800000190734863,18.350000381469727,7.849999904632568,22.299999237060547,,,0.5,,3.5999999046325684,8.5,,18.899999618530273,3.799999952316284,0.699999988079071,8.850000381469727,20.399999618530273,10.199999809265137,1.600000023841858,,11.100000381469727,19.850000381469727,,,13.350000381469727,,23.200000762939453,27.450000762939453,,10.600000381469727,19.5,17.75,2.299999952316284,9.949999809265137,,16.350000381469727,,,3.799999952316284,1.75,,4.800000190734863,,4.800000190734863,,,18.5,8.100000381469727,,,25.399999618530273,20.700000762939453,20.149999618530273,,1.649999976158142,,19.950000762939453,,,9.649999618530273,16.600000381469727,21.450000762939453,,,,11.100000381469727,8.199999809265137,,,,,,20.100000381469727,12.149999618530273,8.0,,33.849998474121094,29.299999237060547,16.399999618530273,11.199999809265137,,15.5,12.949999809265137,20.549999237060547,,,,8.600000381469727,,28.049999237060547,6.699999809265137,23.299999237060547,,21.049999237060547,20.649999618530273,5.550000190734863,18.049999237060547,10.199999809265137,20.049999237060547,17.25,6.75,,,15.699999809265137,,18.049999237060547,23.100000381469727,14.5,,29.899999618530273,,25.75,,14.100000381469727,29.850000381469727,2.799999952316284,15.75,,6.150000095367432,6.650000095367432,11.550000190734863,21.600000381469727,,14.699999809265137,10.699999809265137,1.2000000476837158,,4.949999809265137,,,19.899999618530273,,,35.25749969482422,2.4518790245056152,3.6500000953674316,5.050000190734863,,14.850000381469727,1.100000023841858,9.600000381469727,6.5,,,2024-03-26,2024Q1
2024-03-27,39.400001525878906,13.25,9.600000381469727,10.100000381469727,14.949999809265137,,17.799999237060547,20.649999618530273,,8.149999618530273,16.950000762939453,,27.799999237060547,,,,,,17.549999237060547,19.75,,,15.787500381469727,8.0,,24.100000381469727,7.5,,34.20000076293945,15.4399995803833,,,13.0,17.700000762939453,,,18.450000762939453,23.75,4.800000190734863,,23.700000762939453,8.449999809265137,7.644999980926514,,7.150000095367432,16.799999237060547,,14.75,19.25,7.449999809265137,21.25,,,0.5,,3.5999999046325684,8.449999809265137,,18.0,3.75,0.6499999761581421,8.649999618530273,19.450000762939453,9.699999809265137,1.600000023841858,,10.949999809265137,19.799999237060547,,,12.899999618530273,,23.700000762939453,26.600000381469727,,10.199999809265137,19.75,16.600000381469727,2.200000047683716,9.350000381469727,,15.550000190734863,,,3.75,1.7999999523162842,,4.699999809265137,,4.650000095367432,,,18.5,7.699999809265137,,,26.200000762939453,20.649999618530273,19.399999618530273,,1.600000023841858,,19.200000762939453,,,9.25,16.149999618530273,20.600000381469727,,,,10.699999809265137,7.800000190734863,,,,,,19.600000381469727,11.649999618530273,7.699999809265137,,32.150001525878906,28.399999618530273,16.299999237060547,10.699999809265137,,14.800000190734863,14.149999618530273,19.700000762939453,,,,8.25,,27.5,6.800000190734863,22.600000381469727,,20.100000381469727,21.600000381469727,5.300000190734863,18.095237731933594,9.75,20.049999237060547,16.799999237060547,6.449999809265137,,,15.0,,17.350000381469727,23.299999237060547,13.800000190734863,,28.399999618530273,,25.950000762939453,,14.0,29.299999237060547,2.799999952316284,15.100000381469727,,5.900000095367432,6.349999904632568,11.050000190734863,21.549999237060547,,15.25,10.25,1.25,,4.900000095367432,,,20.149999618530273,,,35.352500915527344,2.4890289306640625,3.5999999046325684,4.949999809265137,,14.25,1.0499999523162842,9.399999618530273,6.199999809265137,,,2024-03-27,2024Q1
2024-03-28,39.5,13.5,9.149999618530273,9.899999618530273,14.899999618530273,,17.899999618530273,20.100000381469727,,8.050000190734863,17.75,,26.299999237060547,,,,,,17.899999618530273,19.25,,,15.675000190734863,8.149999618530273,,23.649999618530273,7.400000095367432,,32.5,16.834999084472656,,,13.25,17.25,,,18.25,23.350000381469727,4.800000190734863,,23.25,8.100000381469727,7.684999942779541,,7.0,16.75,,15.399999618530273,20.200000762939453,7.099999904632568,22.0,,,0.5,,3.6500000953674316,8.699999809265137,,18.600000381469727,3.700000047683716,0.6499999761581421,8.5,18.700000762939453,9.350000381469727,1.600000023841858,,10.75,19.600000381469727,,,14.350000381469727,,26.049999237060547,26.450000762939453,,10.199999809265137,19.700000762939453,18.25,2.0999999046325684,9.350000381469727,,16.149999618530273,,,3.6500000953674316,1.75,,4.599999904632568,,4.550000190734863,,,18.700000762939453,7.949999809265137,,,26.299999237060547,20.350000381469727,19.649999618530273,,1.5499999523162842,,18.950000762939453,,,8.949999809265137,15.5,20.350000381469727,,,,10.300000190734863,7.449999809265137,,,,,,20.049999237060547,11.649999618530273,7.650000095367432,,31.5,27.549999237060547,16.149999618530273,10.300000190734863,,14.649999618530273,14.399999618530273,19.399999618530273,,,,8.25,,28.600000381469727,6.900000095367432,22.799999237060547,,20.0,20.649999618530273,5.099999904632568,17.64285659790039,9.449999809265137,20.049999237060547,16.649999618530273,6.150000095367432,,,14.699999809265137,,16.700000762939453,22.600000381469727,13.25,,28.5,,25.899999618530273,,13.800000190734863,30.049999237060547,2.799999952316284,14.699999809265137,,5.599999904632568,6.050000190734863,11.149999618530273,20.75,,14.5,9.949999809265137,1.2999999523162842,,4.650000095367432,,,19.850000381469727,,,36.09000015258789,2.4518790245056152,3.6500000953674316,4.849999904632568,,14.199999809265137,1.0499999523162842,9.25,6.150000095367432,,,2024-03-28,2024Q1
2024-04-01,42.900001525878906,13.75,9.699999809265137,9.699999809265137,15.600000381469727,,19.600000381469727,21.100000381469727,,8.449999809265137,18.299999237060547,,26.700000762939453,,,,,,18.25,20.200000762939453,,,16.3125,8.550000190734863,,23.649999618530273,7.75,,30.899999618530273,17.725000381469727,,,13.899999618530273,18.200000762939453,,,19.149999618530273,25.649999618530273,5.0,,22.799999237060547,8.899999618530273,7.925000190734863,,7.699999809265137,17.799999237060547,,16.149999618530273,20.200000762939453,7.449999809265137,23.049999237060547,,,0.5,,3.799999952316284,9.100000381469727,,19.299999237060547,3.6500000953674316,0.699999988079071,8.899999618530273,19.600000381469727,9.800000190734863,1.649999976158142,,10.850000381469727,21.5,,,15.600000381469727,,28.149999618530273,27.700000762939453,,10.699999809265137,20.649999618530273,19.100000381469727,2.200000047683716,9.899999618530273,,16.950000762939453,,,3.799999952316284,1.7999999523162842,,4.5,,4.75,,,19.399999618530273,8.449999809265137,,,27.600000381469727,21.350000381469727,19.75,,1.600000023841858,,19.5,,,9.350000381469727,16.200000762939453,21.350000381469727,,,,10.800000190734863,7.800000190734863,,,,,,22.350000381469727,12.199999809265137,8.0,,30.899999618530273,32.150001525878906,17.200000762939453,10.800000190734863,,16.100000381469727,14.300000190734863,21.100000381469727,,,,8.649999618530273,,31.350000381469727,7.0,23.600000381469727,,21.0,21.049999237060547,5.349999904632568,18.50238037109375,9.899999618530273,21.0,17.450000762939453,6.449999809265137,,,15.399999618530273,,17.5,22.25,13.899999618530273,,28.649999618530273,,26.850000381469727,,14.399999618530273,31.549999237060547,2.8499999046325684,15.399999618530273,,5.849999904632568,5.900000095367432,11.699999809265137,21.75,,15.199999809265137,10.300000190734863,1.350000023841858,,4.849999904632568,,,21.200000762939453,,,37.89250183105469,2.4147300720214844,4.0,5.050000190734863,,15.550000190734863,1.100000023841858,9.399999618530273,6.449999809265137,,,2024-04-01,2024Q2
2024-04-02,42.650001525878906,14.0,10.100000381469727,9.5,15.850000381469727,,20.149999618530273,22.149999618530273,,8.850000381469727,17.950000762939453,,26.950000762939453,,,,,,18.600000381469727,21.149999618530273,,,17.512500762939453,8.949999809265137,,24.100000381469727,8.100000381469727,,29.350000381469727,17.709999084472656,,,14.5,18.350000381469727,,,19.399999618530273,26.399999618530273,5.25,,22.899999618530273,9.100000381469727,8.229999542236328,,8.449999809265137,18.149999618530273,,16.899999618530273,19.899999618530273,7.800000190734863,24.299999237060547,,,0.550000011920929,,3.950000047683716,9.550000190734863,,19.549999237060547,3.5999999046325684,0.699999988079071,9.300000190734863,20.549999237060547,10.25,1.7000000476837158,,11.0,21.5,,,16.549999237060547,,28.450000762939453,27.799999237060547,,11.199999809265137,21.649999618530273,19.049999237060547,2.299999952316284,10.0,,17.75,,,3.950000047683716,1.7999999523162842,,4.449999809265137,,4.949999809265137,,,19.450000762939453,8.600000381469727,,,28.950000762939453,22.399999618530273,19.649999618530273,,1.649999976158142,,19.899999618530273,,,9.800000190734863,17.0,21.799999237060547,,,,11.300000190734863,8.149999618530273,,,,,,22.399999618530273,12.800000190734863,8.399999618530273,,30.299999237060547,32.29999923706055,17.850000381469727,11.300000190734863,,16.600000381469727,14.0,22.25,,,,9.050000190734863,,34.20000076293945,7.099999904632568,24.75,,22.0,21.049999237060547,5.5,19.407142639160156,10.25,21.299999237060547,17.950000762939453,6.75,,,15.949999809265137,,18.350000381469727,22.200000762939453,14.550000190734863,,29.549999237060547,,28.149999618530273,,15.050000190734863,32.75,3.049999952316284,16.149999618530273,,6.099999904632568,6.150000095367432,12.25,22.100000381469727,,15.649999618530273,10.149999618530273,1.2999999523162842,,5.050000190734863,,,21.850000381469727,,,39.3025016784668,2.377579927444458,4.300000190734863,5.300000190734863,,15.699999809265137,1.149999976158142,9.550000190734863,6.75,,,2024-04-02,2024Q2
2024-04-03,44.70000076293945,14.25,11.100000381469727,9.350000381469727,16.600000381469727,,21.0,22.25,,9.25,18.0,,27.450000762939453,,,,,,18.950000762939453,22.200000762939453,,,18.037500381469727,9.350000381469727,,24.549999237060547,8.5,,27.899999618530273,18.020000457763672,,,15.199999809265137,19.899999618530273,,,20.049999237060547,27.25,5.5,,23.0,9.0,8.149999618530273,,8.600000381469727,19.100000381469727,,17.700000762939453,19.200000762939453,8.149999618530273,26.700000762939453,,,0.550000011920929,,4.099999904632568,10.0,,20.299999237060547,3.6500000953674316,0.75,9.75,21.549999237060547,10.75,1.75,,11.199999809265137,21.950000762939453,,,16.700000762939453,,31.25,28.299999237060547,,11.75,22.700000762939453,19.450000762939453,2.4000000953674316,10.199999809265137,,18.600000381469727,,,4.099999904632568,1.850000023841858,,4.400000095367432,,5.150000095367432,,,20.299999237060547,9.149999618530273,,,29.399999618530273,23.200000762939453,19.549999237060547,,1.7000000476837158,,20.149999618530273,,,10.25,17.399999618530273,22.850000381469727,,,,11.850000381469727,8.550000190734863,,,,,,22.75,13.399999618530273,8.800000190734863,,30.0,33.04999923706055,18.649999618530273,11.850000381469727,,17.299999237060547,13.850000381469727,22.700000762939453,,,,9.5,,32.70000076293945,7.199999809265137,25.950000762939453,,23.100000381469727,20.850000381469727,5.75,20.357141494750977,10.300000190734863,22.350000381469727,18.25,7.050000190734863,,,16.600000381469727,,19.25,22.399999618530273,15.25,,29.25,,29.5,,15.149999618530273,32.95000076293945,3.049999952316284,16.950000762939453,,6.400000095367432,6.449999809265137,12.850000381469727,23.200000762939453,,16.200000762939453,10.449999809265137,1.2999999523162842,,5.300000190734863,,,24.0,,,39.06999969482422,2.3404300212860107,4.25,5.300000190734863,,16.549999237060547,1.149999976158142,9.699999809265137,6.949999809265137,,,2024-04-03,2024Q2
2024-04-04,45.349998474121094,14.5,12.199999809265137,9.199999809265137,17.149999618530273,,21.299999237060547,22.950000762939453,,9.699999809265137,17.649999618530273,,28.200000762939453,,,,,,19.299999237060547,23.299999237060547,,,17.8125,9.800000190734863,,25.0,8.800000190734863,,26.5,18.40999984741211,,,15.050000190734863,19.899999618530273,,,20.25,28.149999618530273,5.400000095367432,,23.450000762939453,9.199999809265137,8.960000038146973,,8.399999618530273,19.25,,18.5,19.25,8.449999809265137,29.350000381469727,,,0.550000011920929,,4.300000190734863,10.5,,20.549999237060547,3.6500000953674316,0.75,10.0,22.600000381469727,11.25,1.7999999523162842,,11.399999618530273,21.850000381469727,,,16.299999237060547,,31.149999618530273,28.100000381469727,,12.300000190734863,23.799999237060547,19.75,2.5,10.25,,19.5,,,4.300000190734863,1.899999976158142,,4.449999809265137,,5.400000095367432,,,20.5,9.399999618530273,,,29.850000381469727,23.100000381469727,19.5,,1.75,,20.299999237060547,,,10.75,17.399999618530273,23.899999618530273,,,,12.399999618530273,8.949999809265137,,,,,,22.899999618530273,13.75,9.199999809265137,,29.399999618530273,33.150001525878906,18.399999618530273,12.399999618530273,,19.549999237060547,13.350000381469727,22.75,,,,9.600000381469727,,34.20000076293945,7.300000190734863,26.649999618530273,,23.0,21.25,6.0,21.352380752563477,10.0,23.25,19.149999618530273,7.400000095367432,,,16.899999618530273,,20.200000762939453,22.649999618530273,15.850000381469727,,29.200000762939453,,31.0,,14.949999809265137,33.349998474121094,3.200000047683716,17.75,,6.300000190734863,6.75,13.449999809265137,23.200000762939453,,16.399999618530273,10.25,1.25,,5.5,,,23.649999618530273,,,38.412498474121094,2.3404300212860107,4.150000095367432,5.300000190734863,,16.700000762939453,1.2000000476837158,9.850000381469727,7.0,,,2024-04-04,2024Q2
2024-04-05,44.849998474121094,14.75,11.600000381469727,9.25,16.600000381469727,,21.25,21.799999237060547,,9.600000381469727,17.399999618530273,,28.549999237060547,,,,,,19.649999618530273,24.200000762939453,,,17.887500762939453,10.199999809265137,,25.5,9.149999618530273,,25.200000762939453,18.0,,,15.25,19.850000381469727,,,22.25,31.399999618530273,5.400000095367432,,23.899999618530273,9.350000381469727,8.960000038146973,,8.449999809265137,18.950000762939453,,18.200000762939453,19.299999237060547,8.350000381469727,27.899999618530273,,,0.5,,4.5,10.300000190734863,,20.700000762939453,3.5999999046325684,0.75,9.949999809265137,22.299999237060547,11.800000190734863,1.850000023841858,,11.899999618530273,22.100000381469727,,,16.049999237060547,,31.100000381469727,28.200000762939453,,12.199999809265137,24.950000762939453,23.700000762939453,2.5999999046325684,10.25,,19.149999618530273,,,4.400000095367432,1.9500000476837158,,4.5,,5.650000095367432,,,20.950000762939453,9.25,,,29.25,23.399999618530273,20.5,,1.7999999523162842,,20.5,,,11.25,18.100000381469727,23.899999618530273,,,,12.5,9.350000381469727,,,,,,23.350000381469727,13.800000190734863,9.600000381469727,,29.100000381469727,33.79999923706055,18.450000762939453,13.0,,20.850000381469727,13.149999618530273,22.799999237060547,,,,9.25,,33.349998474121094,7.25,27.100000381469727,,22.700000762939453,21.25,6.25,22.39285659790039,9.75,23.0,21.049999237060547,7.75,,,17.149999618530273,,20.25,23.25,16.600000381469727,,29.450000762939453,,31.5,,14.949999809265137,33.29999923706055,3.200000047683716,18.200000762939453,,6.150000095367432,7.050000190734863,13.600000381469727,23.899999618530273,,16.649999618530273,10.5,1.25,,5.550000190734863,,,24.049999237060547,,,38.64250183105469,2.3032801151275635,4.199999809265137,5.349999904632568,,16.700000762939453,1.25,9.949999809265137,6.949999809265137,,,2024-04-05,2024Q2
2024-04-08,43.599998474121094,15.199999809265137,11.050000190734863,9.149999618530273,16.899999618530273,,21.0,20.75,,9.399999618530273,17.350000381469727,,27.899999618530273,,,,,,20.0,23.75,,,17.737499237060547,10.0,,25.299999237060547,8.850000381469727,,23.950000762939453,18.049999237060547,,,15.300000190734863,19.149999618530273,,,24.450000762939453,30.700000762939453,5.5,,24.350000381469727,9.350000381469727,8.795000076293945,,8.5,18.700000762939453,,17.850000381469727,19.350000381469727,8.699999809265137,26.5,,,0.550000011920929,,4.300000190734863,10.100000381469727,,20.350000381469727,3.450000047683716,0.800000011920929,9.75,21.899999618530273,11.600000381469727,1.850000023841858,,12.350000381469727,21.899999618530273,,,15.350000381469727,,30.649999618530273,27.700000762939453,,11.899999618530273,24.549999237060547,28.399999618530273,2.5999999046325684,10.100000381469727,,19.0,,,4.349999904632568,2.0,,4.699999809265137,,5.550000190734863,,,20.0,9.199999809265137,,,28.700000762939453,23.049999237060547,20.350000381469727,,1.850000023841858,,20.75,,,10.699999809265137,19.0,23.450000762939453,,,,12.25,9.199999809265137,,,,,,23.100000381469727,13.699999809265137,9.399999618530273,,28.549999237060547,32.650001525878906,18.049999237060547,12.75,,19.75,13.300000190734863,22.200000762939453,,,,9.100000381469727,,36.650001525878906,7.25,26.75,,22.549999237060547,20.850000381469727,5.949999809265137,21.940475463867188,9.600000381469727,23.549999237060547,21.649999618530273,8.100000381469727,,,17.049999237060547,,19.700000762939453,22.899999618530273,16.0,,28.649999618530273,,32.150001525878906,,15.050000190734863,32.349998474121094,3.1500000953674316,17.850000381469727,,6.150000095367432,7.099999904632568,13.800000190734863,23.5,,16.049999237060547,10.649999618530273,1.2000000476837158,,5.599999904632568,,,23.549999237060547,,,38.467498779296875,2.2661309242248535,4.150000095367432,5.300000190734863,,16.350000381469727,1.2000000476837158,10.100000381469727,6.849999904632568,,,2024-04-08,2024Q2
2024-04-09,42.25,14.649999618530273,10.550000190734863,9.0,16.899999618530273,,20.350000381469727,19.75,,9.399999618530273,17.149999618530273,,27.299999237060547,,,,,,20.399999618530273,23.299999237060547,,,17.325000762939453,9.800000190734863,,25.5,8.699999809265137,,22.75,16.899999618530273,,,14.899999618530273,19.200000762939453,,,23.25,30.549999237060547,5.349999904632568,,23.899999618530273,9.0,8.649999618530273,,8.5,18.700000762939453,,17.549999237060547,20.100000381469727,8.550000190734863,25.200000762939453,,,0.5,,4.300000190734863,9.899999618530273,,20.149999618530273,3.299999952316284,0.75,9.550000190734863,21.399999618530273,11.399999618530273,1.7999999523162842,,12.899999618530273,21.5,,,15.350000381469727,,29.549999237060547,27.049999237060547,,12.050000190734863,23.700000762939453,29.799999237060547,2.549999952316284,10.199999809265137,,19.0,,,4.300000190734863,1.9500000476837158,,4.900000095367432,,5.449999809265137,,,19.799999237060547,9.399999618530273,,,28.149999618530273,22.700000762939453,20.25,,1.850000023841858,,20.899999618530273,,,10.449999809265137,19.950000762939453,23.0,,,,12.0,9.050000190734863,,,,,,22.399999618530273,13.449999809265137,9.25,,28.350000381469727,32.45000076293945,17.700000762939453,12.5,,19.5,12.899999618530273,22.799999237060547,,,,9.100000381469727,,38.70000076293945,7.349999904632568,26.649999618530273,,22.100000381469727,20.450000762939453,5.849999904632568,21.53333282470703,9.800000190734863,23.100000381469727,20.799999237060547,8.5,,,16.700000762939453,,19.600000381469727,23.149999618530273,15.800000190734863,,27.899999618530273,,31.200000762939453,,15.0,31.950000762939453,3.049999952316284,17.5,,6.099999904632568,7.099999904632568,13.350000381469727,23.200000762939453,,15.399999618530273,10.600000381469727,1.2000000476837158,,5.449999809265137,,,24.25,,,39.32749938964844,2.3032801151275635,3.950000047683716,5.25,,16.75,1.149999976158142,10.300000190734863,6.75,,,2024-04-09,2024Q2
2024-04-10,42.349998474121094,13.949999809265137,11.050000190734863,8.899999618530273,17.25,,20.399999618530273,20.5,,9.300000190734863,17.350000381469727,,27.5,,,,,,20.799999237060547,22.899999618530273,,,17.362499237060547,9.600000381469727,,25.0,8.75,,21.649999618530273,17.149999618530273,,,14.899999618530273,19.5,,,22.350000381469727,30.299999237060547,5.400000095367432,,23.450000762939453,8.100000381469727,8.739999771118164,,8.5,18.600000381469727,,17.399999618530273,20.100000381469727,8.399999618530273,24.450000762939453,,,0.550000011920929,,4.150000095367432,9.699999809265137,,20.100000381469727,3.4000000953674316,0.75,9.399999618530273,21.399999618530273,11.199999809265137,1.75,,13.050000190734863,21.700000762939453,,,15.050000190734863,,30.0,26.899999618530273,,12.0,23.5,26.850000381469727,2.5,10.100000381469727,,18.950000762939453,,,4.25,2.0,,5.099999904632568,,5.349999904632568,,,19.399999618530273,8.949999809265137,,,27.600000381469727,22.850000381469727,20.149999618530273,,1.7999999523162842,,21.100000381469727,,,10.600000381469727,20.799999237060547,22.549999237060547,,,,11.800000190734863,8.899999618530273,,,,,,22.149999618530273,13.199999809265137,9.100000381469727,,28.0,32.70000076293945,17.600000381469727,12.25,,19.350000381469727,12.800000190734863,23.0,,,,8.800000190734863,,34.849998474121094,7.449999809265137,27.299999237060547,,21.850000381469727,20.049999237060547,5.75,21.126190185546875,9.75,23.350000381469727,20.700000762939453,8.899999618530273,,,16.399999618530273,,19.649999618530273,22.700000762939453,16.149999618530273,,27.100000381469727,,31.75,,15.050000190734863,32.20000076293945,3.299999952316284,17.149999618530273,,6.050000190734863,7.0,13.25,23.149999618530273,,16.850000381469727,10.449999809265137,1.2000000476837158,,5.449999809265137,,,24.25,,,40.962501525878906,2.3404300212860107,4.050000190734863,5.199999809265137,,16.899999618530273,1.100000023841858,10.5,6.650000095367432,,,2024-04-10,2024Q2
2024-04-12,41.599998474121094,13.25,11.25,8.75,18.049999237060547,,20.149999618530273,19.5,,9.25,17.399999618530273,,27.049999237060547,,,,,,21.200000762939453,22.450000762939453,,,17.4375,9.399999618530273,,24.5,8.350000381469727,,20.600000381469727,17.049999237060547,,,15.600000381469727,19.200000762939453,,,22.5,31.149999618530273,5.25,,23.0,8.199999809265137,8.470000267028809,,8.300000190734863,18.149999618530273,,17.149999618530273,20.5,8.25,23.799999237060547,,,0.5,,4.25,9.5,,20.100000381469727,3.549999952316284,0.75,9.550000190734863,21.100000381469727,11.0,1.75,,13.199999809265137,21.5,,,14.5,,29.149999618530273,26.950000762939453,,11.75,22.799999237060547,25.5,2.450000047683716,9.949999809265137,,18.600000381469727,,,4.199999809265137,2.0,,5.25,,5.25,,,19.399999618530273,8.800000190734863,,,27.200000762939453,23.149999618530273,19.700000762939453,,1.75,,22.600000381469727,,,10.5,20.149999618530273,22.100000381469727,,,,11.600000381469727,9.050000190734863,,,,,,21.649999618530273,12.949999809265137,8.949999809265137,,28.549999237060547,31.850000381469727,16.75,12.0,,18.899999618530273,12.649999618530273,22.399999618530273,,,,8.800000190734863,,34.25,7.550000190734863,27.100000381469727,,22.100000381469727,19.75,5.650000095367432,20.71904754638672,9.649999618530273,25.649999618530273,19.899999618530273,9.300000190734863,,,16.100000381469727,,19.25,22.600000381469727,16.100000381469727,,26.0,,30.299999237060547,,14.899999618530273,30.899999618530273,3.450000047683716,16.799999237060547,,6.0,6.699999809265137,12.899999618530273,22.850000381469727,,15.75,10.399999618530273,1.25,,5.449999809265137,,,24.899999618530273,,,40.45750045776367,2.377579927444458,4.0,5.099999904632568,,16.600000381469727,1.149999976158142,10.699999809265137,6.550000190734863,,,2024-04-12,2024Q2
2024-04-15,40.04999923706055,13.050000190734863,10.699999809265137,8.699999809265137,17.850000381469727,,19.450000762939453,19.100000381469727,,8.949999809265137,17.049999237060547,,26.700000762939453,,,,,,21.600000381469727,22.0,,,16.875,9.25,,24.049999237060547,7.900000095367432,,19.600000381469727,16.649999618530273,,,15.199999809265137,18.200000762939453,,,21.399999618530273,29.75,5.0,,22.549999237060547,8.100000381469727,8.335000038146973,,8.050000190734863,17.75,,16.299999237060547,18.700000762939453,8.100000381469727,22.649999618530273,,,0.5,,4.050000190734863,9.350000381469727,,19.200000762939453,3.549999952316284,0.699999988079071,9.399999618530273,20.350000381469727,10.800000190734863,1.7000000476837158,,12.899999618530273,20.75,,,14.0,,27.700000762939453,25.850000381469727,,11.149999618530273,22.399999618530273,24.25,2.4000000953674316,9.649999618530273,,18.25,,,4.150000095367432,1.899999976158142,,5.0,,5.150000095367432,,,18.600000381469727,8.449999809265137,,,26.850000381469727,22.149999618530273,18.5,,1.7000000476837158,,21.850000381469727,,,10.050000190734863,20.5,21.700000762939453,,,,11.399999618530273,8.899999618530273,,,,,,20.75,12.699999809265137,8.800000190734863,,28.049999237060547,30.299999237060547,16.350000381469727,11.800000190734863,,19.100000381469727,12.149999618530273,22.0,,,,8.550000190734863,,32.0,7.199999809265137,26.399999618530273,,21.0,19.350000381469727,5.550000190734863,20.311904907226562,9.199999809265137,24.799999237060547,20.549999237060547,9.75,,,15.899999618530273,,18.600000381469727,22.149999618530273,15.600000381469727,,26.649999618530273,,29.299999237060547,,14.0,30.0,3.25,16.5,,5.800000190734863,6.550000190734863,12.300000190734863,21.899999618530273,,15.0,9.899999618530273,1.2999999523162842,,5.300000190734863,,,23.799999237060547,,,39.59749984741211,2.4147300720214844,3.950000047683716,5.0,,15.899999618530273,1.100000023841858,10.899999618530273,6.449999809265137,,,2024-04-15,2024Q2
2024-04-16,39.79999923706055,13.699999809265137,10.25,8.649999618530273,17.850000381469727,,19.850000381469727,19.950000762939453,,9.149999618530273,16.899999618530273,,27.149999618530273,,,,,,22.0,21.600000381469727,,,16.987499237060547,9.100000381469727,,23.700000762939453,8.050000190734863,,20.549999237060547,17.0,,,14.949999809265137,18.200000762939453,,,20.350000381469727,29.899999618530273,5.050000190734863,,23.0,8.199999809265137,8.364999771118164,,8.0,17.75,,17.049999237060547,19.100000381469727,8.100000381469727,23.75,,,0.550000011920929,,4.050000190734863,9.199999809265137,,19.399999618530273,3.549999952316284,0.75,9.25,21.350000381469727,10.600000381469727,1.7000000476837158,,12.75,21.149999618530273,,,13.850000381469727,,28.350000381469727,26.350000381469727,,12.25,22.149999618530273,23.200000762939453,2.3499999046325684,9.850000381469727,,17.899999618530273,,,4.099999904632568,1.899999976158142,,4.75,,5.050000190734863,,,18.850000381469727,8.5,,,26.549999237060547,23.200000762939453,18.350000381469727,,1.649999976158142,,21.799999237060547,,,10.399999618530273,21.0,21.299999237060547,,,,11.199999809265137,8.899999618530273,,,,,,20.5,12.449999809265137,8.649999618530273,,27.700000762939453,30.700000762939453,16.850000381469727,11.600000381469727,,21.0,12.0,22.299999237060547,,,,8.75,,32.29999923706055,7.050000190734863,26.600000381469727,,21.149999618530273,19.0,5.449999809265137,19.904760360717773,9.25,25.75,20.25,9.300000190734863,,,15.850000381469727,,18.950000762939453,22.700000762939453,15.449999809265137,,25.799999237060547,,28.899999618530273,,14.0,30.049999237060547,3.25,16.200000762939453,,6.0,6.849999904632568,12.699999809265137,22.149999618530273,,15.199999809265137,10.25,1.350000023841858,,5.5,,,24.0,,,40.78499984741211,2.4518790245056152,4.0,5.050000190734863,,15.949999809265137,1.100000023841858,11.100000381469727,6.349999904632568,,,2024-04-16,2024Q2
2024-04-18,39.54999923706055,13.100000381469727,10.75,8.800000190734863,18.450000762939453,,19.700000762939453,19.649999618530273,,9.199999809265137,16.649999618530273,,27.049999237060547,,,,,,22.399999618530273,21.299999237060547,,,17.024999618530273,8.949999809265137,,23.649999618530273,8.050000190734863,,21.549999237060547,16.200000762939453,,,15.199999809265137,18.399999618530273,,,20.100000381469727,29.0,5.199999809265137,,23.450000762939453,8.350000381469727,8.364999771118164,,8.0,17.700000762939453,,17.25,19.75,8.199999809265137,24.399999618530273,,,0.550000011920929,,4.0,9.050000190734863,,19.200000762939453,3.5999999046325684,0.699999988079071,9.100000381469727,21.0,10.399999618530273,1.75,,12.800000190734863,22.0,,,13.75,,28.25,26.649999618530273,,13.350000381469727,22.299999237060547,22.200000762939453,2.3499999046325684,9.949999809265137,,17.549999237060547,,,4.050000190734863,1.899999976158142,,4.800000190734863,,5.099999904632568,,,19.0,8.649999618530273,,,26.950000762939453,23.049999237060547,19.149999618530273,,1.649999976158142,,22.25,,,10.300000190734863,20.600000381469727,20.950000762939453,,,,11.0,8.899999618530273,,,,,,20.5,12.550000190734863,8.5,,27.600000381469727,30.75,16.700000762939453,11.399999618530273,,22.149999618530273,12.25,22.350000381469727,,,,8.75,,29.549999237060547,6.699999809265137,26.649999618530273,,21.200000762939453,19.0,5.349999904632568,20.266666412353516,9.300000190734863,25.450000762939453,19.649999618530273,9.550000190734863,,,15.550000190734863,,19.100000381469727,22.799999237060547,15.800000190734863,,24.899999618530273,,27.75,,13.949999809265137,29.799999237060547,3.1500000953674316,15.899999618530273,,5.900000095367432,6.900000095367432,12.649999618530273,22.049999237060547,,15.149999618530273,10.75,1.399999976158142,,5.449999809265137,,,23.899999618530273,,,41.13750076293945,2.4890289306640625,3.950000047683716,5.050000190734863,,15.949999809265137,1.100000023841858,11.300000190734863,6.25,,,2024-04-18,2024Q2
2024-04-19,38.79999923706055,13.5,10.300000190734863,8.949999809265137,19.149999618530273,,19.25,19.850000381469727,,9.149999618530273,16.5,,27.700000762939453,,,,,,22.799999237060547,21.700000762939453,,,16.950000762939453,8.800000190734863,,23.399999618530273,7.949999809265137,,22.600000381469727,17.0,,,15.050000190734863,20.549999237060547,,,20.25,28.700000762939453,5.0,,23.899999618530273,8.25,8.789999961853027,,8.0,17.5,,17.049999237060547,19.350000381469727,8.050000190734863,23.600000381469727,,,0.5,,3.950000047683716,8.899999618530273,,19.200000762939453,3.75,0.699999988079071,8.949999809265137,20.5,10.199999809265137,1.75,,12.800000190734863,22.100000381469727,,,13.5,,27.799999237060547,26.600000381469727,,13.050000190734863,22.549999237060547,21.350000381469727,2.299999952316284,9.949999809265137,,17.200000762939453,,,4.0,1.850000023841858,,4.800000190734863,,5.0,,,18.850000381469727,8.75,,,26.700000762939453,22.799999237060547,18.75,,1.649999976158142,,22.0,,,10.300000190734863,20.549999237060547,20.600000381469727,,,,10.800000190734863,8.75,,,,,,20.25,12.300000190734863,8.350000381469727,,27.25,30.25,17.0,11.199999809265137,,22.100000381469727,12.25,22.200000762939453,,,,8.550000190734863,,31.0,6.400000095367432,26.649999618530273,,20.899999618530273,19.0,5.25,19.85952377319336,9.050000190734863,25.149999618530273,19.75,10.0,,,15.300000190734863,,19.149999618530273,22.149999618530273,16.149999618530273,,26.049999237060547,,27.850000381469727,,13.800000190734863,29.950000762939453,3.1500000953674316,15.75,,5.900000095367432,6.949999809265137,12.550000190734863,21.799999237060547,,15.149999618530273,10.449999809265137,1.350000023841858,,5.5,,,23.399999618530273,,,40.83000183105469,2.526179075241089,3.950000047683716,5.0,,15.949999809265137,1.0499999523162842,11.5,6.150000095367432,,,2024-04-19,2024Q2
2024-04-22,38.400001525878906,13.949999809265137,10.649999618530273,9.0,19.649999618530273,,20.200000762939453,20.799999237060547,,9.149999618530273,16.799999237060547,,29.600000381469727,,,,,,23.25,22.100000381469727,,,17.700000762939453,8.649999618530273,,23.5,7.900000095367432,,21.5,18.5,,,14.949999809265137,20.450000762939453,,,20.600000381469727,29.200000762939453,5.5,,25.049999237060547,8.25,9.074999809265137,,8.050000190734863,17.450000762939453,,17.25,19.600000381469727,7.900000095367432,23.399999618530273,,,0.550000011920929,,4.099999904632568,8.75,,19.5,3.75,0.699999988079071,8.899999618530273,20.799999237060547,10.050000190734863,1.75,,12.550000190734863,22.25,,,16.200000762939453,,28.149999618530273,27.450000762939453,,12.850000381469727,22.600000381469727,20.350000381469727,2.299999952316284,10.050000190734863,,17.299999237060547,,,3.950000047683716,1.899999976158142,,4.599999904632568,,5.099999904632568,,,18.850000381469727,9.600000381469727,,,26.399999618530273,22.950000762939453,18.75,,1.649999976158142,,22.399999618530273,,,10.100000381469727,21.0,20.600000381469727,,,,11.0,8.600000381469727,,,,,,21.100000381469727,12.300000190734863,8.199999809265137,,27.75,31.799999237060547,17.049999237060547,11.0,,22.450000762939453,12.800000190734863,22.649999618530273,,,,8.899999618530273,,32.54999923706055,6.199999809265137,27.100000381469727,,21.100000381469727,18.950000762939453,5.150000095367432,19.94999885559082,9.149999618530273,25.649999618530273,19.850000381469727,10.5,,,15.5,,19.399999618530273,22.450000762939453,16.450000762939453,,26.149999618530273,,27.549999237060547,,14.0,30.100000381469727,3.25,15.550000190734863,,6.0,6.949999809265137,13.149999618530273,22.049999237060547,,15.25,10.399999618530273,1.2999999523162842,,5.5,,,24.100000381469727,,,41.11000061035156,2.6376280784606934,3.950000047683716,5.150000095367432,,16.25,1.0499999523162842,11.699999809265137,6.25,,,2024-04-22,2024Q2
2024-04-23,38.79999923706055,13.800000190734863,10.75,9.0,20.0,,20.549999237060547,21.25,,9.199999809265137,17.100000381469727,,29.149999618530273,,,,,,23.700000762939453,22.5,,,18.0,8.699999809265137,,23.950000762939453,8.050000190734863,,20.450000762939453,18.149999618530273,,,15.050000190734863,22.049999237060547,,,20.350000381469727,29.350000381469727,6.050000190734863,,26.0,8.5,9.255000114440918,,8.149999618530273,18.149999618530273,,17.450000762939453,19.350000381469727,7.75,22.950000762939453,,,0.5,,4.099999904632568,8.600000381469727,,20.200000762939453,3.700000047683716,0.699999988079071,8.949999809265137,20.899999618530273,10.25,1.7000000476837158,,12.800000190734863,22.649999618530273,,,16.049999237060547,,28.450000762939453,28.049999237060547,,13.100000381469727,22.700000762939453,21.350000381469727,2.299999952316284,10.050000190734863,,17.600000381469727,,,3.9000000953674316,1.9500000476837158,,4.400000095367432,,5.199999809265137,,,19.700000762939453,9.350000381469727,,,26.399999618530273,23.149999618530273,18.549999237060547,,1.7000000476837158,,22.25,,,10.350000381469727,20.100000381469727,20.649999618530273,,,,11.199999809265137,8.550000190734863,,,,,,21.25,12.399999618530273,8.050000190734863,,28.299999237060547,32.25,17.149999618530273,10.899999618530273,,22.049999237060547,13.649999618530273,22.700000762939453,,,,8.800000190734863,,31.350000381469727,6.5,27.049999237060547,,21.049999237060547,18.649999618530273,5.199999809265137,20.311904907226562,9.25,26.75,20.5,11.0,,,15.350000381469727,,19.549999237060547,23.049999237060547,16.100000381469727,,25.200000762939453,,28.399999618530273,,14.050000190734863,31.5,3.200000047683716,15.449999809265137,,5.949999809265137,7.0,13.800000190734863,22.350000381469727,,15.300000190734863,10.100000381469727,1.2999999523162842,,5.5,,,25.25,,,42.88750076293945,2.749077081680298,4.0,5.349999904632568,,16.200000762939453,1.0499999523162842,11.899999618530273,6.349999904632568,,,2024-04-23,2024Q2
2024-04-24,40.099998474121094,13.949999809265137,11.149999618530273,8.949999809265137,20.200000762939453,,20.5,22.0,,9.149999618530273,17.399999618530273,,29.25,,,,,,24.149999618530273,22.950000762939453,,,17.962499618530273,8.649999618530273,,24.399999618530273,8.0,,21.0,17.75,,,15.149999618530273,21.25,,,20.600000381469727,35.20000076293945,6.650000095367432,,27.299999237060547,8.600000381469727,9.364999771118164,,8.350000381469727,17.950000762939453,,17.549999237060547,19.5,7.75,24.049999237060547,,,0.550000011920929,,4.25,8.449999809265137,,20.549999237060547,3.549999952316284,0.75,8.949999809265137,20.899999618530273,10.449999809265137,1.7000000476837158,,12.399999618530273,22.75,,,15.25,,28.299999237060547,28.549999237060547,,13.050000190734863,23.799999237060547,22.399999618530273,2.299999952316284,10.050000190734863,,17.649999618530273,,,3.8499999046325684,1.9500000476837158,,4.599999904632568,,5.300000190734863,,,19.350000381469727,10.25,,,26.75,23.850000381469727,19.100000381469727,,1.7000000476837158,,22.0,,,10.699999809265137,19.75,20.649999618530273,,,,11.399999618530273,8.600000381469727,,,,,,21.25,12.600000381469727,7.949999809265137,,28.850000381469727,33.20000076293945,17.600000381469727,10.800000190734863,,22.0,14.0,22.700000762939453,,,,8.850000381469727,,30.549999237060547,6.800000190734863,27.299999237060547,,21.0,18.850000381469727,5.150000095367432,20.673809051513672,9.100000381469727,27.0,20.350000381469727,11.550000190734863,,,15.350000381469727,,19.25,23.0,16.600000381469727,,24.75,,28.350000381469727,,14.0,31.950000762939453,3.200000047683716,15.449999809265137,,5.949999809265137,6.949999809265137,14.050000190734863,23.149999618530273,,15.399999618530273,10.149999618530273,1.25,,5.5,,,25.25,,,44.07749938964844,2.8605260848999023,4.050000190734863,5.599999904632568,,16.200000762939453,1.0499999523162842,11.800000190734863,6.300000190734863,,,2024-04-24,2024Q2
2024-04-25,40.099998474121094,14.050000190734863,11.050000190734863,9.100000381469727,21.200000762939453,,20.75,20.899999618530273,,9.600000381469727,17.700000762939453,,29.549999237060547,,,,,,24.600000381469727,23.399999618530273,,,17.700000762939453,8.600000381469727,,24.350000381469727,8.0,,22.049999237060547,17.850000381469727,,,15.100000381469727,19.850000381469727,,,20.399999618530273,35.95000076293945,6.349999904632568,,26.299999237060547,8.75,9.395000457763672,,8.199999809265137,17.899999618530273,,17.600000381469727,19.5,7.599999904632568,23.75,,,0.5,,4.199999809265137,8.350000381469727,,20.299999237060547,3.4000000953674316,0.75,9.0,20.700000762939453,10.649999618530273,1.7000000476837158,,12.199999809265137,22.350000381469727,,,14.5,,28.25,28.25,,12.649999618530273,23.850000381469727,23.5,2.25,10.0,,17.799999237060547,,,3.799999952316284,2.0,,4.400000095367432,,5.400000095367432,,,20.450000762939453,9.899999618530273,,,27.25,23.549999237060547,19.399999618530273,,1.649999976158142,,23.299999237060547,,,10.850000381469727,20.100000381469727,20.649999618530273,,,,11.600000381469727,8.75,,,,,,22.950000762939453,12.5,7.949999809265137,,29.399999618530273,34.04999923706055,18.299999237060547,10.850000381469727,,21.350000381469727,13.75,22.850000381469727,,,,8.75,,30.649999618530273,7.099999904632568,26.899999618530273,,20.899999618530273,19.200000762939453,5.050000190734863,21.080951690673828,9.149999618530273,27.149999618530273,20.200000762939453,12.100000381469727,,,15.350000381469727,,19.299999237060547,23.649999618530273,16.899999618530273,,24.25,,27.899999618530273,,13.899999618530273,32.099998474121094,3.1500000953674316,15.449999809265137,,5.949999809265137,6.900000095367432,13.75,23.549999237060547,,15.449999809265137,10.649999618530273,1.2000000476837158,,5.5,,,25.549999237060547,,,43.67499923706055,2.971975088119507,4.0,5.349999904632568,,16.299999237060547,1.0,11.649999618530273,6.199999809265137,,,2024-04-25,2024Q2
2024-04-26,40.0,14.100000381469727,10.800000190734863,9.25,21.899999618530273,,21.25,20.649999618530273,,9.649999618530273,18.049999237060547,,29.649999618530273,,,,,,25.049999237060547,23.850000381469727,,,17.512500762939453,8.550000190734863,,24.799999237060547,8.050000190734863,,22.100000381469727,17.950000762939453,,,15.25,20.350000381469727,,,20.200000762939453,33.95000076293945,6.400000095367432,,25.950000762939453,8.899999618530273,9.369999885559082,,8.25,17.899999618530273,,17.799999237060547,19.299999237060547,7.449999809265137,23.850000381469727,,,0.550000011920929,,4.099999904632568,8.350000381469727,,20.200000762939453,3.549999952316284,0.75,9.050000190734863,20.75,10.600000381469727,1.75,,12.149999618530273,22.200000762939453,,,14.949999809265137,,28.5,28.549999237060547,,12.600000381469727,23.299999237060547,24.649999618530273,2.200000047683716,10.149999618530273,,18.0,,,3.75,2.0999999046325684,,4.550000190734863,,5.5,,,21.299999237060547,9.699999809265137,,,27.25,23.799999237060547,23.25,,1.649999976158142,,22.450000762939453,,,11.149999618530273,20.299999237060547,20.649999618530273,,,,11.399999618530273,8.899999618530273,,,,,,23.0,12.399999618530273,7.949999809265137,,29.950000762939453,35.849998474121094,18.149999618530273,10.899999618530273,,21.600000381469727,13.699999809265137,22.799999237060547,,,,8.800000190734863,,32.150001525878906,7.349999904632568,26.549999237060547,,20.850000381469727,19.549999237060547,5.150000095367432,21.488094329833984,9.149999618530273,27.0,20.049999237060547,12.699999809265137,,,15.300000190734863,,19.600000381469727,23.549999237060547,16.450000762939453,,24.299999237060547,,29.649999618530273,,14.100000381469727,31.299999237060547,3.1500000953674316,15.449999809265137,,5.949999809265137,7.0,13.800000190734863,23.450000762939453,,15.25,11.149999618530273,1.2000000476837158,,5.349999904632568,,,25.549999237060547,,,42.9375,3.046273946762085,4.0,5.300000190734863,,16.549999237060547,1.0,11.449999809265137,6.099999904632568,,,2024-04-26,2024Q2
2024-04-29,39.650001525878906,14.050000190734863,10.649999618530273,9.399999618530273,21.25,,21.299999237060547,20.450000762939453,,9.350000381469727,18.399999618530273,,29.25,,,,,,24.549999237060547,23.799999237060547,,,17.625,8.699999809265137,,26.0,8.0,,21.450000762939453,18.200000762939453,,,16.75,20.049999237060547,,,19.799999237060547,32.54999923706055,6.699999809265137,,26.649999618530273,9.5,9.154999732971191,,8.25,17.899999618530273,,18.200000762939453,18.950000762939453,7.300000190734863,25.0,,,0.5,,4.0,8.199999809265137,,20.350000381469727,3.5999999046325684,0.75,8.949999809265137,20.850000381469727,10.399999618530273,1.7000000476837158,,12.050000190734863,22.299999237060547,,,14.600000381469727,,28.600000381469727,29.399999618530273,,12.600000381469727,23.0,25.850000381469727,2.25,10.100000381469727,,18.350000381469727,,,3.700000047683716,2.0999999046325684,,4.400000095367432,,5.599999904632568,,,21.149999618530273,9.75,,,27.0,23.700000762939453,22.399999618530273,,1.7000000476837158,,22.0,,,11.25,19.950000762939453,20.649999618530273,,,,11.199999809265137,9.0,,,,,,22.649999618530273,12.149999618530273,7.949999809265137,,29.5,35.04999923706055,18.600000381469727,11.100000381469727,,21.700000762939453,13.5,23.0,,,,9.199999809265137,,33.099998474121094,7.0,27.200000762939453,,20.850000381469727,19.600000381469727,5.150000095367432,21.895238876342773,9.050000190734863,27.0,19.700000762939453,13.300000190734863,,,15.25,,19.700000762939453,24.0,16.700000762939453,,23.950000762939453,,30.850000381469727,,14.350000381469727,31.200000762939453,3.200000047683716,15.149999618530273,,5.949999809265137,7.099999904632568,13.850000381469727,23.200000762939453,,15.800000190734863,11.699999809265137,1.25,,5.550000190734863,,,27.450000762939453,,,42.61249923706055,2.971975088119507,3.950000047683716,5.300000190734863,,17.0,1.0,11.25,6.0,,,2024-04-29,2024Q2
2024-04-30,38.95000076293945,14.75,11.100000381469727,9.350000381469727,20.5,,21.350000381469727,19.700000762939453,,9.25,18.75,,30.200000762939453,,,,,,24.049999237060547,23.350000381469727,,,17.362499237060547,8.649999618530273,,27.299999237060547,7.849999904632568,,20.600000381469727,17.25,,,15.899999618530273,21.049999237060547,,,19.299999237060547,36.45000076293945,6.400000095367432,,26.0,9.350000381469727,9.404999732971191,,8.25,17.649999618530273,,18.100000381469727,18.799999237060547,7.400000095367432,25.049999237060547,,,0.5,,4.0,8.050000190734863,,20.149999618530273,3.5,0.699999988079071,8.949999809265137,20.850000381469727,10.199999809265137,1.7000000476837158,,11.75,22.049999237060547,,,14.199999809265137,,28.0,28.149999618530273,,12.800000190734863,23.049999237060547,25.350000381469727,2.25,10.050000190734863,,18.700000762939453,,,3.6500000953674316,2.0,,4.599999904632568,,5.699999809265137,,,20.850000381469727,9.5,,,26.600000381469727,24.799999237060547,23.200000762939453,,1.649999976158142,,22.549999237060547,,,11.100000381469727,19.700000762939453,20.649999618530273,,,,11.0,9.100000381469727,,,,,,22.350000381469727,12.0,7.900000095367432,,29.399999618530273,34.400001525878906,17.899999618530273,11.300000190734863,,22.049999237060547,13.300000190734863,22.799999237060547,,,,9.199999809265137,,31.75,6.800000190734863,27.100000381469727,,20.600000381469727,19.950000762939453,5.25,22.302379608154297,9.050000190734863,26.600000381469727,19.399999618530273,13.949999809265137,,,15.25,,19.5,23.549999237060547,17.299999237060547,,23.149999618530273,,30.200000762939453,,14.100000381469727,30.850000381469727,3.0999999046325684,15.0,,5.75,6.900000095367432,13.649999618530273,22.799999237060547,,15.699999809265137,11.899999618530273,1.2000000476837158,,5.550000190734863,,,26.600000381469727,,,43.35749816894531,3.009124994277954,3.9000000953674316,5.199999809265137,,16.649999618530273,1.0,11.399999618530273,6.099999904632568,,,2024-04-30,2024Q2
2024-05-02,38.79999923706055,14.350000381469727,11.050000190734863,9.300000190734863,20.100000381469727,,20.549999237060547,19.350000381469727,,9.300000190734863,18.450000762939453,,29.850000381469727,,,,,,24.450000762939453,23.0,,,17.25,8.550000190734863,,28.649999618530273,7.75,,20.149999618530273,17.100000381469727,,,15.350000381469727,20.899999618530273,,,18.899999618530273,35.5,6.699999809265137,,27.299999237060547,9.25,9.479999542236328,,8.350000381469727,17.549999237060547,,18.0,18.899999618530273,7.25,24.600000381469727,,,0.550000011920929,,3.950000047683716,8.0,,21.700000762939453,3.5999999046325684,0.75,8.800000190734863,20.700000762939453,10.100000381469727,1.75,,11.75,21.950000762939453,,,14.350000381469727,,28.100000381469727,28.049999237060547,,14.050000190734863,22.850000381469727,24.850000381469727,2.200000047683716,10.25,,18.350000381469727,,,3.5999999046325684,2.0999999046325684,,4.5,,5.650000095367432,,,20.5,9.449999809265137,,,26.100000381469727,25.100000381469727,23.549999237060547,,1.600000023841858,,22.5,,,10.850000381469727,20.399999618530273,20.299999237060547,,,,11.050000190734863,8.949999809265137,,,,,,22.0,12.199999809265137,7.849999904632568,,28.950000762939453,34.54999923706055,17.850000381469727,11.100000381469727,,22.899999618530273,12.949999809265137,22.799999237060547,,,,9.149999618530273,,30.950000762939453,7.099999904632568,27.700000762939453,,20.299999237060547,20.299999237060547,5.150000095367432,22.709522247314453,9.0,26.25,19.399999618530273,13.25,,,15.550000190734863,,19.350000381469727,23.649999618530273,18.649999618530273,,23.600000381469727,,31.25,,14.199999809265137,30.450000762939453,3.1500000953674316,15.0,,5.699999809265137,6.900000095367432,14.0,22.899999618530273,,15.100000381469727,11.699999809265137,1.2000000476837158,,5.599999904632568,,,26.149999618530273,,,43.032501220703125,3.009124994277954,3.950000047683716,5.449999809265137,,16.700000762939453,1.0,11.600000381469727,6.199999809265137,,,2024-05-02,2024Q2
2024-05-03,38.900001525878906,14.600000381469727,10.949999809265137,9.449999809265137,19.649999618530273,,20.350000381469727,19.100000381469727,,9.199999809265137,18.100000381469727,,29.549999237060547,,,,,,24.899999618530273,22.549999237060547,,,17.362499237060547,8.449999809265137,,29.049999237060547,7.800000190734863,,20.350000381469727,17.149999618530273,,,15.399999618530273,19.649999618530273,,,19.049999237060547,34.650001525878906,6.650000095367432,,28.649999618530273,9.100000381469727,9.369999885559082,,8.25,17.700000762939453,,17.950000762939453,18.700000762939453,7.199999809265137,24.149999618530273,,,0.550000011920929,,4.0,8.149999618530273,,21.899999618530273,3.6500000953674316,0.699999988079071,8.75,20.649999618530273,10.050000190734863,1.75,,11.449999809265137,22.0,,,14.050000190734863,,27.899999618530273,28.649999618530273,,13.899999618530273,22.649999618530273,24.350000381469727,2.200000047683716,11.199999809265137,,18.0,,,3.5999999046325684,2.049999952316284,,4.400000095367432,,5.550000190734863,,,19.700000762939453,9.449999809265137,,,25.600000381469727,25.5,23.049999237060547,,1.600000023841858,,22.299999237060547,,,10.75,20.75,20.350000381469727,,,,10.850000381469727,8.800000190734863,,,,,,22.149999618530273,12.199999809265137,7.800000190734863,,28.399999618530273,33.75,18.600000381469727,11.300000190734863,,22.600000381469727,13.050000190734863,22.549999237060547,,,,9.5,,30.700000762939453,7.099999904632568,28.049999237060547,,20.399999618530273,19.899999618530273,5.25,23.116666793823242,8.899999618530273,25.799999237060547,19.149999618530273,12.600000381469727,,,15.350000381469727,,19.200000762939453,23.149999618530273,17.5,,23.299999237060547,,31.049999237060547,,14.949999809265137,30.399999618530273,3.0999999046325684,14.899999618530273,,5.75,6.900000095367432,13.949999809265137,22.399999618530273,,14.949999809265137,11.5,1.2000000476837158,,5.550000190734863,,,25.649999618530273,,,42.122501373291016,2.8605260848999023,3.950000047683716,5.400000095367432,,16.600000381469727,1.0,11.800000190734863,6.099999904632568,,,2024-05-03,2024Q2
2024-05-06,38.099998474121094,13.949999809265137,10.649999618530273,9.850000381469727,19.700000762939453,,20.399999618530273,19.200000762939453,,9.0,18.0,,28.600000381469727,,,,,,24.399999618530273,22.100000381469727,,,17.212499618530273,8.300000190734863,,28.600000381469727,7.699999809265137,,19.5,16.899999618530273,,,15.050000190734863,19.399999618530273,,,18.5,33.20000076293945,6.349999904632568,,27.25,9.0,9.300000190734863,,7.949999809265137,17.149999618530273,,17.75,18.700000762939453,7.050000190734863,23.75,,,0.550000011920929,,3.9000000953674316,8.199999809265137,,21.850000381469727,3.6500000953674316,0.699999988079071,8.649999618530273,20.100000381469727,9.850000381469727,1.7000000476837158,,11.199999809265137,21.450000762939453,,,13.899999618530273,,27.100000381469727,28.0,,13.399999618530273,21.75,23.899999618530273,2.1500000953674316,11.75,,17.649999618530273,,,3.549999952316284,1.9500000476837158,,4.449999809265137,,5.650000095367432,,,19.299999237060547,9.25,,,25.100000381469727,25.350000381469727,22.049999237060547,,1.5499999523162842,,22.700000762939453,,,10.699999809265137,19.75,19.950000762939453,,,,11.050000190734863,8.649999618530273,,,,,,21.350000381469727,11.949999809265137,7.650000095367432,,29.799999237060547,32.599998474121094,17.549999237060547,11.25,,22.450000762939453,12.800000190734863,22.149999618530273,,,,9.949999809265137,,30.149999618530273,6.800000190734863,29.450000762939453,,20.0,19.049999237060547,5.349999904632568,22.799999237060547,8.75,27.25,18.5,12.0,,,15.050000190734863,,18.899999618530273,23.5,17.049999237060547,,22.5,,30.100000381469727,,14.449999809265137,29.5,3.0999999046325684,14.899999618530273,,5.699999809265137,6.849999904632568,13.5,22.149999618530273,,14.949999809265137,11.300000190734863,1.149999976158142,,5.400000095367432,,,25.5,,,40.657501220703125,2.7862260341644287,3.8499999046325684,5.25,,16.100000381469727,1.0,11.75,6.099999904632568,,,2024-05-06,2024Q2
2024-05-07,37.20000076293945,14.050000190734863,10.399999618530273,9.399999618530273,20.0,,20.100000381469727,19.399999618530273,,8.899999618530273,17.200000762939453,,28.0,,,,,,23.950000762939453,21.649999618530273,,,17.0625,8.149999618530273,,27.200000762939453,7.900000095367432,,18.950000762939453,17.149999618530273,,,14.949999809265137,18.950000762939453,,,18.899999618530273,34.900001525878906,6.400000095367432,,25.899999618530273,8.800000190734863,9.194999694824219,,7.849999904632568,16.649999618530273,,17.25,18.100000381469727,6.900000095367432,22.899999618530273,,,0.5,,3.8499999046325684,8.050000190734863,,22.0,3.5,0.699999988079071,8.5,19.899999618530273,9.649999618530273,1.649999976158142,,11.699999809265137,21.049999237060547,,,13.75,,26.649999618530273,27.200000762939453,,12.899999618530273,22.299999237060547,23.450000762939453,2.0999999046325684,11.350000381469727,,17.299999237060547,,,3.5,1.899999976158142,,4.25,,5.650000095367432,,,18.75,9.050000190734863,,,24.600000381469727,24.600000381469727,21.5,,1.5499999523162842,,22.399999618530273,,,10.300000190734863,19.700000762939453,19.600000381469727,,,,11.25,8.5,,,,,,20.799999237060547,11.850000381469727,7.5,,31.25,31.299999237060547,16.950000762939453,11.199999809265137,,22.100000381469727,12.25,21.899999618530273,,,,10.399999618530273,,28.799999237060547,6.5,28.950000762939453,,19.649999618530273,18.350000381469727,5.449999809265137,22.350000381469727,8.550000190734863,27.100000381469727,18.100000381469727,11.399999618530273,,,14.800000190734863,,18.600000381469727,22.799999237060547,16.700000762939453,,22.549999237060547,,28.850000381469727,,14.0,28.950000762939453,3.0,14.699999809265137,,5.699999809265137,6.699999809265137,13.300000190734863,21.25,,14.800000190734863,11.100000381469727,1.100000023841858,,5.400000095367432,,,24.649999618530273,,,38.76250076293945,2.674777030944824,3.799999952316284,5.150000095367432,,16.350000381469727,0.949999988079071,11.550000190734863,6.199999809265137,,,2024-05-07,2024Q2
2024-05-08,38.20000076293945,14.100000381469727,10.75,9.300000190734863,20.450000762939453,,19.950000762939453,20.149999618530273,,8.949999809265137,16.850000381469727,,27.950000762939453,,,,,,23.5,21.299999237060547,,,17.024999618530273,8.0,,25.850000381469727,8.149999618530273,,19.850000381469727,17.350000381469727,,,14.949999809265137,18.799999237060547,,,18.600000381469727,34.45000076293945,6.25,,25.200000762939453,8.800000190734863,8.9399995803833,,7.800000190734863,16.649999618530273,,17.299999237060547,18.100000381469727,6.800000190734863,23.5,,,0.550000011920929,,3.8499999046325684,8.0,,22.5,3.3499999046325684,0.699999988079071,8.5,20.0,9.600000381469727,1.600000023841858,,11.449999809265137,21.149999618530273,,,13.75,,27.049999237060547,29.149999618530273,,13.149999618530273,22.5,23.0,2.0999999046325684,11.699999809265137,,16.950000762939453,,,3.5,1.850000023841858,,4.050000190734863,,5.699999809265137,,,19.0,8.899999618530273,,,24.350000381469727,24.350000381469727,20.950000762939453,,1.5,,22.799999237060547,,,10.300000190734863,19.0,19.75,,,,11.449999809265137,8.449999809265137,,,,,,21.5,11.800000190734863,7.400000095367432,,30.100000381469727,31.450000762939453,17.0,11.0,,22.049999237060547,12.600000381469727,21.899999618530273,,,,10.899999618530273,,29.049999237060547,6.449999809265137,29.100000381469727,,19.850000381469727,18.350000381469727,5.5,22.350000381469727,8.600000381469727,26.950000762939453,18.700000762939453,10.850000381469727,,,14.75,,18.399999618530273,22.600000381469727,16.649999618530273,,22.299999237060547,,28.399999618530273,,14.100000381469727,28.950000762939453,3.0999999046325684,14.5,,5.599999904632568,6.650000095367432,13.300000190734863,22.149999618530273,,14.75,10.949999809265137,1.149999976158142,,5.400000095367432,,,25.049999237060547,,,38.3650016784668,2.600477933883667,3.799999952316284,5.099999904632568,,16.25,0.949999988079071,11.550000190734863,6.099999904632568,,,2024-05-08,2024Q2
2024-05-09,35.75,13.550000190734863,10.600000381469727,8.899999618530273,19.799999237060547,,19.75,19.649999618530273,,9.199999809265137,16.799999237060547,,27.25,,,,,,23.049999237060547,21.0,,,16.537500381469727,7.849999904632568,,24.549999237060547,8.050000190734863,,20.25,18.399999618530273,,,14.850000381469727,18.799999237060547,,,18.100000381469727,34.0,5.949999809265137,,24.100000381469727,8.550000190734863,9.039999961853027,,7.800000190734863,15.699999809265137,,17.0,17.5,6.699999809265137,23.0,,,0.5,,3.799999952316284,7.849999904632568,,21.549999237060547,3.200000047683716,0.6499999761581421,8.350000381469727,19.549999237060547,9.550000190734863,1.5499999523162842,,10.899999618530273,20.450000762939453,,,13.649999618530273,,26.149999618530273,27.049999237060547,,12.600000381469727,21.600000381469727,22.549999237060547,2.0999999046325684,10.899999618530273,,16.649999618530273,,,3.450000047683716,1.850000023841858,,3.8499999046325684,,5.599999904632568,,,19.0,8.850000381469727,,,23.899999618530273,23.549999237060547,20.299999237060547,,1.5,,22.200000762939453,,,10.25,18.450000762939453,19.450000762939453,,,,11.449999809265137,8.300000190734863,,,,,,21.25,11.600000381469727,7.300000190734863,,28.899999618530273,30.200000762939453,16.950000762939453,10.800000190734863,,20.799999237060547,12.300000190734863,21.0,,,,11.399999618530273,,28.600000381469727,6.699999809265137,28.850000381469727,,19.399999618530273,19.100000381469727,5.400000095367432,21.899999618530273,8.449999809265137,27.700000762939453,18.049999237060547,11.350000381469727,,,14.449999809265137,,18.200000762939453,22.350000381469727,16.649999618530273,,23.149999618530273,,26.950000762939453,,13.600000381469727,27.75,3.0,14.550000190734863,,5.699999809265137,6.449999809265137,12.949999809265137,21.399999618530273,,14.649999618530273,10.800000190734863,1.149999976158142,,5.300000190734863,,,25.25,,,38.744998931884766,2.526179075241089,3.75,5.0,,16.0,1.0,11.350000381469727,6.0,,,2024-05-09,2024Q2
2024-05-10,36.849998474121094,14.149999618530273,10.600000381469727,9.0,20.350000381469727,,19.5,20.149999618530273,,9.050000190734863,17.25,,27.850000381469727,,,,,,22.600000381469727,20.600000381469727,,,16.649999618530273,7.699999809265137,,23.350000381469727,7.949999809265137,,20.049999237060547,18.200000762939453,,,15.050000190734863,19.75,,,18.200000762939453,34.099998474121094,6.050000190734863,,25.200000762939453,8.800000190734863,9.899999618530273,,7.800000190734863,16.200000762939453,,16.850000381469727,17.5,6.599999904632568,23.25,,,0.5,,3.8499999046325684,7.75,,22.5,3.3499999046325684,0.699999988079071,8.5,19.5,9.600000381469727,1.600000023841858,,10.800000190734863,20.799999237060547,,,13.800000190734863,,26.600000381469727,27.549999237060547,,12.800000190734863,21.700000762939453,22.100000381469727,2.1500000953674316,11.449999809265137,,16.450000762939453,,,3.4000000953674316,1.899999976158142,,3.9000000953674316,,5.599999904632568,,,18.75,8.949999809265137,,,23.549999237060547,22.799999237060547,21.75,,1.5,,22.25,,,10.199999809265137,18.850000381469727,19.100000381469727,,,,11.649999618530273,8.199999809265137,,,,,,21.049999237060547,11.399999618530273,7.300000190734863,,28.450000762939453,31.25,17.149999618530273,10.600000381469727,,20.600000381469727,12.300000190734863,21.450000762939453,,,,11.550000190734863,,28.100000381469727,6.599999904632568,27.799999237060547,,19.350000381469727,18.649999618530273,5.300000190734863,21.850000381469727,8.449999809265137,27.799999237060547,19.100000381469727,11.899999618530273,,,14.399999618530273,,18.399999618530273,22.549999237060547,16.149999618530273,,22.200000762939453,,26.950000762939453,,13.199999809265137,28.450000762939453,3.0,14.399999618530273,,5.800000190734863,6.5,13.050000190734863,21.700000762939453,,15.949999809265137,10.600000381469727,1.149999976158142,,5.050000190734863,,,25.899999618530273,,,36.93000030517578,2.6376280784606934,3.75,5.0,,16.100000381469727,1.0,11.149999618530273,5.900000095367432,,,2024-05-10,2024Q2
2024-05-13,37.099998474121094,14.199999809265137,10.5,8.949999809265137,19.75,,19.649999618530273,20.200000762939453,,9.100000381469727,17.549999237060547,,28.149999618530273,,,,,,22.149999618530273,20.100000381469727,,,16.5,8.050000190734863,,21.600000381469727,7.849999904632568,,19.899999618530273,17.950000762939453,,,15.25,19.549999237060547,,,17.899999618530273,33.0,5.900000095367432,,25.0,8.050000190734863,9.614999771118164,,7.75,16.0,,16.649999618530273,19.0,6.900000095367432,23.299999237060547,,,0.5,,3.75,8.100000381469727,,22.549999237060547,3.200000047683716,0.699999988079071,8.899999618530273,19.200000762939453,10.050000190734863,1.600000023841858,,10.949999809265137,20.75,,,13.199999809265137,,26.350000381469727,27.25,,12.449999809265137,21.0,21.649999618530273,2.25,11.149999618530273,,17.25,,,3.549999952316284,1.899999976158142,,3.9000000953674316,,5.5,,,18.950000762939453,9.399999618530273,,,24.450000762939453,22.649999618530273,21.899999618530273,,1.5499999523162842,,21.350000381469727,,,10.050000190734863,18.5,19.200000762939453,,,,11.850000381469727,8.050000190734863,,,,,,20.649999618530273,11.699999809265137,7.650000095367432,,27.899999618530273,30.899999618530273,17.049999237060547,10.449999809265137,,20.200000762939453,12.100000381469727,21.149999618530273,,,,11.199999809265137,,27.799999237060547,6.400000095367432,28.200000762939453,,19.0,19.549999237060547,5.199999809265137,22.899999618530273,8.5,27.549999237060547,18.950000762939453,12.449999809265137,,,14.149999618530273,,18.299999237060547,22.5,16.649999618530273,,22.0,,27.200000762939453,,13.100000381469727,27.75,2.950000047683716,15.100000381469727,,5.650000095367432,6.449999809265137,13.050000190734863,21.549999237060547,,16.649999618530273,10.399999618530273,1.100000023841858,,5.050000190734863,,,26.100000381469727,,,38.310001373291016,2.749077081680298,3.75,4.949999809265137,,15.800000190734863,1.0,10.949999809265137,5.900000095367432,,,2024-05-13,2024Q2
2024-05-14,37.95000076293945,14.550000190734863,10.449999809265137,8.949999809265137,20.200000762939453,,19.600000381469727,20.149999618530273,,9.0,17.850000381469727,,27.649999618530273,,,,,,22.549999237060547,19.950000762939453,,,16.6875,8.449999809265137,,22.799999237060547,7.900000095367432,,19.850000381469727,17.950000762939453,,,15.100000381469727,19.25,,,18.200000762939453,33.20000076293945,6.150000095367432,,25.25,8.199999809265137,9.800000190734863,,7.900000095367432,16.350000381469727,,17.399999618530273,18.950000762939453,7.199999809265137,23.5,,,0.550000011920929,,3.8499999046325684,8.100000381469727,,22.5,3.049999952316284,0.699999988079071,9.300000190734863,20.149999618530273,10.550000190734863,1.5499999523162842,,10.850000381469727,21.100000381469727,,,13.300000190734863,,26.700000762939453,27.25,,13.149999618530273,22.049999237060547,21.25,2.3499999046325684,11.649999618530273,,18.100000381469727,,,3.700000047683716,1.899999976158142,,4.050000190734863,,5.650000095367432,,,18.950000762939453,9.399999618530273,,,25.649999618530273,22.700000762939453,21.700000762939453,,1.600000023841858,,22.149999618530273,,,10.25,19.049999237060547,20.049999237060547,,,,12.199999809265137,8.449999809265137,,,,,,20.850000381469727,11.5,8.0,,29.25,31.649999618530273,17.149999618530273,10.949999809265137,,21.549999237060547,12.350000381469727,21.399999618530273,,,,11.449999809265137,,28.200000762939453,6.550000190734863,27.850000381469727,,19.950000762939453,20.5,5.400000095367432,24.0,8.899999618530273,28.0,19.350000381469727,13.050000190734863,,,14.850000381469727,,18.700000762939453,22.600000381469727,16.75,,23.049999237060547,,28.100000381469727,,13.600000381469727,29.950000762939453,3.0,15.850000381469727,,5.699999809265137,6.449999809265137,13.699999809265137,21.799999237060547,,16.5,10.199999809265137,1.149999976158142,,5.099999904632568,,,26.25,,,37.86750030517578,2.8605260848999023,3.799999952316284,4.949999809265137,,16.0,1.0499999523162842,10.75,6.099999904632568,,,2024-05-14,2024Q2
2024-05-15,37.29999923706055,14.350000381469727,10.399999618530273,8.949999809265137,20.350000381469727,,19.5,20.200000762939453,,8.949999809265137,18.350000381469727,,28.049999237060547,,,,,,22.950000762939453,20.899999618530273,,,16.612499237060547,8.850000381469727,,22.899999618530273,7.900000095367432,,19.75,17.850000381469727,,,15.199999809265137,19.149999618530273,,,19.100000381469727,32.70000076293945,6.300000190734863,,24.850000381469727,8.350000381469727,9.989999771118164,,8.100000381469727,16.549999237060547,,17.549999237060547,18.5,7.550000190734863,23.350000381469727,,,0.550000011920929,,3.8499999046325684,8.449999809265137,,22.350000381469727,3.0,0.699999988079071,9.75,20.149999618530273,11.050000190734863,1.5,,10.949999809265137,20.850000381469727,,,13.25,,26.799999237060547,26.850000381469727,,13.300000190734863,23.149999618530273,21.600000381469727,2.4000000953674316,11.350000381469727,,18.399999618530273,,,3.8499999046325684,1.7999999523162842,,4.25,,5.5,,,19.450000762939453,9.300000190734863,,,25.649999618530273,23.049999237060547,22.65411949157715,,1.649999976158142,,21.899999618530273,,,10.399999618530273,19.75,21.049999237060547,,,,12.0,8.850000381469727,,,,,,20.75,11.350000381469727,8.399999618530273,,29.799999237060547,31.0,17.25,11.199999809265137,,21.5,12.5,21.399999618530273,,,,12.0,,28.5,6.699999809265137,27.950000762939453,,20.850000381469727,21.5,5.400000095367432,25.200000762939453,9.300000190734863,28.350000381469727,19.049999237060547,12.75,,,15.550000190734863,,18.850000381469727,21.899999618530273,16.149999618530273,,23.100000381469727,,28.100000381469727,,13.449999809265137,29.049999237060547,3.0,16.299999237060547,,5.650000095367432,6.550000190734863,13.600000381469727,22.049999237060547,,16.450000762939453,10.050000190734863,1.149999976158142,,5.099999904632568,,,25.700000762939453,,,37.89250183105469,2.950000047683716,3.9000000953674316,5.150000095367432,,15.899999618530273,1.100000023841858,10.949999809265137,6.0,,,2024-05-15,2024Q2
2024-05-16,39.20000076293945,14.800000190734863,10.350000381469727,8.899999618530273,20.899999618530273,,18.950000762939453,20.700000762939453,,8.850000381469727,18.350000381469727,,27.700000762939453,,,,,,23.350000381469727,21.899999618530273,,,16.6875,8.699999809265137,,22.5,7.849999904632568,,19.850000381469727,17.950000762939453,,,15.399999618530273,19.850000381469727,,,19.200000762939453,32.900001525878906,6.599999904632568,,24.850000381469727,8.350000381469727,9.989999771118164,,8.050000190734863,16.299999237060547,,17.200000762939453,19.149999618530273,7.900000095367432,23.149999618530273,,,0.5,,3.8499999046325684,8.300000190734863,,22.350000381469727,3.1500000953674316,0.699999988079071,10.199999809265137,19.899999618530273,11.600000381469727,1.5499999523162842,,10.850000381469727,20.700000762939453,,,13.149999618530273,,26.700000762939453,26.950000762939453,,13.0,23.899999618530273,21.200000762939453,2.299999952316284,11.199999809265137,,18.149999618530273,,,3.700000047683716,1.75,,4.449999809265137,,5.349999904632568,,,19.5,9.199999809265137,,,25.149999618530273,23.0,22.308631896972656,,1.7000000476837158,,21.200000762939453,,,10.199999809265137,19.25,21.100000381469727,,,,11.949999809265137,8.850000381469727,,,,,,20.75,11.5,8.800000190734863,,29.799999237060547,31.700000762939453,17.149999618530273,11.5,,21.049999237060547,12.800000190734863,21.350000381469727,,,,12.600000381469727,,28.399999618530273,6.599999904632568,27.450000762939453,,20.350000381469727,22.549999237060547,5.349999904632568,24.649999618530273,9.699999809265137,28.649999618530273,18.75,12.5,,,16.299999237060547,,18.450000762939453,22.399999618530273,17.75,,22.75,,27.299999237060547,,13.399999618530273,29.299999237060547,3.049999952316284,16.399999618530273,,5.699999809265137,6.5,13.550000190734863,21.799999237060547,,16.850000381469727,10.050000190734863,1.149999976158142,,5.099999904632568,,,25.200000762939453,,,37.60749816894531,3.049999952316284,3.950000047683716,5.050000190734863,,15.949999809265137,1.149999976158142,11.149999618530273,6.0,,,2024-05-16,2024Q2
2024-05-17,39.400001525878906,14.5,10.399999618530273,8.75,19.899999618530273,,19.450000762939453,20.850000381469727,,8.949999809265137,18.649999618530273,,27.799999237060547,,,,,,23.299999237060547,22.950000762939453,,,16.649999618530273,8.600000381469727,,22.700000762939453,7.900000095367432,,20.149999618530273,17.75,,,15.600000381469727,20.100000381469727,,,19.100000381469727,34.04999923706055,6.400000095367432,,24.5,8.350000381469727,10.005000114440918,,8.0,16.399999618530273,,17.600000381469727,19.0,8.199999809265137,23.200000762939453,,,0.5,,3.8499999046325684,8.25,,23.0,3.25,0.6499999761581421,9.949999809265137,20.850000381469727,12.149999618530273,1.5499999523162842,,10.75,21.149999618530273,,,12.949999809265137,,26.75,26.799999237060547,,13.100000381469727,23.75,20.799999237060547,2.299999952316284,11.5,,18.25,,,3.549999952316284,1.75,,4.599999904632568,,5.400000095367432,,,19.350000381469727,9.100000381469727,,,24.899999618530273,23.350000381469727,21.815078735351562,,1.75,,21.399999618530273,,,10.350000381469727,20.0,22.149999618530273,,,,11.550000190734863,8.800000190734863,,,,,,20.899999618530273,11.5,9.199999809265137,,29.600000381469727,31.850000381469727,17.25,11.550000190734863,,21.450000762939453,12.850000381469727,21.600000381469727,,,,13.199999809265137,,29.450000762939453,6.650000095367432,28.100000381469727,,20.25,22.100000381469727,5.300000190734863,23.450000762939453,9.449999809265137,28.100000381469727,19.399999618530273,12.25,,,16.200000762939453,,18.049999237060547,24.600000381469727,18.850000381469727,,22.950000762939453,,27.200000762939453,,13.449999809265137,29.200000762939453,2.950000047683716,16.299999237060547,,5.75,6.599999904632568,13.399999618530273,22.0,,16.850000381469727,10.0,1.2000000476837158,,5.050000190734863,,,24.899999618530273,,,37.3025016784668,3.0999999046325684,3.9000000953674316,5.050000190734863,,15.949999809265137,1.2000000476837158,10.949999809265137,5.949999809265137,,,2024-05-17,2024Q2
2024-05-21,38.29999923706055,14.550000190734863,11.050000190734863,9.25,20.299999237060547,,19.149999618530273,20.399999618530273,,9.050000190734863,19.350000381469727,,28.149999618530273,,,,,,23.100000381469727,22.200000762939453,,,16.462499618530273,8.899999618530273,,23.299999237060547,7.849999904632568,,19.850000381469727,16.350000381469727,,,16.0,20.549999237060547,,,19.0,33.599998474121094,6.400000095367432,,24.799999237060547,8.25,10.194999694824219,,7.900000095367432,16.450000762939453,,17.549999237060547,20.450000762939453,7.849999904632568,23.149999618530273,,,0.5,,3.8499999046325684,8.600000381469727,,22.25,3.0999999046325684,0.699999988079071,10.25,20.850000381469727,13.350000381469727,1.5499999523162842,,11.0,21.0,,,13.149999618530273,,28.5,26.700000762939453,,13.0,23.149999618530273,21.100000381469727,2.299999952316284,11.449999809265137,,18.450000762939453,,,3.8499999046325684,1.75,,4.449999809265137,,5.199999809265137,,,18.850000381469727,9.449999809265137,,,24.5,22.850000381469727,21.815078735351562,,1.7999999523162842,,21.899999618530273,,,10.25,19.700000762939453,24.350000381469727,,,,11.550000190734863,9.449999809265137,,,,,,21.350000381469727,11.550000190734863,10.100000381469727,,28.700000762939453,31.399999618530273,17.5,11.75,,21.25,12.699999809265137,21.549999237060547,,,,13.149999618530273,,30.299999237060547,6.900000095367432,28.200000762939453,,21.450000762939453,21.25,5.349999904632568,22.399999618530273,9.149999618530273,28.25,19.0,11.800000190734863,,,15.949999809265137,,18.100000381469727,26.299999237060547,20.0,,22.950000762939453,,27.200000762939453,,13.0,28.799999237060547,2.950000047683716,17.899999618530273,,5.699999809265137,6.5,13.350000381469727,21.799999237060547,,16.200000762939453,9.949999809265137,1.2000000476837158,,5.099999904632568,,,24.700000762939453,,,37.61249923706055,3.0999999046325684,3.9000000953674316,5.050000190734863,,15.850000381469727,1.2000000476837158,11.5,5.949999809265137,,,2024-05-21,2024Q2
2024-05-22,38.099998474121094,14.449999809265137,11.600000381469727,9.149999618530273,20.450000762939453,,19.549999237060547,21.149999618530273,,9.0,20.299999237060547,,27.950000762939453,,,,,,22.649999618530273,21.75,,,16.537500381469727,9.300000190734863,,26.899999618530273,7.900000095367432,,19.200000762939453,16.399999618530273,,,15.949999809265137,20.200000762939453,,,19.25,33.5,6.300000190734863,,25.850000381469727,8.350000381469727,10.3149995803833,,7.900000095367432,16.600000381469727,,17.850000381469727,20.25,7.699999809265137,22.950000762939453,,,0.550000011920929,,3.9000000953674316,8.449999809265137,,22.0,3.0,0.75,10.050000190734863,21.049999237060547,13.100000381469727,1.5499999523162842,,11.25,21.200000762939453,,,13.100000381469727,,27.950000762939453,26.850000381469727,,12.899999618530273,22.649999618530273,21.5,2.299999952316284,11.300000190734863,,18.149999618530273,,,3.700000047683716,1.7000000476837158,,4.400000095367432,,5.150000095367432,,,18.799999237060547,9.25,,,25.700000762939453,22.549999237060547,22.506053924560547,,1.850000023841858,,21.850000381469727,,,10.149999618530273,20.549999237060547,24.0,,,,11.5,9.699999809265137,,,,,,21.25,11.75,9.899999618530273,,28.799999237060547,31.5,17.350000381469727,11.600000381469727,,21.0,12.649999618530273,21.450000762939453,,,,13.75,,28.799999237060547,6.75,29.299999237060547,,21.850000381469727,20.850000381469727,5.25,22.399999618530273,9.149999618530273,27.950000762939453,18.850000381469727,11.600000381469727,,,15.149999618530273,,18.600000381469727,25.700000762939453,20.200000762939453,,22.649999618530273,,27.0,,12.949999809265137,29.049999237060547,2.950000047683716,17.549999237060547,,5.650000095367432,6.449999809265137,13.199999809265137,22.850000381469727,,15.850000381469727,9.899999618530273,1.149999976158142,,5.199999809265137,,,24.350000381469727,,,37.39250183105469,3.049999952316284,3.950000047683716,5.050000190734863,,15.800000190734863,1.149999976158142,11.5,5.849999904632568,,,2024-05-22,2024Q2
2024-05-23,37.54999923706055,15.149999618530273,12.149999618530273,9.0,19.899999618530273,,20.200000762939453,22.200000762939453,,8.899999618530273,20.899999618530273,,27.049999237060547,,,,,,22.200000762939453,21.399999618530273,,,16.424999237060547,9.449999809265137,,26.200000762939453,7.949999809265137,,19.600000381469727,16.950000762939453,,,15.949999809265137,19.899999618530273,,,18.950000762939453,33.54999923706055,6.199999809265137,,25.5,8.149999618530273,10.40999984741211,,7.900000095367432,16.799999237060547,,17.75,19.850000381469727,7.550000190734863,22.850000381469727,,,0.6000000238418579,,3.8499999046325684,8.25,,21.799999237060547,2.8499999046325684,0.800000011920929,9.850000381469727,20.850000381469727,12.850000381469727,1.5499999523162842,,10.899999618530273,21.149999618530273,,,13.0,,28.049999237060547,26.75,,12.899999618530273,22.350000381469727,21.899999618530273,2.25,11.5,,17.950000762939453,,,3.6500000953674316,1.75,,4.349999904632568,,5.050000190734863,,,18.799999237060547,9.300000190734863,,,26.5,22.25,22.012500762939453,,1.899999976158142,,21.600000381469727,,,10.100000381469727,20.200000762939453,23.75,,,,11.199999809265137,9.399999618530273,,,,,,21.299999237060547,11.899999618530273,9.699999809265137,,28.100000381469727,31.25,16.600000381469727,11.399999618530273,,20.700000762939453,12.649999618530273,21.549999237060547,,,,14.399999618530273,,27.799999237060547,6.900000095367432,28.549999237060547,,21.5,20.649999618530273,5.199999809265137,23.049999237060547,9.050000190734863,27.950000762939453,18.75,11.399999618530273,,,14.850000381469727,,18.299999237060547,25.5,19.75,,22.799999237060547,,27.700000762939453,,12.949999809265137,28.700000762939453,2.950000047683716,17.25,,5.650000095367432,6.400000095367432,13.0,23.950000762939453,,15.449999809265137,9.699999809265137,1.149999976158142,,5.349999904632568,,,23.899999618530273,,,36.83000183105469,3.0,3.8499999046325684,5.0,,15.850000381469727,1.100000023841858,11.449999809265137,6.099999904632568,,,2024-05-23,2024Q2
2024-05-24,38.150001525878906,15.850000381469727,12.75,8.75,19.850000381469727,,21.149999618530273,23.299999237060547,,9.100000381469727,21.299999237060547,,27.399999618530273,,,,,,22.200000762939453,21.399999618530273,,,16.387500762939453,9.25,,25.350000381469727,7.849999904632568,,19.450000762939453,17.0,,,15.75,19.450000762939453,,,19.049999237060547,33.04999923706055,6.099999904632568,,25.25,8.25,10.3100004196167,,7.800000190734863,17.100000381469727,,17.5,21.75,7.400000095367432,23.0,,,0.6000000238418579,,3.9000000953674316,8.300000190734863,,21.850000381469727,2.950000047683716,0.8500000238418579,9.649999618530273,21.049999237060547,12.600000381469727,1.5499999523162842,,11.399999618530273,21.399999618530273,,,12.649999618530273,,27.799999237060547,26.600000381469727,,12.800000190734863,22.200000762939453,22.299999237060547,2.25,11.550000190734863,,17.5,,,3.6500000953674316,1.75,,4.300000190734863,,5.099999904632568,,,18.700000762939453,9.199999809265137,,,25.799999237060547,22.0,21.649999618530273,,1.9500000476837158,,21.75,,,10.300000190734863,20.0,23.299999237060547,,,,11.649999618530273,9.0,,,,,,22.049999237060547,11.75,9.5,,27.399999618530273,31.25,16.549999237060547,11.050000190734863,,20.549999237060547,12.449999809265137,21.5,,,,15.100000381469727,,28.549999237060547,6.800000190734863,28.200000762939453,,21.100000381469727,20.25,5.25,23.100000381469727,9.0,28.850000381469727,18.5,11.199999809265137,,,15.0,,18.200000762939453,24.350000381469727,19.5,,22.600000381469727,,28.25,,12.899999618530273,29.0,2.950000047683716,17.350000381469727,,5.5,6.300000190734863,12.899999618530273,23.100000381469727,,15.449999809265137,9.600000381469727,1.2000000476837158,,5.199999809265137,,,23.799999237060547,,,36.38249969482422,2.950000047683716,3.8499999046325684,5.050000190734863,,15.850000381469727,1.0499999523162842,11.449999809265137,6.349999904632568,,,2024-05-24,2024Q2
2024-05-27,37.349998474121094,15.25,12.149999618530273,8.800000190734863,19.799999237060547,,23.600000381469727,24.450000762939453,,9.0,21.25,,27.0,,,,,,21.75,21.799999237060547,,,16.350000381469727,8.949999809265137,,27.5,7.849999904632568,,18.5,16.799999237060547,,,16.0,19.049999237060547,,,18.649999618530273,29.850000381469727,6.050000190734863,,24.149999618530273,8.100000381469727,10.119999885559082,,7.849999904632568,16.549999237060547,,17.200000762939453,22.100000381469727,7.25,23.100000381469727,,,0.6499999761581421,,3.8499999046325684,8.100000381469727,,21.850000381469727,3.0,0.8999999761581421,9.449999809265137,20.0,12.350000381469727,1.5499999523162842,,11.949999809265137,21.0,,,12.100000381469727,,27.700000762939453,26.299999237060547,,12.699999809265137,22.100000381469727,22.700000762939453,2.450000047683716,11.350000381469727,,17.450000762939453,,,3.700000047683716,1.7000000476837158,,4.25,,5.25,,,18.399999618530273,8.949999809265137,,,25.299999237060547,21.950000762939453,21.049999237060547,,1.850000023841858,,21.200000762939453,,,10.199999809265137,20.549999237060547,22.850000381469727,,,,11.25,8.899999618530273,,,,,,22.0,13.399999618530273,9.350000381469727,,26.950000762939453,30.850000381469727,16.350000381469727,10.800000190734863,,20.25,12.25,21.399999618530273,,,,15.850000381469727,,27.899999618530273,6.650000095367432,27.600000381469727,,20.850000381469727,19.850000381469727,5.150000095367432,23.299999237060547,9.199999809265137,29.799999237060547,18.600000381469727,11.0,,,15.5,,17.899999618530273,23.649999618530273,19.149999618530273,,23.700000762939453,,27.0,,13.050000190734863,29.149999618530273,2.9000000953674316,18.100000381469727,,5.599999904632568,6.300000190734863,12.699999809265137,21.950000762939453,,15.800000190734863,9.5,1.2000000476837158,,5.099999904632568,,,23.350000381469727,,,36.22249984741211,2.9000000953674316,3.9000000953674316,5.050000190734863,,15.800000190734863,1.0499999523162842,11.149999618530273,6.199999809265137,,,2024-05-27,2024Q2
2024-05-28,37.349998474121094,15.899999618530273,11.550000190734863,8.899999618530273,19.649999618530273,,22.700000762939453,25.649999618530273,,8.550000190734863,21.450000762939453,,27.0,,,,,,21.350000381469727,22.200000762939453,,,16.162500381469727,8.649999618530273,,26.549999237060547,7.75,,18.450000762939453,15.800000190734863,,,15.649999618530273,18.950000762939453,,,18.850000381469727,28.799999237060547,6.050000190734863,,24.049999237060547,8.100000381469727,10.25,,8.0,15.800000190734863,,17.200000762939453,21.299999237060547,7.099999904632568,22.75,,,0.699999988079071,,3.799999952316284,8.149999618530273,,21.649999618530273,3.0,0.949999988079071,9.300000190734863,19.149999618530273,12.149999618530273,1.5,,12.5,20.649999618530273,,,11.550000190734863,,26.450000762939453,25.450000762939453,,12.300000190734863,21.149999618530273,22.25,2.6500000953674316,11.149999618530273,,18.200000762939453,,,3.5999999046325684,1.649999976158142,,4.199999809265137,,5.400000095367432,,,18.399999618530273,8.850000381469727,,,24.25,22.25,21.0,,1.7999999523162842,,20.649999618530273,,,10.050000190734863,20.0,22.399999618530273,,,,10.800000190734863,8.550000190734863,,,,,,21.200000762939453,13.050000190734863,9.199999809265137,,27.149999618530273,33.150001525878906,16.450000762939453,10.949999809265137,,19.899999618530273,12.199999809265137,21.049999237060547,,,,16.600000381469727,,27.600000381469727,6.349999904632568,26.75,,20.350000381469727,19.75,5.099999904632568,22.149999618530273,9.100000381469727,30.75,18.100000381469727,10.899999618530273,,,15.199999809265137,,17.649999618530273,23.850000381469727,19.200000762939453,,24.799999237060547,,26.25,,13.0,28.75,2.8499999046325684,17.649999618530273,,5.599999904632568,6.199999809265137,12.5,20.850000381469727,,15.25,9.350000381469727,1.149999976158142,,5.050000190734863,,,22.850000381469727,,,37.45249938964844,2.9000000953674316,3.799999952316284,5.0,,15.649999618530273,1.0499999523162842,10.949999809265137,6.25,,,2024-05-28,2024Q2
2024-05-29,37.150001525878906,16.649999618530273,12.100000381469727,9.149999618530273,19.25,,22.600000381469727,24.399999618530273,,8.300000190734863,21.850000381469727,,27.0,,,,,,20.950000762939453,21.75,,,16.200000762939453,8.600000381469727,,26.299999237060547,7.75,,18.299999237060547,15.600000381469727,,,15.699999809265137,18.549999237060547,,,18.950000762939453,28.850000381469727,5.849999904632568,,23.350000381469727,8.050000190734863,10.34000015258789,,7.900000095367432,15.75,,17.950000762939453,22.399999618530273,6.949999809265137,22.649999618530273,,,0.75,,3.799999952316284,7.75,,21.450000762939453,3.0,1.0,9.149999618530273,20.100000381469727,11.899999618530273,1.5,,13.100000381469727,20.799999237060547,,,11.5,,25.799999237060547,25.350000381469727,,12.149999618530273,22.200000762939453,21.799999237060547,2.5999999046325684,11.25,,19.100000381469727,,,3.549999952316284,1.649999976158142,,4.150000095367432,,5.550000190734863,,,18.350000381469727,8.800000190734863,,,26.649999618530273,22.549999237060547,20.799999237060547,,1.850000023841858,,21.0,,,10.25,19.75,22.0,,,,10.75,8.899999618530273,,,,,,20.950000762939453,12.699999809265137,9.050000190734863,,27.299999237060547,31.549999237060547,16.299999237060547,10.899999618530273,,20.700000762939453,12.0,21.0,,,,17.399999618530273,,27.450000762939453,6.050000190734863,27.700000762939453,,21.350000381469727,19.399999618530273,5.099999904632568,21.25,8.949999809265137,31.100000381469727,18.200000762939453,10.699999809265137,,,15.149999618530273,,17.649999618530273,23.799999237060547,19.399999618530273,,24.049999237060547,,26.75,,12.949999809265137,28.299999237060547,2.8499999046325684,17.899999618530273,,5.5,6.5,12.399999618530273,20.649999618530273,,14.300000190734863,9.25,1.149999976158142,,4.900000095367432,,,22.899999618530273,,,37.39500045776367,2.8499999046325684,3.799999952316284,5.050000190734863,,15.399999618530273,1.0499999523162842,10.75,6.550000190734863,,,2024-05-29,2024Q2
2024-05-30,36.5,17.450000762939453,11.5,9.050000190734863,19.049999237060547,,21.200000762939453,23.200000762939453,,8.5,21.850000381469727,,27.0,,,,,,20.549999237060547,21.350000381469727,,,16.049999237060547,8.449999809265137,,25.200000762939453,7.699999809265137,,17.799999237060547,15.649999618530273,,,14.850000381469727,18.0,,,18.75,28.299999237060547,5.75,,23.049999237060547,8.050000190734863,9.899999618530273,,7.75,15.5,,17.200000762939453,21.700000762939453,7.050000190734863,22.0,,,0.800000011920929,,3.799999952316284,7.699999809265137,,21.0,3.0,0.949999988079071,9.199999809265137,19.600000381469727,12.100000381469727,1.5,,13.75,20.549999237060547,,,11.350000381469727,,25.149999618530273,25.049999237060547,,11.949999809265137,21.100000381469727,21.600000381469727,2.5999999046325684,11.199999809265137,,19.200000762939453,,,3.5999999046325684,1.649999976158142,,4.099999904632568,,5.800000190734863,,,18.200000762939453,8.600000381469727,,,27.350000381469727,21.75,21.049999237060547,,1.7999999523162842,,20.049999237060547,,,10.100000381469727,20.700000762939453,21.600000381469727,,,,10.600000381469727,8.800000190734863,,,,,,20.700000762939453,12.649999618530273,8.899999618530273,,26.600000381469727,30.450000762939453,16.100000381469727,10.850000381469727,,20.100000381469727,11.850000381469727,20.799999237060547,,,,18.25,,26.100000381469727,6.050000190734863,26.950000762939453,,20.600000381469727,19.75,4.949999809265137,21.0,8.850000381469727,31.399999618530273,17.850000381469727,10.5,,,14.800000190734863,,17.450000762939453,23.25,19.100000381469727,,24.549999237060547,,26.75,,12.75,27.899999618530273,2.8499999046325684,17.399999618530273,,5.349999904632568,6.800000190734863,12.399999618530273,20.5,,14.699999809265137,9.199999809265137,1.100000023841858,,5.0,,,22.450000762939453,,,36.15999984741211,2.799999952316284,3.75,4.949999809265137,,15.100000381469727,1.0499999523162842,10.850000381469727,6.849999904632568,,,2024-05-30,2024Q2
2024-05-31,34.849998474121094,18.299999237060547,11.300000190734863,9.100000381469727,19.100000381469727,,21.450000762939453,22.25,,8.850000381469727,21.850000381469727,,27.0,,,,,,20.149999618530273,21.0,,,15.9375,8.350000381469727,,25.100000381469727,7.75,,18.450000762939453,15.300000190734863,,,16.299999237060547,17.950000762939453,,,18.200000762939453,27.450000762939453,5.550000190734863,,23.950000762939453,8.100000381469727,10.600000381469727,,7.550000190734863,15.149999618530273,,17.049999237060547,21.899999618530273,6.949999809265137,21.299999237060547,,,0.800000011920929,,3.8499999046325684,7.650000095367432,,21.200000762939453,3.0,0.8999999761581421,9.050000190734863,19.649999618530273,12.300000190734863,1.5,,14.399999618530273,20.450000762939453,,,11.699999809265137,,24.549999237060547,25.450000762939453,,11.800000190734863,21.299999237060547,21.200000762939453,2.549999952316284,11.100000381469727,,20.149999618530273,,,3.549999952316284,1.649999976158142,,4.050000190734863,,6.050000190734863,,,18.299999237060547,8.449999809265137,,,27.149999618530273,21.100000381469727,20.600000381469727,,1.7999999523162842,,19.950000762939453,,,10.100000381469727,20.700000762939453,21.200000762939453,,,,10.5,9.199999809265137,,,,,,20.450000762939453,12.300000190734863,8.75,,25.700000762939453,30.450000762939453,15.850000381469727,10.699999809265137,,19.700000762939453,11.899999618530273,21.0,,,,19.149999618530273,,26.0,6.050000190734863,26.75,,20.049999237060547,19.350000381469727,5.099999904632568,21.100000381469727,8.850000381469727,31.549999237060547,18.899999618530273,10.699999809265137,,,14.850000381469727,,17.149999618530273,23.450000762939453,18.399999618530273,,23.350000381469727,,25.899999618530273,,12.550000190734863,28.049999237060547,2.700000047683716,17.850000381469727,,5.300000190734863,6.5,11.949999809265137,20.200000762939453,,14.149999618530273,9.050000190734863,1.149999976158142,,5.0,,,22.200000762939453,,,36.14500045776367,2.75,3.700000047683716,4.949999809265137,,15.199999809265137,1.0499999523162842,10.5,7.150000095367432,,,2024-05-31,2024Q2
2024-06-03,34.599998474121094,19.200000762939453,11.850000381469727,8.899999618530273,19.049999237060547,,20.950000762939453,21.350000381469727,,8.800000190734863,20.850000381469727,,26.25,,,,,,19.75,20.600000381469727,,,15.75,8.399999618530273,,25.200000762939453,7.75,,18.200000762939453,14.600000381469727,,,15.649999618530273,17.399999618530273,,,18.049999237060547,28.299999237060547,5.699999809265137,,23.600000381469727,8.050000190734863,10.0,,7.400000095367432,15.100000381469727,,17.049999237060547,20.5,6.849999904632568,22.350000381469727,,,0.8500000238418579,,3.8499999046325684,8.0,,20.950000762939453,3.0,0.8500000238418579,9.199999809265137,20.600000381469727,12.5,1.5499999523162842,,15.100000381469727,20.950000762939453,,,11.5,,25.75,25.75,,12.0,22.350000381469727,21.0,2.75,11.149999618530273,,20.700000762939453,,,3.5999999046325684,1.7000000476837158,,4.0,,6.199999809265137,,,17.700000762939453,8.649999618530273,,,27.049999237060547,20.299999237060547,20.700000762939453,,2.0999999046325684,,20.5,,,10.399999618530273,20.399999618530273,20.799999237060547,,,,10.550000190734863,9.649999618530273,,,,,,21.25,12.5,8.600000381469727,,25.299999237060547,31.0,16.049999237060547,10.75,,19.799999237060547,11.850000381469727,21.049999237060547,,,,20.100000381469727,,27.299999237060547,6.349999904632568,27.549999237060547,,20.049999237060547,19.25,5.0,21.200000762939453,9.0,31.149999618530273,18.850000381469727,10.899999618530273,,,14.449999809265137,,17.149999618530273,23.700000762939453,18.649999618530273,,22.200000762939453,,28.149999618530273,,12.949999809265137,27.950000762939453,3.0,18.700000762939453,,5.550000190734863,6.400000095367432,11.949999809265137,20.149999618530273,,14.550000190734863,9.100000381469727,1.149999976158142,,5.050000190734863,,,23.0,,,36.092498779296875,2.700000047683716,3.75,5.0,,15.199999809265137,1.0499999523162842,10.699999809265137,7.5,,,2024-06-03,2024Q2
2024-06-04,31.899999618530273,20.049999237060547,11.25,8.449999809265137,18.149999618530273,,20.399999618530273,20.299999237060547,,8.399999618530273,19.799999237060547,,26.25,,,,,,19.350000381469727,20.200000762939453,,,15.074999809265137,8.050000190734863,,21.149999618530273,7.050000190734863,,17.299999237060547,11.699999809265137,,,14.600000381469727,15.899999618530273,,,17.350000381469727,26.049999237060547,5.449999809265137,,22.600000381469727,7.849999904632568,9.0,,7.150000095367432,13.850000381469727,,16.5,19.399999618530273,6.75,21.25,,,0.800000011920929,,3.700000047683716,7.650000095367432,,18.850000381469727,3.0,0.800000011920929,9.050000190734863,19.600000381469727,12.25,1.5,,14.449999809265137,19.399999618530273,,,11.100000381469727,,24.600000381469727,23.299999237060547,,11.300000190734863,21.25,19.950000762939453,2.549999952316284,10.5,,20.299999237060547,,,3.450000047683716,1.649999976158142,,3.950000047683716,,5.900000095367432,,,16.649999618530273,7.949999809265137,,,25.75,19.299999237060547,19.399999618530273,,1.9500000476837158,,19.649999618530273,,,9.899999618530273,21.0,20.399999618530273,,,,10.050000190734863,9.25,,,,,,18.799999237060547,11.850000381469727,8.449999809265137,,24.399999618530273,28.100000381469727,15.350000381469727,10.300000190734863,,18.350000381469727,10.850000381469727,19.950000762939453,,,,19.350000381469727,,25.950000762939453,6.099999904632568,26.200000762939453,,19.049999237060547,18.899999618530273,4.849999904632568,19.950000762939453,8.550000190734863,28.899999618530273,17.0,10.699999809265137,,,14.399999618530273,,16.5,22.350000381469727,17.299999237060547,,21.100000381469727,,24.549999237060547,,11.899999618530273,25.350000381469727,2.700000047683716,17.799999237060547,,5.349999904632568,6.099999904632568,11.449999809265137,19.149999618530273,,13.850000381469727,9.050000190734863,1.100000023841858,,5.0,,,20.399999618530273,,,34.287498474121094,2.6500000953674316,3.6500000953674316,4.800000190734863,,14.75,1.0499999523162842,10.25,7.349999904632568,,,2024-06-04,2024Q2
2024-06-05,31.950000762939453,19.149999618530273,10.949999809265137,8.300000190734863,18.899999618530273,,20.899999618530273,21.200000762939453,,8.300000190734863,18.950000762939453,,24.950000762939453,,,,,,19.0,19.799999237060547,,,15.0,8.199999809265137,,25.299999237060547,7.400000095367432,,16.799999237060547,12.149999618530273,,,15.100000381469727,17.049999237060547,,,17.549999237060547,26.149999618530273,5.599999904632568,,23.25,7.599999904632568,9.899999618530273,,7.199999809265137,14.199999809265137,,16.700000762939453,20.399999618530273,6.650000095367432,20.950000762939453,,,0.8500000238418579,,3.5999999046325684,7.650000095367432,,19.450000762939453,2.8499999046325684,0.75,8.899999618530273,19.100000381469727,12.0,1.5,,15.149999618530273,19.950000762939453,,,11.449999809265137,,24.75,24.0,,11.75,20.700000762939453,20.25,2.549999952316284,10.899999618530273,,19.899999618530273,,,3.3499999046325684,1.649999976158142,,3.9000000953674316,,5.599999904632568,,,17.450000762939453,8.649999618530273,,,26.100000381469727,18.399999618530273,20.350000381469727,,2.0,,20.200000762939453,,,10.0,21.950000762939453,20.0,,,,9.550000190734863,9.699999809265137,,,,,,19.600000381469727,11.850000381469727,8.300000190734863,,24.850000381469727,29.25,15.899999618530273,10.199999809265137,,18.299999237060547,11.050000190734863,20.75,,,,19.950000762939453,,25.100000381469727,5.800000190734863,25.75,,19.200000762939453,18.549999237060547,4.650000095367432,20.950000762939453,8.399999618530273,29.950000762939453,17.200000762939453,10.5,,,14.699999809265137,,16.75,23.5,18.399999618530273,,21.049999237060547,,26.100000381469727,,12.300000190734863,26.350000381469727,2.799999952316284,16.950000762939453,,5.400000095367432,6.050000190734863,11.550000190734863,20.049999237060547,,13.649999618530273,9.050000190734863,1.0499999523162842,,5.0,,,21.399999618530273,,,32.877498626708984,2.5999999046325684,3.5999999046325684,4.75,,14.899999618530273,1.0,10.300000190734863,7.199999809265137,,,2024-06-05,2024Q2
2024-06-06,32.150001525878906,19.950000762939453,11.399999618530273,8.600000381469727,18.5,,22.799999237060547,22.25,,8.550000190734863,19.850000381469727,,24.049999237060547,,,,,,18.700000762939453,19.399999618530273,,,15.074999809265137,8.550000190734863,,24.25,7.449999809265137,,17.600000381469727,13.300000190734863,,,16.049999237060547,17.850000381469727,,,18.399999618530273,27.549999237060547,5.75,,24.0,7.849999904632568,9.899999618530273,,7.300000190734863,14.649999618530273,,16.899999618530273,20.950000762939453,6.699999809265137,21.600000381469727,,,0.8999999761581421,,3.75,7.75,,20.049999237060547,2.700000047683716,0.800000011920929,8.75,19.75,12.100000381469727,1.5499999523162842,,15.899999618530273,20.299999237060547,,,11.550000190734863,,25.950000762939453,24.75,,11.949999809265137,21.700000762939453,20.5,2.700000047683716,11.25,,20.25,,,3.25,1.649999976158142,,3.8499999046325684,,5.800000190734863,,,18.0,8.649999618530273,,,26.950000762939453,18.600000381469727,20.899999618530273,,2.049999952316284,,20.950000762939453,,,10.300000190734863,23.0,20.0,,,,10.0,10.149999618530273,,,,,,20.399999618530273,11.949999809265137,8.149999618530273,,26.049999237060547,29.649999618530273,16.0,10.699999809265137,,19.549999237060547,11.649999618530273,21.299999237060547,,,,18.950000762939453,,26.25,6.050000190734863,26.700000762939453,,20.149999618530273,18.899999618530273,4.599999904632568,22.100000381469727,8.800000190734863,30.149999618530273,18.850000381469727,10.300000190734863,,,15.399999618530273,,17.549999237060547,23.399999618530273,19.799999237060547,,22.100000381469727,,26.700000762939453,,12.75,27.25,2.8499999046325684,17.75,,5.550000190734863,6.199999809265137,12.050000190734863,19.950000762939453,,14.199999809265137,9.199999809265137,1.100000023841858,,5.0,,,22.200000762939453,,,32.872501373291016,2.549999952316284,3.700000047683716,4.949999809265137,,15.149999618530273,1.0,10.600000381469727,7.300000190734863,,,2024-06-06,2024Q2
2024-06-07,37.900001525878906,19.899999618530273,11.449999809265137,8.949999809265137,19.0,,23.399999618530273,23.350000381469727,,8.5,21.549999237060547,,24.700000762939453,,,,,,18.950000762939453,19.700000762939453,,,15.149999618530273,8.649999618530273,,24.850000381469727,7.800000190734863,,18.399999618530273,15.850000381469727,,,17.899999618530273,17.700000762939453,,,18.850000381469727,28.700000762939453,6.0,,23.649999618530273,7.949999809265137,10.0,,7.400000095367432,14.949999809265137,,17.200000762939453,20.75,6.800000190734863,22.600000381469727,,,0.8999999761581421,,3.950000047683716,7.949999809265137,,20.299999237060547,2.950000047683716,0.8500000238418579,8.75,19.799999237060547,12.25,1.7000000476837158,,15.649999618530273,20.700000762939453,,,11.75,,25.600000381469727,25.600000381469727,,11.949999809265137,22.350000381469727,20.75,2.5999999046325684,11.600000381469727,,20.649999618530273,,,3.549999952316284,1.649999976158142,,3.799999952316284,,5.900000095367432,,,18.049999237060547,9.100000381469727,,,27.149999618530273,18.450000762939453,21.649999618530273,,2.049999952316284,,22.25,,,11.300000190734863,23.149999618530273,19.700000762939453,,,,10.5,11.149999618530273,,,,,,20.799999237060547,12.100000381469727,8.300000190734863,,26.25,30.299999237060547,16.049999237060547,10.600000381469727,,20.0,11.699999809265137,21.850000381469727,,,,18.0,,26.850000381469727,6.25,28.100000381469727,,20.100000381469727,19.25,4.800000190734863,20.5,8.850000381469727,30.649999618530273,20.200000762939453,10.25,,,16.049999237060547,,17.899999618530273,23.649999618530273,19.049999237060547,,22.899999618530273,,27.100000381469727,,13.149999618530273,28.149999618530273,2.75,18.75,,5.550000190734863,6.25,12.0,21.649999618530273,,14.550000190734863,9.350000381469727,1.100000023841858,,5.150000095367432,,,23.850000381469727,,,33.630001068115234,2.5,3.799999952316284,5.099999904632568,,15.550000190734863,1.0,10.600000381469727,7.25,,,2024-06-07,2024Q2
2024-06-10,36.75,20.889999389648438,11.470000267028809,9.180000305175781,19.1200008392334,,22.860000610351562,23.510000228881836,,8.460000038146973,21.170000076293945,,25.290000915527344,,,,,,18.56999969482422,20.09000015258789,,,16.02750015258789,8.430000305175781,,25.75,7.013804912567139,,18.270000457763672,15.050000190734863,,,18.049999237060547,18.139999389648438,,,18.68000030517578,28.90999984741211,5.809999942779541,,23.219999313354492,7.989999771118164,9.699999809265137,,7.53000020980835,14.899999618530273,,17.290000915527344,21.6299991607666,6.929999828338623,22.1299991607666,,,0.8899999856948853,,3.869999885559082,8.130000114440918,,20.3799991607666,2.859999895095825,0.8100000023841858,8.699999809265137,20.020000457763672,12.149999618530273,1.8700000047683716,,14.890000343322754,20.969999313354492,,,11.90999984741211,,25.3700008392334,26.489999771118164,,12.100000381469727,21.860000610351562,20.360000610351562,2.6500000953674316,12.34000015258789,,20.229999542236328,,,3.259999990463257,1.6799999475479126,,3.799999952316284,,5.78000020980835,,,18.09000015258789,9.270000457763672,,,26.940000534057617,19.270000457763672,21.530000686645508,,2.2100000381469727,,22.43000030517578,,,12.390000343322754,22.40999984741211,20.010000228881836,,,,11.020000457763672,12.260000228881836,,,,,,21.139999389648438,12.09000015258789,8.460000038146973,,26.690000534057617,29.690000534057617,16.170000076293945,10.699999809265137,,20.209999084472656,11.630000114440918,21.65999984741211,,,,17.100000381469727,,27.200000762939453,6.480000019073486,28.18000030517578,,20.0,19.6299991607666,4.900000095367432,18.450000762939453,8.90999984741211,28.940000534057617,22.479999542236328,10.100000381469727,,,15.989999771118164,,17.670000076293945,23.860000610351562,18.18000030517578,,23.940000534057617,,27.530000686645508,,13.069999694824219,28.239999771118164,2.940000057220459,18.290000915527344,,5.539999961853027,6.269999980926514,12.050000190734863,21.5,,14.350000381469727,9.8100004196167,1.149999976158142,,5.340000152587891,,,24.15999984741211,,,33.88999938964844,2.450000047683716,3.759999990463257,5.019999980926514,,15.569999694824219,1.0199999809265137,10.489999771118164,7.25,,,2024-06-10,2024Q2
2024-06-11,37.54999923706055,21.93000030517578,11.760000228881836,9.380000114440918,19.25,,22.739999771118164,24.68000030517578,,8.6899995803833,20.81999969482422,,25.920000076293945,,,,,,18.780000686645508,20.489999771118164,,,16.02750015258789,8.789999961853027,,26.270000457763672,7.077484130859375,,18.020000457763672,15.3100004196167,,,18.399999618530273,17.979999542236328,,,18.399999618530273,30.09000015258789,5.769999980926514,,23.81999969482422,8.039999961853027,9.699999809265137,,7.78000020980835,15.210000038146973,,17.09000015258789,21.760000228881836,7.059999942779541,22.260000228881836,,,0.8399999737739563,,3.8399999141693115,8.239999771118164,,20.520000457763672,2.7899999618530273,0.8500000238418579,8.720000267028809,20.329999923706055,12.0,2.049999952316284,,14.180000305175781,21.68000030517578,,,11.609999656677246,,25.479999542236328,26.34000015258789,,12.460000038146973,22.030000686645508,21.3700008392334,2.7300000190734863,12.140000343322754,,20.6200008392334,,,3.3499999046325684,1.6799999475479126,,3.809999942779541,,6.199999809265137,,,18.110000610351562,9.270000457763672,,,26.579999923706055,20.170000076293945,20.84000015258789,,2.4100000858306885,,22.760000228881836,,,11.680000305175781,22.239999771118164,20.0,,,,11.569999694824219,11.880000114440918,,,,,,21.68000030517578,11.6899995803833,8.619999885559082,,28.020000457763672,31.3799991607666,16.34000015258789,10.649999618530273,,20.209999084472656,12.40999984741211,23.90999984741211,,,,16.239999771118164,,26.690000534057617,6.150000095367432,28.719999313354492,,20.030000686645508,20.020000457763672,4.940000057220459,16.600000381469727,8.899999618530273,28.59000015258789,22.18000030517578,9.890000343322754,,,16.389999389648438,,17.5,24.489999771118164,18.84000015258789,,23.360000610351562,,27.950000762939453,,13.020000457763672,28.920000076293945,2.9700000286102295,18.3700008392334,,5.510000228881836,6.309999942779541,12.359999656677246,22.110000610351562,,14.229999542236328,10.300000190734863,1.1200000047683716,,5.210000038146973,,,24.280000686645508,,,35.58250045776367,2.4000000953674316,3.75,4.989999771118164,,16.280000686645508,1.0399999618530273,10.619999885559082,7.25,,,2024-06-11,2024Q2
2024-06-12,36.79999923706055,23.020000457763672,12.65999984741211,10.3100004196167,19.170000076293945,,22.780000686645508,25.90999984741211,,8.8100004196167,20.709999084472656,,25.979999542236328,,,,,,18.579999923706055,20.889999389648438,,,16.094999313354492,8.819999694824219,,26.25,8.260096549987793,,18.489999771118164,15.0600004196167,,,18.09000015258789,17.790000915527344,,,18.3799991607666,30.270000457763672,5.960000038146973,,24.1200008392334,8.079999923706055,9.760000228881836,,7.739999771118164,17.0,,18.760000228881836,21.760000228881836,7.199999809265137,23.3700008392334,,,0.8199999928474426,,3.9000000953674316,8.279999732971191,,20.670000076293945,2.809999942779541,0.8799999952316284,8.890000343322754,21.34000015258789,12.239999771118164,2.1500000953674316,,14.34000015258789,22.260000228881836,,,11.729999542236328,,26.309999465942383,26.719999313354492,,12.720000267028809,24.229999542236328,21.639999389648438,2.8299999237060547,12.359999656677246,,20.700000762939453,,,3.2899999618530273,1.5800000429153442,,3.8499999046325684,,6.400000095367432,,,18.049999237060547,9.949999809265137,,,29.229999542236328,21.149999618530273,20.889999389648438,,2.3499999046325684,,23.010000228881836,,,11.880000114440918,22.690000534057617,20.399999618530273,,,,11.65999984741211,13.0600004196167,,,,,,21.510000228881836,12.4399995803833,8.789999961853027,,28.450000762939453,31.969999313354492,16.889999389648438,10.630000114440918,,19.969999313354492,12.15999984741211,24.5,,,,17.049999237060547,,27.149999618530273,6.130000114440918,29.15999984741211,,19.950000762939453,20.420000076293945,4.829999923706055,18.260000228881836,8.90999984741211,29.139999389648438,22.139999389648438,9.710000038146973,,,16.15999984741211,,18.1299991607666,24.8700008392334,18.549999237060547,,23.940000534057617,,30.829999923706055,,13.09000015258789,29.709999084472656,2.990000009536743,18.979999542236328,,5.619999885559082,6.309999942779541,12.65999984741211,22.420000076293945,,14.0600004196167,10.8100004196167,1.1299999952316284,,5.269999980926514,,,24.040000915527344,,,36.07500076293945,2.3499999046325684,3.8299999237060547,5.059999942779541,,16.34000015258789,1.059999942779541,10.739999771118164,7.389999866485596,,,2024-06-12,2024Q2
2024-06-13,37.220001220703125,22.8799991607666,12.65999984741211,11.34000015258789,19.059999465942383,,23.479999542236328,27.200000762939453,,8.819999694824219,20.889999389648438,,26.280000686645508,,,,,,18.209999084472656,21.290000915527344,,,16.125,8.989999771118164,,26.219999313354492,7.959896087646484,,18.329999923706055,14.520000457763672,,,18.719999313354492,17.889999389648438,,,18.170000076293945,29.31999969482422,5.849999904632568,,23.989999771118164,8.140000343322754,9.619999885559082,,8.140000343322754,16.540000915527344,,18.31999969482422,26.110000610351562,7.289999961853027,22.950000762939453,,,0.800000011920929,,3.869999885559082,8.0600004196167,,21.06999969482422,2.950000047683716,0.8799999952316284,8.920000076293945,21.469999313354492,11.989999771118164,2.0399999618530273,,14.109999656677246,22.270000457763672,,,12.010000228881836,,25.8700008392334,27.139999389648438,,13.25,25.049999237060547,21.989999771118164,2.7300000190734863,12.029999732971191,,21.100000381469727,,,3.25,1.590000033378601,,3.799999952316284,,7.03000020980835,,,18.440000534057617,10.130000114440918,,,29.829999923706055,21.1200008392334,21.079999923706055,,2.25,,23.270000457763672,,,12.859999656677246,21.889999389648438,20.799999237060547,,,,11.350000381469727,13.710000038146973,,,,,,21.610000610351562,12.279999732971191,8.9399995803833,,28.780000686645508,32.70000076293945,16.780000686645508,10.680000305175781,,19.90999984741211,12.15999984741211,26.3799991607666,,,,17.899999618530273,,27.100000381469727,6.260000228881836,28.31999969482422,,19.940000534057617,20.81999969482422,4.78000020980835,19.350000381469727,8.84000015258789,29.31999969482422,21.899999618530273,9.899999618530273,,,15.579999923706055,,18.040000915527344,24.729999542236328,18.56999969482422,,23.399999618530273,,31.860000610351562,,13.130000114440918,29.299999237060547,2.990000009536743,18.68000030517578,,5.579999923706055,6.269999980926514,12.699999809265137,22.31999969482422,,15.140000343322754,11.350000381469727,1.1799999475479126,,5.239999771118164,,,24.09000015258789,,,36.39500045776367,2.3499999046325684,3.7799999713897705,5.010000228881836,,17.559999465942383,1.059999942779541,10.729999542236328,7.53000020980835,,,2024-06-13,2024Q2
2024-06-14,36.709999084472656,22.190000534057617,12.210000038146973,11.899999618530273,19.030000686645508,,23.260000228881836,28.18000030517578,,8.779999732971191,20.899999618530273,,26.440000534057617,,,,,,17.84000015258789,21.010000228881836,,,16.612499237060547,9.359999656677246,,26.280000686645508,7.8325371742248535,,18.690000534057617,14.100000381469727,,,18.520000457763672,18.270000457763672,,,18.200000762939453,30.06999969482422,5.650000095367432,,24.170000076293945,8.149999618530273,9.619999885559082,,7.949999809265137,16.59000015258789,,18.350000381469727,30.59000015258789,7.400000095367432,22.760000228881836,,,0.7799999713897705,,3.880000114440918,7.849999904632568,,21.770000457763672,3.2300000190734863,0.8299999833106995,8.949999809265137,21.18000030517578,11.949999809265137,2.140000104904175,,13.960000038146973,22.200000762939453,,,12.260000228881836,,27.15999984741211,26.90999984741211,,13.09000015258789,24.5,22.280000686645508,2.7699999809265137,12.279999732971191,,21.5,,,3.069999933242798,1.7300000190734863,,3.8499999046325684,,7.699999809265137,,,18.229999542236328,9.960000038146973,,,29.459999084472656,23.229999542236328,21.170000076293945,,2.2300000190734863,,23.260000228881836,,,13.069999694824219,22.299999237060547,21.209999084472656,,,,11.359999656677246,13.9399995803833,,,,,,22.90999984741211,12.130000114440918,9.109999656677246,,28.09000015258789,33.83000183105469,16.6299991607666,10.630000114440918,,20.020000457763672,12.109999656677246,25.899999618530273,,,,18.790000915527344,,28.3799991607666,6.289999961853027,29.170000076293945,,19.829999923706055,21.229999542236328,4.900000095367432,19.3700008392334,8.9399995803833,28.969999313354492,21.959999084472656,10.09000015258789,,,15.720000267028809,,17.850000381469727,24.790000915527344,17.809999465942383,,22.989999771118164,,33.689998626708984,,13.40999984741211,31.200000762939453,2.990000009536743,18.690000534057617,,5.550000190734863,6.190000057220459,12.569999694824219,22.030000686645508,,15.350000381469727,11.90999984741211,1.159999966621399,,5.289999961853027,,,25.079999923706055,,,36.130001068115234,2.3499999046325684,3.7699999809265137,5.010000228881836,,17.770000457763672,1.059999942779541,10.760000228881836,7.679999828338623,,,2024-06-14,2024Q2
2024-06-18,36.38999938964844,21.079999923706055,12.109999656677246,11.300000190734863,19.040000915527344,,23.309999465942383,27.309999465942383,,8.65999984741211,20.690000534057617,,27.209999084472656,,,,,,17.479999542236328,20.579999923706055,,,16.905000686645508,9.479999542236328,,25.790000915527344,7.941701889038086,,18.389999389648438,14.350000381469727,,,17.850000381469727,18.209999084472656,,,18.489999771118164,29.420000076293945,5.539999961853027,,24.219999313354492,8.100000381469727,9.5,,7.789999961853027,16.270000457763672,,18.15999984741211,30.719999313354492,7.539999961853027,22.6200008392334,,,0.7599999904632568,,3.8499999046325684,8.0600004196167,,21.139999389648438,3.0399999618530273,0.8700000047683716,9.119999885559082,20.829999923706055,12.050000190734863,2.240000009536743,,13.819999694824219,22.59000015258789,,,11.949999809265137,,26.8799991607666,26.399999618530273,,12.850000381469727,24.34000015258789,21.809999465942383,2.890000104904175,12.180000305175781,,21.149999618530273,,,3.1500000953674316,1.899999976158142,,3.9200000762939453,,7.269999980926514,,,18.110000610351562,9.609999656677246,,,28.6299991607666,22.780000686645508,22.239999771118164,,2.240000009536743,,22.84000015258789,,,12.960000038146973,22.420000076293945,20.899999618530273,,,,11.880000114440918,13.930000305175781,,,,,,22.530000686645508,12.289999961853027,9.0,,27.549999237060547,33.290000915527344,16.559999465942383,10.699999809265137,,19.6299991607666,11.890000343322754,25.010000228881836,,,,18.969999313354492,,29.790000915527344,6.179999828338623,28.8799991607666,,20.059999465942383,21.649999618530273,4.929999828338623,18.850000381469727,8.989999771118164,29.040000915527344,20.574668884277344,10.289999961853027,,,16.049999237060547,,17.6299991607666,24.1299991607666,17.280000686645508,,22.530000686645508,,34.869998931884766,,13.100000381469727,30.520000457763672,3.009999990463257,20.549999237060547,,5.53000020980835,6.289999961853027,12.59000015258789,21.489999771118164,,16.549999237060547,12.34000015258789,1.190000057220459,,5.28000020980835,,,24.610000610351562,,,35.654998779296875,2.3499999046325684,3.7300000190734863,4.980000019073486,,17.270000457763672,1.0700000524520874,10.59000015258789,7.829999923706055,,,2024-06-18,2024Q2
2024-06-19,37.84000015258789,20.219999313354492,11.930000305175781,10.729999542236328,19.020000457763672,,22.90999984741211,26.579999923706055,,8.550000190734863,20.790000915527344,,27.15999984741211,,,,,,17.40999984741211,20.200000762939453,,,16.702499389648438,9.140000343322754,,25.889999389648438,8.119999885559082,,18.84000015258789,14.359999656677246,,,17.229999542236328,18.110000610351562,,,18.56999969482422,29.190000534057617,5.570000171661377,,24.200000762939453,8.050000190734863,9.390000343322754,,7.75,16.100000381469727,,18.530000686645508,30.969999313354492,7.690000057220459,22.559999465942383,,,0.7400000095367432,,3.8299999237060547,8.050000190734863,,21.399999618530273,3.049999952316284,0.8700000047683716,9.199999809265137,20.440000534057617,12.0,2.3499999046325684,,13.720000267028809,22.700000762939453,,,11.9399995803833,,26.540000915527344,27.479999542236328,,12.760000228881836,23.729999542236328,21.270000457763672,2.7300000190734863,12.25,,21.549999237060547,,,3.0199999809265137,1.8799999952316284,,3.990000009536743,,6.900000095367432,,,18.059999465942383,9.6899995803833,,,28.170000076293945,23.389999389648438,21.979999542236328,,2.180000066757202,,22.959999084472656,,,13.1899995803833,22.020000457763672,20.799999237060547,,,,11.670000076293945,13.369999885559082,,,,,,23.739999771118164,12.130000114440918,8.989999771118164,,28.43000030517578,32.150001525878906,16.31999969482422,10.680000305175781,,19.18000030517578,11.890000343322754,26.469999313354492,,,,18.06999969482422,,30.299999237060547,6.179999828338623,28.610000610351562,,19.860000610351562,21.209999084472656,4.929999828338623,18.450000762939453,8.949999809265137,29.329999923706055,21.12422752380371,10.489999771118164,,,15.9399995803833,,17.709999084472656,24.479999542236328,17.700000762939453,,22.290000915527344,,33.11000061035156,,12.8100004196167,29.969999313354492,3.2300000190734863,21.18000030517578,,5.559999942779541,6.230000019073486,12.539999961853027,21.3700008392334,,16.020000457763672,11.989999771118164,1.1699999570846558,,5.159999847412109,,,23.989999771118164,,,35.377498626708984,2.390000104904175,3.680000066757202,4.96999979019165,,17.81999969482422,1.059999942779541,10.649999618530273,7.980000019073486,,,2024-06-19,2024Q2
2024-06-20,37.54999923706055,21.229999542236328,12.069999694824219,11.260000228881836,18.780000686645508,,22.8799991607666,27.360000610351562,,8.649999618530273,20.170000076293945,,27.079999923706055,,,,,,17.75,20.299999237060547,,,16.537500381469727,9.289999961853027,,25.649999618530273,8.029999732971191,,18.239999771118164,14.470000267028809,,,17.170000076293945,18.799999237060547,,,18.3700008392334,29.450000762939453,5.570000171661377,,23.81999969482422,7.889999866485596,9.09000015258789,,7.940000057220459,15.970000267028809,,18.65999984741211,30.489999771118164,7.829999923706055,22.780000686645508,,,0.7200000286102295,,3.890000104904175,8.069999694824219,,21.290000915527344,3.3399999141693115,0.8799999952316284,9.210000038146973,20.510000228881836,12.100000381469727,2.4600000381469727,,13.699999809265137,22.739999771118164,,,12.0,,26.709999084472656,27.549999237060547,,12.699999809265137,26.100000381469727,21.18000030517578,2.799999952316284,13.1899995803833,,21.979999542236328,,,3.009999990463257,1.809999942779541,,4.059999942779541,,6.71999979019165,,,17.989999771118164,9.859999656677246,,,28.489999771118164,23.920000076293945,20.6299991607666,,2.200000047683716,,27.030000686645508,,,14.229999542236328,21.670000076293945,20.5,,,,12.220000267028809,12.770000457763672,,,,,,23.6299991607666,12.100000381469727,8.850000381469727,,29.219999313354492,33.13999938964844,16.229999542236328,10.75,,19.09000015258789,11.930000305175781,26.510000228881836,,,,18.299999237060547,,29.149999618530273,5.869999885559082,28.690000534057617,,19.780000686645508,20.780000686645508,4.949999809265137,18.639999389648438,8.960000038146973,29.739999771118164,20.333635330200195,10.6899995803833,,,15.399999618530273,,17.639999389648438,24.739999771118164,19.1299991607666,,22.18000030517578,,33.970001220703125,,13.109999656677246,30.270000457763672,3.200000047683716,23.290000915527344,,5.550000190734863,6.269999980926514,12.479999542236328,21.459999084472656,,16.6299991607666,11.75,1.2000000476837158,,5.269999980926514,,,23.860000610351562,,,34.99250030517578,2.430000066757202,3.930000066757202,5.460000038146973,,17.81999969482422,1.0499999523162842,10.4399995803833,8.130000114440918,,,2024-06-20,2024Q2
2024-06-21,37.119998931884766,22.290000915527344,12.15999984741211,11.819999694824219,18.899999618530273,,22.729999542236328,26.799999237060547,,8.619999885559082,19.979999542236328,,27.0,,,,,,18.100000381469727,20.350000381469727,,,16.274999618530273,9.1899995803833,,25.8799991607666,8.15999984741211,,18.270000457763672,13.989999771118164,,,17.56999969482422,18.770000457763672,,,18.540000915527344,29.40999984741211,5.599999904632568,,23.780000686645508,7.989999771118164,9.079999923706055,,7.909999847412109,16.18000030517578,,18.549999237060547,29.889999389648438,7.699999809265137,22.8700008392334,,,0.699999988079071,,4.260000228881836,8.100000381469727,,21.09000015258789,3.25,0.8700000047683716,9.300000190734863,20.799999237060547,12.34000015258789,2.5799999237060547,,13.529999732971191,22.729999542236328,,,12.0,,26.510000228881836,27.799999237060547,,12.640000343322754,25.510000228881836,21.350000381469727,2.7799999713897705,12.8100004196167,,22.40999984741211,,,3.009999990463257,1.7899999618530273,,4.139999866485596,,7.039999961853027,,,17.940000534057617,9.869999885559082,,,28.709999084472656,23.299999237060547,20.65999984741211,,2.180000066757202,,26.18000030517578,,,13.680000305175781,21.540000915527344,20.510000228881836,,,,11.970000267028809,12.289999961853027,,,,,,23.1200008392334,12.119999885559082,8.800000190734863,,28.799999237060547,32.290000915527344,16.479999542236328,10.779999732971191,,19.459999084472656,11.90999984741211,26.510000228881836,,,,18.190000534057617,,29.25,5.900000095367432,28.719999313354492,,19.600000381469727,21.190000534057617,4.940000057220459,18.399999618530273,8.869999885559082,29.110000610351562,19.890132904052734,10.899999618530273,,,15.359999656677246,,17.739999771118164,24.729999542236328,18.43000030517578,,22.079999923706055,,33.20000076293945,,14.239999771118164,31.110000610351562,3.180000066757202,21.950000762939453,,5.400000095367432,6.889999866485596,12.670000076293945,22.15999984741211,,16.84000015258789,11.510000228881836,1.2599999904632568,,5.119999885559082,,,23.920000076293945,,,35.0,2.4700000286102295,4.070000171661377,5.840000152587891,,17.65999984741211,1.0499999523162842,10.390000343322754,8.15999984741211,,,2024-06-21,2024Q2
2024-06-24,36.95000076293945,23.399999618530273,12.1899995803833,12.40999984741211,18.690000534057617,,22.489999771118164,25.520000457763672,,8.420000076293945,19.670000076293945,,27.360000610351562,,,,,,18.459999084472656,20.600000381469727,,,16.0575008392334,9.069999694824219,,26.209999084472656,8.029999732971191,,18.59000015258789,13.9399995803833,,,18.860000610351562,19.030000686645508,,,18.56999969482422,29.40999984741211,5.610000133514404,,23.469999313354492,7.96999979019165,8.850000381469727,,7.880000114440918,16.040000915527344,,18.440000534057617,28.43000030517578,7.849999904632568,23.040000915527344,,,0.6899999976158142,,4.28000020980835,7.920000076293945,,21.510000228881836,3.359999895095825,0.8500000238418579,9.300000190734863,21.110000610351562,12.579999923706055,2.700000047683716,,13.569999694824219,22.729999542236328,,,11.90999984741211,,26.190000534057617,27.549999237060547,,12.510000228881836,27.139999389648438,21.81999969482422,2.7799999713897705,12.84000015258789,,22.0,,,3.0299999713897705,1.9299999475479126,,4.340000152587891,,7.239999771118164,,,18.0,9.65999984741211,,,28.260000228881836,22.860000610351562,20.56999969482422,,2.180000066757202,,31.239999771118164,,,12.979999542236328,22.31999969482422,20.920000076293945,,,,12.5600004196167,12.069999694824219,,,,,,22.229999542236328,11.979999542236328,8.970000267028809,,28.670000076293945,31.950000762939453,17.079999923706055,10.65999984741211,,19.459999084472656,11.829999923706055,25.530000686645508,,,,18.010000228881836,,28.809999465942383,6.059999942779541,27.979999542236328,,19.850000381469727,22.239999771118164,4.840000152587891,18.110000610351562,8.789999961853027,28.110000610351562,19.726228713989258,11.4399995803833,,,15.899999618530273,,17.610000610351562,26.059999465942383,18.34000015258789,,21.760000228881836,,32.91999816894531,,14.869999885559082,30.950000762939453,3.1600000858306885,24.139999389648438,,5.460000038146973,7.570000171661377,12.890000343322754,21.75,,17.100000381469727,11.270000457763672,1.3200000524520874,,5.380000114440918,,,23.440000534057617,,,36.6150016784668,2.5899999141693115,3.950000047683716,5.639999866485596,,17.1200008392334,1.0499999523162842,10.359999656677246,8.100000381469727,,,2024-06-24,2024Q2
2024-06-25,36.45000076293945,23.18000030517578,11.729999542236328,13.029999732971191,18.68000030517578,,22.139999389648438,25.010000228881836,,8.449999809265137,19.31999969482422,,26.989999771118164,,,,,,18.81999969482422,21.010000228881836,,,16.087499618530273,8.880000114440918,,26.09000015258789,7.949999809265137,,18.209999084472656,13.739999771118164,,,18.690000534057617,18.950000762939453,,,18.530000686645508,29.06999969482422,6.170000076293945,,23.530000686645508,7.96999979019165,8.90999984741211,,7.889999866485596,15.90999984741211,,18.299999237060547,29.15999984741211,8.0,22.969999313354492,,,0.6800000071525574,,4.110000133514404,8.0600004196167,,20.969999313354492,3.2899999618530273,0.8600000143051147,9.300000190734863,20.829999923706055,12.829999923706055,2.8299999237060547,,13.5600004196167,22.290000915527344,,,11.84000015258789,,25.81999969482422,27.049999237060547,,12.670000076293945,27.25,21.65999984741211,2.75,13.399999618530273,,22.010000228881836,,,3.0,1.850000023841858,,4.550000190734863,,7.099999904632568,,,18.010000228881836,9.619999885559082,,,28.75,22.170000076293945,21.219999313354492,,2.1600000858306885,,34.5,,,12.9399995803833,23.43000030517578,21.290000915527344,,,,12.390000343322754,11.970000267028809,,,,,,22.739999771118164,12.350000381469727,9.140000343322754,,27.979999542236328,31.549999237060547,16.729999542236328,10.539999961853027,,19.31999969482422,11.75,25.459999084472656,,,,18.010000228881836,,28.420000076293945,5.820000171661377,27.399999618530273,,19.440000534057617,21.200000762939453,4.800000190734863,17.8700008392334,8.720000267028809,28.06999969482422,19.280000686645508,12.010000228881836,,,15.920000076293945,,17.56999969482422,25.81999969482422,18.1200008392334,,22.040000915527344,,35.34000015258789,,14.6899995803833,31.049999237060547,3.0899999141693115,25.34000015258789,,5.449999809265137,8.319999694824219,12.75,21.309999465942383,,17.1200008392334,11.039999961853027,1.3799999952316284,,5.309999942779541,,,23.170000076293945,,,38.442501068115234,2.7100000381469727,3.9200000762939453,5.340000152587891,,17.200000762939453,1.0700000524520874,10.460000038146973,7.929999828338623,,,2024-06-25,2024Q2
2024-06-26,36.439998626708984,23.25,11.949999809265137,12.569999694824219,18.420000076293945,,22.579999923706055,25.100000381469727,,8.369999885559082,19.110000610351562,,26.780000686645508,,,,,,19.190000534057617,21.420000076293945,,,16.065000534057617,9.050000190734863,,25.780000686645508,7.800000190734863,,18.31999969482422,14.40999984741211,,,18.450000762939453,19.399999618530273,,,18.31999969482422,29.049999237060547,6.059999942779541,,23.65999984741211,7.869999885559082,8.760000228881836,,7.849999904632568,15.729999542236328,,18.25,29.290000915527344,8.15999984741211,22.670000076293945,,,0.6899999976158142,,4.079999923706055,7.940000057220459,,20.770000457763672,3.2100000381469727,0.8100000023841858,9.479999542236328,20.559999465942383,13.079999923706055,2.9700000286102295,,13.489999771118164,22.1299991607666,,,11.550000190734863,,25.68000030517578,27.350000381469727,,12.470000267028809,26.459999084472656,21.350000381469727,2.6850099563598633,12.8100004196167,,22.100000381469727,,,3.1700000762939453,1.840000033378601,,4.769999980926514,,7.269999980926514,,,18.010000228881836,9.550000190734863,,,28.950000762939453,21.90999984741211,21.6200008392334,,2.130000114440918,,31.690000534057617,,,12.720000267028809,24.600000381469727,21.709999084472656,,,,12.109999656677246,12.5600004196167,,,,,,23.399999618530273,12.289999961853027,8.949999809265137,,27.8700008392334,31.170000076293945,16.350000381469727,10.529999732971191,,19.530000686645508,11.609999656677246,25.3799991607666,,,,17.600000381469727,,29.209999084472656,6.039999961853027,27.110000610351562,,19.020000457763672,20.350000381469727,4.769999980926514,17.68000030517578,8.699999809265137,27.90999984741211,18.920000076293945,12.609999656677246,,,16.0,,17.549999237060547,25.850000381469727,17.790000915527344,,21.84000015258789,,33.95000076293945,,14.760000228881836,30.579999923706055,3.0399999618530273,24.06999969482422,,5.349999904632568,8.149999618530273,12.569999694824219,21.6299991607666,,17.010000228881836,10.8100004196167,1.440000057220459,,5.420000076293945,,,22.90999984741211,,,36.76750183105469,2.8399999141693115,3.950000047683716,5.599999904632568,,17.059999465942383,1.090000033378601,10.489999771118164,7.800000190734863,,,2024-06-26,2024Q2
2024-06-27,35.25,22.40999984741211,11.710000038146973,12.390000343322754,18.1200008392334,,21.940000534057617,25.809999465942383,,8.359999656677246,19.280000686645508,,25.989999771118164,,,,,,19.56999969482422,21.5,,,15.930000305175781,8.920000076293945,,25.280000686645508,7.710000038146973,,18.489999771118164,15.119999885559082,,,18.059999465942383,19.059999465942383,,,18.06999969482422,28.510000228881836,5.789999961853027,,24.809999465942383,7.800000190734863,8.34000015258789,,7.78000020980835,15.380000114440918,,17.989999771118164,29.770000457763672,8.319999694824219,22.860000610351562,,,0.699999988079071,,4.019999980926514,7.829999923706055,,20.3700008392334,3.2899999618530273,0.8500000238418579,9.380000114440918,20.350000381469727,13.34000015258789,3.109999895095825,,13.579999923706055,21.639999389648438,,,11.329999923706055,,25.079999923706055,26.829999923706055,,12.399999618530273,25.739999771118164,21.549999237060547,2.9159789085388184,12.819999694824219,,21.649999618530273,,,3.0,1.809999942779541,,4.53000020980835,,7.309999942779541,,,18.0,9.510000228881836,,,27.549999237060547,21.459999084472656,21.709999084472656,,2.069999933242798,,30.6200008392334,,,12.260000228881836,25.829999923706055,21.719999313354492,,,,12.630000114440918,13.180000305175781,,,,,,22.649999618530273,12.220000267028809,9.079999923706055,,27.469999313354492,29.65999984741211,16.549999237060547,10.199999809265137,,19.56999969482422,11.449999809265137,24.520000457763672,,,,16.979999542236328,,28.280000686645508,5.889999866485596,27.270000457763672,,18.479999542236328,20.34000015258789,4.690000057220459,17.200000762939453,8.579999923706055,27.790000915527344,19.170000076293945,13.0600004196167,,,15.989999771118164,,17.600000381469727,25.6299991607666,18.149999618530273,,21.549999237060547,,32.34000015258789,,14.65999984741211,29.40999984741211,3.009999990463257,23.18000030517578,,5.28000020980835,8.180000305175781,12.399999618530273,21.299999237060547,,16.079999923706055,10.59000015258789,1.5099999904632568,,5.309999942779541,,,22.670000076293945,,,36.29249954223633,2.9800000190734863,3.880000114440918,5.5,,16.770000457763672,1.1100000143051147,10.489999771118164,7.699999809265137,,,2024-06-27,2024Q2
2024-06-28,36.459999084472656,21.959999084472656,12.880000114440918,12.989999771118164,18.1200008392334,,22.649999618530273,25.110000610351562,,8.170000076293945,20.649999618530273,,25.729999542236328,,,,,,19.959999084472656,21.200000762939453,,,15.885000228881836,8.84000015258789,,24.219999313354492,7.789999961853027,,18.440000534057617,15.40999984741211,,,17.81999969482422,18.790000915527344,,,17.969999313354492,28.360000610351562,5.650000095367432,,26.049999237060547,7.809999942779541,8.390000343322754,,7.860000133514404,15.5,,17.309999465942383,28.610000610351562,8.300000190734863,23.65999984741211,,,0.7099999785423279,,4.0,7.739999771118164,,20.110000610351562,3.319999933242798,0.8899999856948853,9.25,20.219999313354492,13.600000381469727,3.259999990463257,,13.59000015258789,21.780000686645508,,,11.710000038146973,,24.920000076293945,26.93000030517578,,12.3100004196167,25.59000015258789,21.600000381469727,2.877484083175659,12.899999618530273,,21.209999084472656,,,2.75,1.7899999618530273,,4.300000190734863,,6.989999771118164,,,18.079999923706055,9.40999984741211,,,27.670000076293945,22.700000762939453,22.360000610351562,,2.119999885559082,,29.09000015258789,,,12.649999618530273,27.1200008392334,21.940000534057617,,,,12.3100004196167,13.079999923706055,,,,,,22.780000686645508,12.109999656677246,9.260000228881836,,27.979999542236328,30.469999313354492,16.1200008392334,10.449999809265137,,19.610000610351562,11.430000305175781,24.799999237060547,,,,17.81999969482422,,27.8799991607666,5.630000114440918,27.200000762939453,,18.209999084472656,20.110000610351562,4.690000057220459,17.1299991607666,8.550000190734863,27.850000381469727,18.84000015258789,12.399999618530273,,,16.229999542236328,,17.34000015258789,25.639999389648438,18.65999984741211,,21.40999984741211,,32.27000045776367,,14.5600004196167,29.610000610351562,3.0,24.329999923706055,,5.289999961853027,7.809999942779541,12.479999542236328,20.959999084472656,,16.959999084472656,10.369999885559082,1.5,,5.269999980926514,,,22.68000030517578,,,35.81999969482422,3.119999885559082,3.8499999046325684,5.489999771118164,,16.780000686645508,1.1299999952316284,10.489999771118164,7.599999904632568,,,2024-06-28,2024Q2
2024-07-01,36.689998626708984,21.520000457763672,14.15999984741211,13.300000190734863,18.290000915527344,,22.040000915527344,25.3700008392334,,8.140000343322754,23.690000534057617,,26.1200008392334,,,,,,20.350000381469727,22.260000228881836,,,16.13249969482422,8.970000267028809,,24.049999237060547,7.960000038146973,,17.610000610351562,15.470000267028809,,,19.229999542236328,19.5,,,18.229999542236328,28.40999984741211,5.769999980926514,,24.940000534057617,7.940000057220459,8.359999656677246,,7.860000133514404,15.90999984741211,,17.530000686645508,28.68000030517578,8.300000190734863,23.6299991607666,,,0.7099999785423279,,4.150000095367432,7.869999885559082,,20.40999984741211,3.3399999141693115,0.9300000071525574,9.710000038146973,20.420000076293945,13.869999885559082,3.4200000762939453,,13.59000015258789,21.989999771118164,,,11.600000381469727,,24.610000610351562,28.270000457763672,,12.050000190734863,27.270000457763672,21.56999969482422,2.838989019393921,12.960000038146973,,21.6200008392334,,,3.0,1.809999942779541,,4.510000228881836,,7.179999828338623,,,18.09000015258789,10.220000267028809,,,28.100000381469727,22.0,21.0,,2.140000104904175,,27.780000686645508,,,12.539999961853027,28.469999313354492,22.1299991607666,,,,12.529999732971191,13.289999961853027,,,,,,23.780000686645508,11.989999771118164,9.720000267028809,,27.440000534057617,30.059999465942383,16.010000228881836,11.489999771118164,,20.5,11.399999618530273,25.350000381469727,,,,17.549999237060547,,29.270000457763672,5.710000038146973,27.56999969482422,,18.43000030517578,21.110000610351562,4.619999885559082,18.31999969482422,8.970000267028809,28.139999389648438,18.790000915527344,13.020000457763672,,,15.960000038146973,,17.420000076293945,25.479999542236328,18.15999984741211,,20.40999984741211,,32.380001068115234,,14.819999694824219,30.81999969482422,3.059999942779541,25.540000915527344,,5.329999923706055,8.050000190734863,12.75,21.0,,17.010000228881836,10.15999984741211,1.4199999570846558,,5.550000190734863,,,22.950000762939453,,,37.067501068115234,3.2699999809265137,3.9000000953674316,5.610000133514404,,16.860000610351562,1.090000033378601,10.3100004196167,7.699999809265137,,,2024-07-01,2024Q3
2024-07-02,36.2599983215332,21.079999923706055,15.569999694824219,13.25,18.459999084472656,,22.030000686645508,25.280000686645508,,8.15999984741211,24.040000915527344,,26.110000610351562,,,,,,20.75,23.3700008392334,,,16.2450008392334,9.010000228881836,,26.149999618530273,7.949999809265137,,17.700000762939453,15.8100004196167,,,20.540000915527344,19.0,,,17.950000762939453,28.3700008392334,6.28000020980835,,24.309999465942383,7.760000228881836,8.350000381469727,,7.809999942779541,15.670000076293945,,17.450000762939453,28.18000030517578,8.130000114440918,23.760000228881836,,,0.699999988079071,,4.059999942779541,7.909999847412109,,22.68000030517578,3.4700000286102295,0.9700000286102295,9.850000381469727,21.139999389648438,13.899999618530273,3.5899999141693115,,13.789999961853027,23.65999984741211,,,11.979999542236328,,24.079999923706055,27.709999084472656,,12.270000457763672,29.989999771118164,21.239999771118164,2.8101179599761963,12.8100004196167,,22.049999237060547,,,3.069999933242798,1.8300000429153442,,4.449999809265137,,7.25,,,18.100000381469727,10.010000228881836,,,27.770000457763672,23.1299991607666,21.31999969482422,,2.130000114440918,,27.959999084472656,,,12.15999984741211,27.040000915527344,22.34000015258789,,,,12.539999961853027,13.1899995803833,,,,,,23.469999313354492,11.920000076293945,9.25,,27.770000457763672,29.860000610351562,16.3700008392334,12.630000114440918,,21.15999984741211,11.40999984741211,25.56999969482422,,,,17.290000915527344,,27.799999237060547,5.579999923706055,27.479999542236328,,19.34000015258789,22.15999984741211,4.650000095367432,18.229999542236328,9.369999885559082,28.15999984741211,19.170000076293945,13.670000076293945,,,15.609999656677246,,17.299999237060547,25.25,18.469999313354492,,19.8700008392334,,32.540000915527344,,14.489999771118164,30.75,3.3399999141693115,26.809999465942383,,5.480000019073486,7.829999923706055,12.920000076293945,20.90999984741211,,16.530000686645508,10.0,1.340000033378601,,6.099999904632568,,,22.8700008392334,,,36.4275016784668,3.430000066757202,3.869999885559082,5.579999923706055,,17.139999389648438,1.1399999856948853,10.3100004196167,7.699999809265137,,,2024-07-02,2024Q3
2024-07-03,39.040000915527344,20.649999618530273,16.34000015258789,12.699999809265137,18.059999465942383,,21.809999465942383,24.75,,8.25,23.479999542236328,,26.239999771118164,,,,,,21.15999984741211,24.530000686645508,,,16.13249969482422,9.270000457763672,,26.239999771118164,7.789999961853027,,17.950000762939453,15.010000228881836,,,24.639999389648438,19.170000076293945,,,17.860000610351562,28.229999542236328,6.159999847412109,,24.139999389648438,7.659999847412109,9.34000015258789,,7.809999942779541,15.829999923706055,,17.489999771118164,28.229999542236328,7.960000038146973,23.440000534057617,,,0.6899999976158142,,4.179999828338623,7.809999942779541,,21.8700008392334,3.430000066757202,1.0099999904632568,9.680000305175781,21.3700008392334,14.170000076293945,3.759999990463257,,13.760000228881836,23.469999313354492,,,11.630000114440918,,24.43000030517578,27.860000610351562,,11.989999771118164,32.97999954223633,21.200000762939453,2.76200008392334,12.680000305175781,,22.479999542236328,,,3.140000104904175,2.009999990463257,,4.389999866485596,,7.610000133514404,,,18.010000228881836,9.630000114440918,,,27.809999465942383,23.020000457763672,21.950000762939453,,2.1500000953674316,,29.270000457763672,,,12.449999809265137,28.149999618530273,22.889999389648438,,,,12.210000038146973,12.729999542236328,,,,,,23.280000686645508,11.899999618530273,9.020000457763672,,27.700000762939453,30.1299991607666,16.1299991607666,12.020000457763672,,20.93000030517578,11.449999809265137,25.34000015258789,,,,17.25,,28.899999618530273,5.650000095367432,27.81999969482422,,19.219999313354492,23.200000762939453,4.5,18.239999771118164,9.829999923706055,28.040000915527344,19.559999465942383,14.350000381469727,,,15.8100004196167,,17.559999465942383,26.190000534057617,18.440000534057617,,20.3700008392334,,32.18000030517578,,14.350000381469727,32.83000183105469,3.319999933242798,28.149999618530273,,5.539999961853027,8.010000228881836,12.789999961853027,21.280000686645508,,16.700000762939453,10.0,1.3899999856948853,,6.710000038146973,,,22.649999618530273,,,35.787498474121094,3.380000114440918,3.869999885559082,5.519999980926514,,17.190000534057617,1.190000057220459,10.529999732971191,7.849999904632568,,,2024-07-03,2024Q3
2024-07-04,39.779998779296875,21.059999465942383,15.680000305175781,12.109999656677246,17.479999542236328,,21.770000457763672,24.780000686645508,,8.399999618530273,23.760000228881836,,26.389999389648438,,,,,,21.579999923706055,25.75,,,16.087499618530273,9.220000267028809,,25.139999389648438,7.800000190734863,,18.84000015258789,14.699999809265137,,,29.510000228881836,18.969999313354492,,,17.8700008392334,28.219999313354492,6.389999866485596,,23.780000686645508,7.730000019073486,9.479999542236328,,7.800000190734863,15.649999618530273,,17.459999084472656,28.229999542236328,7.800000190734863,23.15999984741211,,,0.699999988079071,,4.139999866485596,7.75,,21.670000076293945,3.630000114440918,1.059999942779541,9.619999885559082,21.200000762939453,14.449999809265137,3.940000057220459,,13.720000267028809,23.139999389648438,,,11.800000190734863,,24.3700008392334,28.040000915527344,,11.890000343322754,31.329999923706055,21.0,2.76200008392334,12.449999809265137,,22.260000228881836,,,3.0999999046325684,2.009999990463257,,4.260000228881836,,7.829999923706055,,,17.93000030517578,11.550000190734863,,,27.760000228881836,23.350000381469727,26.34000015258789,,2.140000104904175,,29.049999237060547,,,12.40999984741211,27.6299991607666,23.850000381469727,,,,12.5,13.359999656677246,,,,,,22.719999313354492,11.869999885559082,9.470000267028809,,27.579999923706055,29.809999465942383,16.06999969482422,11.850000381469727,,20.280000686645508,11.25,25.1200008392334,,,,17.1200008392334,,30.229999542236328,5.550000190734863,27.15999984741211,,18.979999542236328,23.850000381469727,4.71999979019165,18.09000015258789,10.319999694824219,27.65999984741211,19.40999984741211,15.0600004196167,,,16.239999771118164,,17.100000381469727,26.670000076293945,17.520000457763672,,20.690000534057617,,32.65999984741211,,14.170000076293945,32.31999969482422,3.2799999713897705,29.549999237060547,,5.550000190734863,7.929999828338623,12.649999618530273,21.360000610351562,,16.739999771118164,10.0,1.4500000476837158,,7.380000114440918,,,22.260000228881836,,,34.32500076293945,3.309999942779541,4.039999961853027,5.480000019073486,,17.469999313354492,1.2400000095367432,10.520000457763672,8.0,,,2024-07-04,2024Q3
2024-07-05,40.209999084472656,21.479999542236328,15.59000015258789,12.710000038146973,17.780000686645508,,21.239999771118164,24.68000030517578,,8.5600004196167,25.209999084472656,,26.1299991607666,,,,,,22.010000228881836,27.030000686645508,,,16.11750030517578,9.229999542236328,,25.56999969482422,7.920000076293945,,19.510000228881836,14.399999618530273,,,29.15999984741211,19.040000915527344,,,18.110000610351562,27.799999237060547,7.019999980926514,,24.459999084472656,7.800000190734863,9.670000076293945,,7.829999923706055,15.529999732971191,,17.809999465942383,27.579999923706055,7.800000190734863,23.469999313354492,,,0.6899999976158142,,4.179999828338623,7.869999885559082,,21.6299991607666,3.990000009536743,1.1100000143051147,9.609999656677246,21.350000381469727,14.729999542236328,4.130000114440918,,13.510000228881836,22.809999465942383,,,11.90999984741211,,24.559999465942383,27.739999771118164,,11.800000190734863,30.09000015258789,21.110000610351562,2.799999952316284,12.380000114440918,,22.5,,,3.0999999046325684,2.190000057220459,,4.210000038146973,,7.960000038146973,,,17.709999084472656,13.859999656677246,,,27.940000534057617,22.950000762939453,27.030000686645508,,2.1500000953674316,,30.209999084472656,,,12.25,26.510000228881836,25.030000686645508,,,,12.6899995803833,13.970000267028809,,,,,,22.950000762939453,11.989999771118164,9.4399995803833,,27.90999984741211,29.809999465942383,16.229999542236328,11.680000305175781,,21.020000457763672,11.029999732971191,24.959999084472656,,,,16.979999542236328,,30.899999618530273,5.820000171661377,27.100000381469727,,18.8799991607666,23.299999237060547,4.949999809265137,18.18000030517578,10.029999732971191,27.610000610351562,18.59000015258789,15.8100004196167,,,15.829999923706055,,17.610000610351562,29.81999969482422,17.389999389648438,,20.709999084472656,,33.220001220703125,,14.079999923706055,32.349998474121094,3.8299999237060547,28.06999969482422,,5.550000190734863,7.980000019073486,12.84000015258789,20.959999084472656,,16.850000381469727,10.199999809265137,1.5199999809265137,,7.739999771118164,,,22.579999923706055,,,36.04999923706055,3.240000009536743,3.9800000190734863,5.449999809265137,,17.34000015258789,1.2999999523162842,10.34000015258789,7.900000095367432,,,2024-07-05,2024Q3
2024-07-08,40.41999816894531,21.600000381469727,14.8100004196167,12.5600004196167,18.649999618530273,,21.65999984741211,24.209999084472656,,8.979999542236328,24.170000076293945,,26.25,,,,,,21.559999465942383,28.3799991607666,,,16.0049991607666,9.170000076293945,,25.15999984741211,7.679999828338623,,19.510000228881836,14.109999656677246,,,27.700000762939453,18.899999618530273,,,17.809999465942383,27.579999923706055,6.869999885559082,,23.770000457763672,7.730000019073486,9.59000015258789,,7.849999904632568,15.25,,18.200000762939453,27.6299991607666,7.639999866485596,24.639999389648438,,,0.6899999976158142,,4.090000152587891,7.800000190734863,,21.299999237060547,4.059999942779541,1.159999966621399,9.4399995803833,22.40999984741211,14.430000305175781,3.9200000762939453,,13.420000076293945,23.040000915527344,,,11.819999694824219,,24.239999771118164,27.06999969482422,,11.739999771118164,29.17763900756836,20.049999237060547,2.7200000286102295,12.859999656677246,,22.049999237060547,,,3.059999942779541,2.0999999046325684,,4.170000076293945,,7.619999885559082,,,17.350000381469727,15.239999771118164,,,29.40999984741211,21.950000762939453,28.170000076293945,,2.130000114440918,,29.860000610351562,,,12.569999694824219,25.790000915527344,25.239999771118164,,,,12.649999618530273,14.069999694824219,,,,,,22.709999084472656,11.729999542236328,9.149999618530273,,27.6299991607666,29.489999771118164,15.880000114440918,12.84000015258789,,21.020000457763672,11.239999771118164,24.649999618530273,,,,16.3700008392334,,31.059999465942383,6.110000133514404,26.639999389648438,,19.0,22.829999923706055,5.190000057220459,18.0,9.520000457763672,27.540000915527344,18.190000534057617,15.5,,,15.739999771118164,,16.989999771118164,28.68000030517578,18.93000030517578,,20.8700008392334,,32.2400016784668,,13.710000038146973,31.43000030517578,3.4100000858306885,26.65999984741211,,5.400000095367432,7.980000019073486,13.640000343322754,20.799999237060547,,16.579999923706055,9.989999771118164,1.590000033378601,,8.119999885559082,,,22.479999542236328,,,37.849998474121094,3.1700000762939453,3.890000104904175,5.340000152587891,,16.950000762939453,1.3600000143051147,10.1899995803833,7.75,,,2024-07-08,2024Q3
2024-07-09,39.369998931884766,21.15999984741211,14.289999961853027,12.470000267028809,18.670000076293945,,21.459999084472656,24.010000228881836,,9.420000076293945,24.959999084472656,,26.329999923706055,,,,,,21.1200008392334,29.760000228881836,,,16.0575008392334,9.0,,25.40999984741211,7.730000019073486,,19.059999465942383,13.819999694824219,,,26.389999389648438,18.940000534057617,,,17.989999771118164,28.420000076293945,6.590000152587891,,23.520000457763672,7.800000190734863,9.34000015258789,,7.820000171661377,15.380000114440918,,18.209999084472656,28.809999465942383,7.480000019073486,25.8700008392334,,,0.6700000166893005,,4.03000020980835,7.809999942779541,,21.110000610351562,3.7699999809265137,1.100000023841858,9.470000267028809,22.540000915527344,14.140000343322754,3.7200000286102295,,13.210000038146973,23.510000228881836,,,11.6899995803833,,24.010000228881836,27.0,,11.800000190734863,28.579269409179688,20.110000610351562,2.740000009536743,13.010000228881836,,21.600000381469727,,,3.059999942779541,2.0199999809265137,,4.320000171661377,,8.0,,,17.43000030517578,16.760000228881836,,,32.349998474121094,21.90999984741211,27.950000762939453,,2.130000114440918,,29.690000534057617,,,12.430000305175781,27.040000915527344,24.540000915527344,,,,12.680000305175781,13.699999809265137,,,,,,23.709999084472656,11.6899995803833,9.020000457763672,,27.549999237060547,29.979999542236328,15.960000038146973,12.899999618530273,,20.969999313354492,10.699999809265137,25.190000534057617,,,,17.139999389648438,,29.610000610351562,6.409999847412109,29.299999237060547,,18.719999313354492,22.3700008392334,5.440000057220459,18.190000534057617,9.989999771118164,27.190000534057617,17.8799991607666,15.8100004196167,,,15.770000457763672,,17.18000030517578,28.290000915527344,19.8799991607666,,21.440000534057617,,32.91999816894531,,13.9399995803833,30.959999084472656,3.2200000286102295,25.31999969482422,,5.349999904632568,8.010000228881836,13.40999984741211,20.6299991607666,,17.850000381469727,9.899999618530273,1.659999966621399,,8.520000457763672,,,22.350000381469727,,,39.70000076293945,3.0999999046325684,3.869999885559082,5.25,,17.40999984741211,1.2899999618530273,10.079999923706055,7.900000095367432,,,2024-07-09,2024Q3
2024-07-10,38.52000045776367,20.729999542236328,13.619999885559082,12.479999542236328,18.360000610351562,,21.170000076293945,23.65999984741211,,9.239999771118164,23.75,,26.1299991607666,,,,,,20.709999084472656,29.15999984741211,,,15.914999961853027,8.989999771118164,,24.739999771118164,7.590000152587891,,19.219999313354492,13.539999961853027,,,25.06999969482422,18.6200008392334,,,17.920000076293945,27.989999771118164,6.440000057220459,,23.309999465942383,7.659999847412109,9.130000114440918,,7.71999979019165,15.369999885559082,,18.559999465942383,28.559999465942383,7.619999885559082,26.690000534057617,,,0.6499999761581421,,3.9700000286102295,7.860000133514404,,21.670000076293945,4.139999866485596,1.0399999618530273,9.359999656677246,21.700000762939453,13.850000381469727,3.5299999713897705,,13.020000457763672,23.09000015258789,,,11.529999732971191,,23.520000457763672,26.510000228881836,,11.479999542236328,28.085376739501953,19.489999771118164,2.680000066757202,12.760000228881836,,21.299999237060547,,,3.059999942779541,1.940000057220459,,4.460000038146973,,7.599999904632568,,,17.459999084472656,15.920000076293945,,,35.58000183105469,21.209999084472656,27.260000228881836,,2.140000104904175,,29.059999465942383,,,12.050000190734863,28.389999389648438,23.8700008392334,,,,12.350000381469727,13.289999961853027,,,,,,22.700000762939453,11.390000343322754,8.979999542236328,,26.979999542236328,29.459999084472656,15.5600004196167,12.90999984741211,,20.6200008392334,10.819999694824219,25.020000457763672,,,,16.780000686645508,,29.030000686645508,6.429999828338623,32.22999954223633,,18.40999984741211,21.950000762939453,5.210000038146973,17.90999984741211,9.770000457763672,26.639999389648438,17.43000030517578,15.779999732971191,,,15.829999923706055,,17.06999969482422,28.020000457763672,19.190000534057617,,20.850000381469727,,31.280000686645508,,13.710000038146973,30.15999984741211,3.1700000762939453,24.049999237060547,,5.409999847412109,7.840000152587891,13.170000076293945,20.399999618530273,,17.290000915527344,9.800000190734863,1.7000000476837158,,8.140000343322754,,,21.639999389648438,,,41.0,3.0299999713897705,3.8299999237060547,5.239999771118164,,16.920000076293945,1.2599999904632568,10.010000228881836,8.050000190734863,,,2024-07-10,2024Q3
2024-07-11,38.560001373291016,20.309999465942383,14.25,13.100000381469727,17.920000076293945,,21.209999084472656,23.809999465942383,,8.979999542236328,23.719999313354492,,26.229999542236328,,,,,,20.84000015258789,28.56999969482422,,,15.84749984741211,8.930000305175781,,24.559999465942383,7.619999885559082,,18.860000610351562,13.8100004196167,,,25.920000076293945,19.75,,,17.84000015258789,27.520000457763672,6.579999923706055,,24.450000762939453,7.619999885559082,9.100000381469727,,7.670000076293945,15.109999656677246,,18.649999618530273,29.979999542236328,7.619999885559082,26.149999618530273,,,0.6499999761581421,,3.9800000190734863,7.880000114440918,,23.18000030517578,4.349999904632568,0.9800000190734863,9.319999694824219,21.84000015258789,13.569999694824219,3.3499999046325684,,12.729999542236328,23.1299991607666,,,11.539999961853027,,23.59000015258789,26.65999984741211,,11.369999885559082,29.4815731048584,19.540000915527344,2.680000066757202,12.859999656677246,,21.170000076293945,,,3.0299999713897705,2.0199999809265137,,4.46999979019165,,7.21999979019165,,,17.149999618530273,15.119999885559082,,,33.79999923706055,22.850000381469727,30.639999389648438,,1.9600000381469727,,28.920000076293945,,,11.989999771118164,29.799999237060547,23.450000762939453,,,,12.960000038146973,13.210000038146973,,,,,,25.440000534057617,11.680000305175781,8.9399995803833,,27.520000457763672,29.399999618530273,16.020000457763672,12.739999771118164,,20.34000015258789,10.649999618530273,25.809999465942383,,,,16.540000915527344,,30.479999542236328,6.309999942779541,31.270000457763672,,18.68000030517578,21.989999771118164,5.159999847412109,18.100000381469727,9.619999885559082,25.969999313354492,17.700000762939453,15.460000038146973,,,15.739999771118164,,17.219999313354492,28.350000381469727,18.889999389648438,,20.540000915527344,,32.09000015258789,,13.619999885559082,30.31999969482422,3.450000047683716,25.25,,5.389999866485596,7.909999847412109,13.380000114440918,20.209999084472656,,16.729999542236328,9.600000381469727,1.7799999713897705,,7.730000019073486,,,21.940000534057617,,,40.349998474121094,2.9600000381469727,3.8299999237060547,5.210000038146973,,17.270000457763672,1.2300000190734863,9.979999542236328,8.210000038146973,,,2024-07-11,2024Q3
2024-07-12,38.279998779296875,20.200000762939453,13.579999923706055,13.75,17.450000762939453,,21.110000610351562,23.489999771118164,,8.779999732971191,23.360000610351562,,26.149999618530273,,,,,,20.420000076293945,27.989999771118164,,,15.817500114440918,8.819999694824219,,24.540000915527344,7.440000057220459,,18.56999969482422,13.699999809265137,,,24.829999923706055,19.18000030517578,,,18.040000915527344,27.459999084472656,7.019999980926514,,25.670000076293945,7.570000171661377,9.020000457763672,,7.550000190734863,15.119999885559082,,20.510000228881836,31.469999313354492,7.769999980926514,24.90999984741211,,,0.6600000262260437,,3.990000009536743,7.800000190734863,,25.139999389648438,4.420000076293945,1.0199999809265137,9.279999732971191,21.40999984741211,13.289999961853027,3.180000066757202,,12.630000114440918,23.020000457763672,,,11.5,,22.959999084472656,26.43000030517578,,11.329999923706055,29.130149841308594,19.059999465942383,2.619999885559082,12.670000076293945,,20.899999618530273,,,3.0199999809265137,1.9800000190734863,,4.300000190734863,,7.510000228881836,,,17.389999389648438,14.359999656677246,,,32.11000061035156,22.43000030517578,29.020000457763672,,2.130000114440918,,28.770000457763672,,,11.9399995803833,28.440000534057617,22.979999542236328,,,,13.600000381469727,12.619999885559082,,,,,,24.530000686645508,12.40999984741211,8.890000343322754,,27.209999084472656,32.70000076293945,15.779999732971191,12.779999732971191,,21.100000381469727,10.84000015258789,26.610000610351562,,,,16.229999542236328,,32.0,6.090000152587891,30.65999984741211,,18.31999969482422,21.549999237060547,5.159999847412109,18.059999465942383,9.449999809265137,26.270000457763672,17.579999923706055,15.149999618530273,,,15.550000190734863,,17.020000457763672,28.360000610351562,18.700000762939453,,19.75,,31.260000228881836,,13.529999732971191,30.649999618530273,3.5899999141693115,26.510000228881836,,5.5,7.659999847412109,14.5600004196167,20.760000228881836,,16.610000610351562,9.600000381469727,1.8600000143051147,,8.069999694824219,,,21.700000762939453,,,39.599998474121094,2.9000000953674316,3.7799999713897705,5.230000019073486,,16.989999771118164,1.2000000476837158,9.989999771118164,8.369999885559082,,,2024-07-12,2024Q3
2024-07-15,38.560001373291016,20.200000762939453,13.739999771118164,13.609999656677246,17.59000015258789,,21.170000076293945,23.059999465942383,,8.970000267028809,22.75,,25.8799991607666,,,,,,20.809999465942383,27.989999771118164,,,15.952500343322754,8.989999771118164,,25.040000915527344,7.309999942779541,,18.420000076293945,13.699999809265137,,,24.059999465942383,18.8799991607666,,,17.989999771118164,27.5,6.860000133514404,,25.979999542236328,7.480000019073486,8.930000305175781,,7.489999771118164,15.1899995803833,,22.559999465942383,32.20000076293945,8.149999618530273,25.639999389648438,,,0.6600000262260437,,3.950000047683716,7.480000019073486,,24.860000610351562,4.599999904632568,1.0700000524520874,9.460000038146973,21.450000762939453,13.289999961853027,3.0199999809265137,,13.260000228881836,25.219999313354492,,,11.420000076293945,,22.8700008392334,26.329999923706055,,11.020000457763672,30.583332061767578,20.959999084472656,2.619999885559082,12.850000381469727,,20.34000015258789,,,3.009999990463257,1.9700000286102295,,4.119999885559082,,7.730000019073486,,,17.350000381469727,13.640000343322754,,,33.31999969482422,21.149999618530273,28.1299991607666,,2.2300000190734863,,28.540000915527344,,,11.699999809265137,28.1200008392334,22.979999542236328,,,,14.279999732971191,13.0,,,,,,25.81999969482422,13.529999732971191,8.84000015258789,,26.270000457763672,31.5,15.739999771118164,13.9399995803833,,20.729999542236328,10.600000381469727,26.110000610351562,,,,16.209999084472656,,30.809999465942383,6.389999866485596,30.1200008392334,,18.329999923706055,21.549999237060547,5.260000228881836,18.100000381469727,9.619999885559082,26.149999618530273,18.09000015258789,15.149999618530273,,,15.850000381469727,,17.020000457763672,28.229999542236328,18.6200008392334,,19.079999923706055,,31.600000381469727,,13.819999694824219,32.470001220703125,3.4800000190734863,27.829999923706055,,5.360000133514404,7.369999885559082,16.010000228881836,20.65999984741211,,16.170000076293945,9.600000381469727,1.7899999618530273,,8.460000038146973,,,21.479999542236328,,,38.54999923706055,2.9000000953674316,3.799999952316284,5.159999847412109,,16.93000030517578,1.2000000476837158,9.970000267028809,8.369999885559082,,,2024-07-15,2024Q3
2024-07-16,37.95000076293945,20.200000762939453,13.9399995803833,13.039999961853027,17.6200008392334,,21.049999237060547,24.209999084472656,,8.869999885559082,24.700000762939453,,26.25,,,,,,20.389999389648438,27.989999771118164,,,15.907500267028809,8.819999694824219,,24.75,7.289999961853027,,18.559999465942383,13.699999809265137,,,24.600000381469727,18.75,,,18.15999984741211,33.0,6.71999979019165,,27.09000015258789,7.46999979019165,8.569999694824219,,7.489999771118164,15.220000267028809,,21.1299991607666,32.20000076293945,8.520000457763672,25.290000915527344,,,0.6600000262260437,,3.9700000286102295,7.849999904632568,,25.299999237060547,5.03000020980835,1.0399999618530273,9.350000381469727,21.389999389648438,13.289999961853027,2.859999895095825,,13.920000076293945,24.90999984741211,,,11.359999656677246,,22.81999969482422,27.700000762939453,,10.949999809265137,32.04999923706055,23.049999237060547,2.880000114440918,12.899999618530273,,20.09000015258789,,,3.0299999713897705,1.899999976158142,,4.099999904632568,,7.650000095367432,,,17.020000457763672,12.949999809265137,,,32.849998474121094,21.670000076293945,29.139999389648438,,2.2200000286102295,,28.600000381469727,,,11.739999771118164,26.709999084472656,22.979999542236328,,,,13.5600004196167,13.09000015258789,,,,,,25.309999465942383,13.430000305175781,8.779999732971191,,26.079999923706055,31.90999984741211,15.600000381469727,14.220000267028809,,20.270000457763672,10.510000228881836,26.200000762939453,,,,16.09000015258789,,31.540000915527344,6.179999828338623,30.06999969482422,,18.229999542236328,21.549999237060547,5.150000095367432,18.040000915527344,9.390000343322754,25.989999771118164,18.100000381469727,15.149999618530273,,,15.649999618530273,,17.139999389648438,27.989999771118164,18.65999984741211,,19.100000381469727,,31.510000228881836,,13.510000228881836,31.690000534057617,3.3499999046325684,27.540000915527344,,5.360000133514404,7.130000114440918,15.609999656677246,20.3799991607666,,16.540000915527344,9.600000381469727,1.7000000476837158,,8.880000114440918,,,21.5,,,38.349998474121094,2.9000000953674316,3.819999933242798,5.170000076293945,,16.940000534057617,1.2000000476837158,9.979999542236328,8.369999885559082,,,2024-07-16,2024Q3
2024-07-18,38.380001068115234,19.0,14.09000015258789,12.779999732971191,17.3700008392334,,21.399999618530273,24.100000381469727,,8.75,24.3700008392334,,25.8700008392334,,,,,,20.780000686645508,26.34000015258789,,,15.757499694824219,8.869999885559082,,24.3700008392334,7.110000133514404,,18.600000381469727,13.720000267028809,,,23.3700008392334,18.170000076293945,,,18.18000030517578,34.58000183105469,6.570000171661377,,25.6299991607666,7.409999847412109,8.449999809265137,,7.340000152587891,15.020000457763672,,20.920000076293945,30.90999984741211,8.09000015258789,25.260000228881836,,,0.6899999976158142,,3.9200000762939453,7.800000190734863,,24.15999984741211,4.769999980926514,1.090000033378601,9.100000381469727,20.969999313354492,12.489999771118164,2.7100000381469727,,14.609999656677246,23.079999923706055,,,11.619999885559082,,22.790000915527344,28.100000381469727,,10.8100004196167,30.989999771118164,21.649999618530273,2.8499999046325684,12.9399995803833,,21.09000015258789,,,3.0199999809265137,1.9199999570846558,,3.940000057220459,,7.650000095367432,,,16.940000534057617,12.300000190734863,,,33.83000183105469,21.5,27.68000030517578,,2.1700000762939453,,28.40999984741211,,,11.739999771118164,27.25,21.610000610351562,,,,13.010000228881836,12.5,,,,,,24.489999771118164,12.960000038146973,8.890000343322754,,25.979999542236328,30.84000015258789,15.130000114440918,14.029999732971191,,20.469999313354492,10.510000228881836,25.520000457763672,,,,15.779999732971191,,29.959999084472656,5.960000038146973,33.06999969482422,,17.8700008392334,20.709999084472656,4.980000019073486,17.829999923706055,9.260000228881836,28.489999771118164,17.719999313354492,14.239999771118164,,,15.449999809265137,,17.110000610351562,27.25,19.280000686645508,,18.780000686645508,,30.670000076293945,,13.180000305175781,31.260000228881836,3.2799999713897705,27.1299991607666,,5.320000171661377,7.090000152587891,15.220000267028809,20.440000534057617,,15.899999618530273,10.039999961853027,1.6100000143051147,,9.319999694824219,,,21.020000457763672,,,37.04999923706055,2.7200000286102295,3.7899999618530273,5.289999961853027,,16.31999969482422,1.1299999952316284,9.989999771118164,8.550000190734863,,,2024-07-18,2024Q3
2024-07-19,37.08000183105469,19.0,13.670000076293945,12.1899995803833,17.18000030517578,,24.139999389648438,22.940000534057617,,8.529999732971191,23.239999771118164,,25.860000610351562,,,,,,21.18000030517578,25.809999465942383,,,15.65250015258789,8.760000228881836,,23.549999237060547,6.980000019073486,,18.170000076293945,13.4399995803833,,,22.200000762939453,17.149999618530273,,,17.520000457763672,31.1299991607666,6.170000076293945,,26.15999984741211,7.300000190734863,8.069999694824219,,7.199999809265137,14.920000076293945,,20.25,30.290000915527344,7.71999979019165,24.209999084472656,,,0.699999988079071,,3.8399999141693115,7.809999942779541,,22.850000381469727,4.989999771118164,1.0399999618530273,9.119999885559082,20.34000015258789,12.239999771118164,2.5899999141693115,,14.020000457763672,22.799999237060547,,,11.539999961853027,,22.34000015258789,26.93000030517578,,10.779999732971191,29.6200008392334,20.639999389648438,3.130000114440918,12.65999984741211,,22.030000686645508,,,2.990000009536743,1.8600000143051147,,3.9600000381469727,,7.829999923706055,,,17.020000457763672,11.680000305175781,,,33.040000915527344,20.649999618530273,26.420000076293945,,2.130000114440918,,27.770000457763672,,,11.199999809265137,26.0,21.170000076293945,,,,12.630000114440918,12.220000267028809,,,,,,24.8700008392334,12.600000381469727,8.819999694824219,,25.5,29.829999923706055,14.899999618530273,13.600000381469727,,20.06999969482422,10.359999656677246,25.100000381469727,,,,15.1899995803833,,28.459999084472656,5.889999866485596,36.369998931884766,,17.649999618530273,20.290000915527344,4.829999923706055,17.489999771118164,9.119999885559082,28.3700008392334,18.3799991607666,13.949999809265137,,,15.630000114440918,,16.93000030517578,26.420000076293945,18.190000534057617,,18.350000381469727,,30.389999389648438,,12.869999885559082,31.1200008392334,3.2300000190734863,26.149999618530273,,5.320000171661377,7.099999904632568,15.300000190734863,20.25,,15.100000381469727,10.0,1.5199999809265137,,9.779999732971191,,,20.600000381469727,,,36.150001525878906,2.6600000858306885,3.7300000190734863,5.199999809265137,,15.970000267028809,1.100000023841858,9.829999923706055,8.369999885559082,,,2024-07-19,2024Q3
2024-07-22,36.7400016784668,18.6200008392334,13.329999923706055,12.25,17.09000015258789,,22.850000381469727,22.920000076293945,,8.260000228881836,24.209999084472656,,25.549999237060547,,,,,,21.0,25.290000915527344,,,15.75,8.470000267028809,,23.6299991607666,6.940000057220459,,18.18000030517578,13.449999809265137,,,22.450000762939453,17.3700008392334,,,17.709999084472656,32.18000030517578,6.159999847412109,,28.770000457763672,7.159999847412109,8.0,,7.199999809265137,14.850000381469727,,20.989999771118164,29.68000030517578,7.409999847412109,23.489999771118164,,,0.7300000190734863,,3.8399999141693115,7.699999809265137,,23.34000015258789,4.989999771118164,1.0199999809265137,9.239999771118164,20.440000534057617,12.850000381469727,2.7100000381469727,,13.989999771118164,22.760000228881836,,,11.329999923706055,,21.809999465942383,27.110000610351562,,10.699999809265137,28.200000762939453,20.399999618530273,2.9200000762939453,12.920000076293945,,21.93000030517578,,,3.009999990463257,1.840000033378601,,4.090000152587891,,8.180000305175781,,,17.829999923706055,11.09000015258789,,,32.58000183105469,20.850000381469727,27.34000015258789,,2.140000104904175,,26.729999542236328,,,12.0,25.700000762939453,20.739999771118164,,,,12.5600004196167,11.859999656677246,,,,,,24.31999969482422,13.319999694824219,9.260000228881836,,25.530000686645508,30.219999313354492,14.819999694824219,14.069999694824219,,19.84000015258789,10.180000305175781,24.899999618530273,,,,15.430000305175781,,28.729999542236328,6.059999942779541,32.939998626708984,,17.530000686645508,19.8799991607666,5.059999942779541,17.329999923706055,9.029999732971191,27.43000030517578,18.06999969482422,13.949999809265137,,,15.3100004196167,,16.979999542236328,26.420000076293945,18.56999969482422,,17.850000381469727,,30.1299991607666,,12.960000038146973,31.040000915527344,3.180000066757202,27.3799991607666,,5.210000038146973,7.070000171661377,15.0600004196167,20.030000686645508,,15.0600004196167,9.850000381469727,1.559999942779541,,10.260000228881836,,,20.790000915527344,,,34.650001525878906,2.5999999046325684,3.6700000762939453,4.960000038146973,,16.059999465942383,1.090000033378601,9.65999984741211,8.199999809265137,,,2024-07-22,2024Q3
2024-07-23,36.349998474121094,18.239999771118164,13.149999618530273,12.319999694824219,17.65999984741211,,22.43000030517578,22.90999984741211,,8.34000015258789,23.780000686645508,,25.440000534057617,,,,,,21.40999984741211,24.780000686645508,,,17.354999542236328,8.460000038146973,,23.229999542236328,6.929999828338623,,17.829999923706055,13.6899995803833,,,22.18000030517578,16.8700008392334,,,17.450000762939453,31.270000457763672,6.519999980926514,,26.989999771118164,7.210000038146973,7.900000095367432,,7.239999771118164,14.9399995803833,,20.809999465942383,29.079999923706055,7.53000020980835,24.65999984741211,,,0.7599999904632568,,3.8299999237060547,7.599999904632568,,23.149999618530273,5.110000133514404,1.0,9.09000015258789,20.579999923706055,13.479999542236328,2.8399999141693115,,14.079999923706055,22.43000030517578,,,11.25,,21.889999389648438,27.489999771118164,,10.59000015258789,27.829999923706055,19.8799991607666,2.8499999046325684,12.8100004196167,,21.530000686645508,,,2.990000009536743,1.9199999570846558,,4.289999961853027,,8.489999771118164,,,17.510000228881836,11.640000343322754,,,31.709999084472656,20.31999969482422,27.350000381469727,,2.109999895095825,,27.030000686645508,,,11.59000015258789,26.979999542236328,20.31999969482422,,,,13.170000076293945,12.199999809265137,,,,,,24.139999389648438,12.989999771118164,9.1899995803833,,25.350000381469727,29.520000457763672,14.770000457763672,13.630000114440918,,19.75,10.199999809265137,24.479999542236328,,,,15.25,,28.25,5.840000152587891,31.770000457763672,,17.510000228881836,19.579999923706055,5.039999961853027,17.31999969482422,9.100000381469727,28.030000686645508,18.229999542236328,13.670000076293945,,,15.550000190734863,,16.59000015258789,29.43000030517578,18.06999969482422,,17.440000534057617,,28.729999542236328,,12.970000267028809,31.709999084472656,3.200000047683716,26.770000457763672,,5.199999809265137,6.960000038146973,14.979999542236328,19.989999771118164,,15.069999694824219,10.0,1.6200000047683716,,10.050000190734863,,,21.899999618530273,,,34.0,2.5399999618530273,3.700000047683716,4.940000057220459,,15.90999984741211,1.090000033378601,9.40999984741211,8.029999732971191,,,2024-07-23,2024Q3
2024-07-24,37.060001373291016,18.600000381469727,13.800000190734863,11.899999618530273,17.549999237060547,,23.049999237060547,23.260000228881836,,8.4399995803833,23.93000030517578,,25.479999542236328,,,,,,21.06999969482422,25.270000457763672,,,17.774999618530273,8.630000114440918,,23.829999923706055,7.440000057220459,,18.020000457763672,13.4399995803833,,,23.09000015258789,17.149999618530273,,,17.600000381469727,31.040000915527344,6.679999828338623,,29.139999389648438,7.260000228881836,7.5,,7.369999885559082,15.90999984741211,,21.8799991607666,28.489999771118164,7.900000095367432,25.889999389648438,,,0.7900000214576721,,3.9100000858306885,7.239999771118164,,23.81999969482422,5.360000133514404,1.0199999809265137,9.220000267028809,21.600000381469727,14.149999618530273,2.9800000190734863,,13.899999618530273,22.809999465942383,,,11.739999771118164,,21.809999465942383,28.989999771118164,,10.479999542236328,29.209999084472656,21.719999313354492,3.119999885559082,13.279999732971191,,21.81999969482422,,,3.0199999809265137,1.940000057220459,,4.420000076293945,,8.579999923706055,,,17.899999618530273,11.1899995803833,,,33.290000915527344,20.6299991607666,27.280000686645508,,2.130000114440918,,27.6200008392334,,,11.899999618530273,27.139999389648438,20.719999313354492,,,,13.729999542236328,12.149999618530273,,,,,,24.719999313354492,13.380000114440918,9.0600004196167,,25.389999389648438,30.15999984741211,15.039999961853027,13.8100004196167,,21.600000381469727,10.25,25.049999237060547,,,,16.010000228881836,,29.040000915527344,5.869999885559082,34.939998626708984,,17.8799991607666,19.579999923706055,5.119999885559082,17.260000228881836,9.140000343322754,27.959999084472656,19.56999969482422,13.390000343322754,,,15.5,,16.899999618530273,29.940000534057617,19.209999084472656,,18.309999465942383,,28.940000534057617,,14.279999732971191,33.2400016784668,3.2300000190734863,27.049999237060547,,5.21999979019165,7.289999961853027,15.380000114440918,19.969999313354492,,16.649999618530273,10.109999656677246,1.690000057220459,,9.84000015258789,,,22.459999084472656,,,35.70000076293945,2.4800000190734863,3.7300000190734863,4.989999771118164,,16.299999237060547,1.1100000143051147,9.199999809265137,8.1899995803833,,,2024-07-24,2024Q3
2024-07-25,37.099998474121094,18.969999313354492,14.079999923706055,12.289999961853027,17.399999618530273,,22.950000762939453,22.600000381469727,,8.859999656677246,24.389999389648438,,26.270000457763672,,,,,,21.479999542236328,25.770000457763672,,,17.489999771118164,8.829999923706055,,23.579999923706055,7.369999885559082,,17.8799991607666,13.59000015258789,,,23.649999618530273,16.93000030517578,,,17.59000015258789,30.1200008392334,6.590000152587891,,31.649999618530273,7.210000038146973,7.599999904632568,,7.269999980926514,15.6899995803833,,22.110000610351562,27.920000076293945,8.289999961853027,27.18000030517578,,,0.8199999928474426,,3.890000104904175,7.239999771118164,,23.3700008392334,5.619999885559082,1.0099999904632568,9.109999656677246,21.43000030517578,14.850000381469727,3.119999885559082,,13.569999694824219,23.829999923706055,,,12.149999618530273,,21.950000762939453,28.639999389648438,,9.899999618530273,29.260000228881836,20.780000686645508,3.069999933242798,15.930000305175781,,22.1299991607666,,,3.0,1.9700000286102295,,4.639999866485596,,8.149999618530273,,,17.5,11.380000114440918,,,33.34000015258789,20.700000762939453,27.040000915527344,,2.119999885559082,,27.739999771118164,,,11.850000381469727,26.350000381469727,21.1299991607666,,,,14.289999961853027,12.739999771118164,,,,,,25.059999465942383,13.289999961853027,9.329999923706055,,26.649999618530273,31.5,15.15999984741211,13.649999618530273,,21.739999771118164,10.210000038146973,25.350000381469727,,,,16.809999465942383,,28.709999084472656,5.920000076293945,33.189998626708984,,17.93000030517578,19.969999313354492,5.230000019073486,17.260000228881836,9.15999984741211,27.729999542236328,20.68000030517578,13.119999885559082,,,15.649999618530273,,16.65999984741211,35.189998626708984,21.010000228881836,,18.43000030517578,,28.520000457763672,,14.529999732971191,33.7400016784668,3.2200000286102295,26.270000457763672,,5.739999771118164,7.650000095367432,15.319999694824219,19.860000610351562,,17.110000610351562,10.3100004196167,1.649999976158142,,9.640000343322754,,,21.690000534057617,,,36.150001525878906,2.430000066757202,3.759999990463257,5.079999923706055,,16.329999923706055,1.1100000143051147,8.979999542236328,8.350000381469727,,,2024-07-25,2024Q3
2024-07-26,37.56999969482422,19.34000015258789,13.880000114440918,12.130000114440918,17.270000457763672,,22.510000228881836,23.729999542236328,,8.989999771118164,25.549999237060547,,26.170000076293945,,,,,,21.889999389648438,25.5,,,17.24250030517578,9.069999694824219,,24.209999084472656,7.429999828338623,,18.09000015258789,13.3100004196167,,,24.829999923706055,17.020000457763672,,,17.510000228881836,30.809999465942383,6.690000057220459,,30.639999389648438,7.440000057220459,7.639999866485596,,7.599999904632568,15.8100004196167,,21.829999923706055,27.360000610351562,8.6899995803833,26.530000686645508,,,0.8600000143051147,,3.880000114440918,7.239999771118164,,23.709999084472656,5.900000095367432,1.0099999904632568,9.220000267028809,21.469999313354492,14.109999656677246,2.9600000381469727,,13.729999542236328,23.920000076293945,,,12.5,,21.969999313354492,27.239999771118164,,9.829999923706055,28.809999465942383,21.729999542236328,2.990000009536743,15.579999923706055,,21.510000228881836,,,3.059999942779541,2.049999952316284,,4.869999885559082,,7.739999771118164,,,18.459999084472656,11.130000114440918,,,33.060001373291016,21.219999313354492,27.889999389648438,,2.119999885559082,,27.889999389648438,,,11.760000228881836,27.0,21.549999237060547,,,,13.579999923706055,12.449999809265137,,,,,,27.530000686645508,13.479999542236328,9.609999656677246,,26.350000381469727,31.68000030517578,15.579999923706055,13.619999885559082,,21.25,10.199999809265137,25.1200008392334,,,,16.8700008392334,,29.899999618530273,5.840000152587891,31.760000228881836,,17.860000610351562,20.0,5.179999828338623,17.270000457763672,9.319999694824219,28.6200008392334,21.780000686645508,12.850000381469727,,,15.539999961853027,,16.8799991607666,36.349998474121094,21.469999313354492,,19.31999969482422,,28.3700008392334,,14.199999809265137,35.83000183105469,3.2300000190734863,25.43000030517578,,6.309999942779541,7.809999942779541,15.1899995803833,20.010000228881836,,16.75,10.510000228881836,1.6699999570846558,,9.4399995803833,,,22.0,,,34.599998474121094,2.380000114440918,3.75,5.090000152587891,,16.3700008392334,1.100000023841858,8.930000305175781,8.510000228881836,,,2024-07-26,2024Q3
2024-07-29,37.33000183105469,19.719999313354492,13.800000190734863,12.09000015258789,17.350000381469727,,22.579999923706055,24.3700008392334,,8.8100004196167,27.25,,26.600000381469727,,,,,,22.309999465942383,25.700000762939453,,,17.1299991607666,9.210000038146973,,25.020000457763672,7.190000057220459,,18.149999618530273,13.1899995803833,,,26.06999969482422,16.940000534057617,,,17.709999084472656,31.059999465942383,6.679999828338623,,28.719999313354492,7.380000114440918,7.25,,7.590000152587891,15.829999923706055,,21.81999969482422,26.809999465942383,8.25,25.469999313354492,,,0.8100000023841858,,3.880000114440918,7.260000228881836,,23.75,6.190000057220459,1.0,9.289999961853027,21.229999542236328,13.880000114440918,2.990000009536743,,13.970000267028809,24.06999969482422,,,12.699999809265137,,21.700000762939453,26.709999084472656,,9.90999984741211,27.979999542236328,22.3799991607666,2.940000057220459,15.739999771118164,,21.979999542236328,,,3.0999999046325684,1.9600000381469727,,4.960000038146973,,7.349999904632568,,,18.450000762939453,11.520000457763672,,,32.2599983215332,21.329999923706055,27.139999389648438,,2.140000104904175,,27.719999313354492,,,11.729999542236328,26.209999084472656,21.979999542236328,,,,13.850000381469727,12.270000457763672,,,,,,26.860000610351562,13.069999694824219,10.09000015258789,,26.68000030517578,31.190000534057617,15.930000305175781,13.5600004196167,,20.959999084472656,10.449999809265137,25.34000015258789,,,,16.489999771118164,,30.030000686645508,5.869999885559082,31.799999237060547,,18.049999237060547,20.399999618530273,5.159999847412109,17.299999237060547,9.239999771118164,29.760000228881836,20.950000762939453,12.600000381469727,,,15.550000190734863,,16.84000015258789,36.75,21.110000610351562,,18.809999465942383,,28.15999984741211,,14.350000381469727,35.349998474121094,3.190000057220459,24.530000686645508,,6.679999828338623,7.519999980926514,15.479999542236328,19.780000686645508,,16.940000534057617,11.029999732971191,1.6399999856948853,,9.25,,,21.649999618530273,,,33.75,2.3299999237060547,3.7200000286102295,5.119999885559082,,16.479999542236328,1.100000023841858,8.890000343322754,8.930000305175781,,,2024-07-29,2024Q3
2024-07-30,37.130001068115234,20.110000610351562,13.630000114440918,12.079999923706055,17.389999389648438,,23.309999465942383,24.5,,8.729999542236328,27.170000076293945,,26.270000457763672,,,,,,22.309999465942383,25.18000030517578,,,19.860000610351562,8.989999771118164,,24.8700008392334,7.190000057220459,,17.959999084472656,13.449999809265137,,,27.290000915527344,17.459999084472656,,,17.84000015258789,31.260000228881836,7.340000152587891,,29.56999969482422,7.300000190734863,7.289999961853027,,7.559999942779541,16.200000762939453,,21.469999313354492,26.270000457763672,8.1899995803833,26.739999771118164,,,0.7599999904632568,,3.880000114440918,7.170000076293945,,23.860000610351562,6.099999904632568,0.9900000095367432,9.390000343322754,21.889999389648438,13.319999694824219,2.950000047683716,,13.979999542236328,24.170000076293945,,,12.90999984741211,,21.979999542236328,26.59000015258789,,10.899999618530273,28.360000610351562,24.610000610351562,2.9000000953674316,15.140000343322754,,21.940000534057617,,,3.1500000953674316,1.940000057220459,,4.900000095367432,,7.440000057220459,,,18.3700008392334,11.630000114440918,,,32.04999923706055,21.15999984741211,27.059999465942383,,2.130000114440918,,27.479999542236328,,,11.920000076293945,26.5,21.799999237060547,,,,13.489999771118164,12.520000457763672,,,,,,25.959999084472656,13.039999961853027,10.59000015258789,,26.850000381469727,33.66999816894531,16.56999969482422,13.75,,21.1299991607666,10.680000305175781,25.940000534057617,,,,16.860000610351562,,30.09000015258789,5.840000152587891,32.16999816894531,,18.40999984741211,20.799999237060547,5.25,17.219999313354492,9.180000305175781,29.219999313354492,21.209999084472656,12.5,,,15.699999809265137,,16.860000610351562,35.0,23.209999084472656,,18.84000015258789,,31.100000381469727,,14.270000457763672,34.61000061035156,3.2899999618530273,25.75,,6.340000152587891,7.610000133514404,15.649999618530273,19.809999465942383,,17.260000228881836,11.579999923706055,1.6399999856948853,,9.0600004196167,,,21.8700008392334,,,35.25,2.2799999713897705,3.799999952316284,5.179999828338623,,16.649999618530273,1.0700000524520874,9.329999923706055,9.369999885559082,,,2024-07-30,2024Q3
2024-07-31,36.97999954223633,20.5,14.3100004196167,11.899999618530273,17.530000686645508,,22.84000015258789,24.299999237060547,,9.15999984741211,26.719999313354492,,26.969999313354492,,,,,,21.979999542236328,24.799999237060547,,,20.3174991607666,9.039999961853027,,26.1200008392334,7.400000095367432,,17.969999313354492,13.449999809265137,,,26.739999771118164,17.09000015258789,,,18.43000030517578,30.969999313354492,8.069999694824219,,30.360000610351562,7.360000133514404,7.5,,7.550000190734863,16.25,,22.510000228881836,25.75,8.25,28.06999969482422,,,0.7900000214576721,,3.859999895095825,7.019999980926514,,23.65999984741211,5.96999979019165,0.9800000190734863,9.420000076293945,22.049999237060547,13.979999542236328,2.9000000953674316,,14.170000076293945,24.09000015258789,,,13.039999961853027,,21.979999542236328,28.239999771118164,,11.989999771118164,28.68000030517578,27.06999969482422,2.9000000953674316,14.850000381469727,,23.030000686645508,,,3.109999895095825,1.9199999570846558,,4.849999904632568,,7.78000020980835,,,18.479999542236328,12.199999809265137,,,32.099998474121094,21.110000610351562,27.049999237060547,,2.130000114440918,,27.200000762939453,,,11.859999656677246,25.639999389648438,21.399999618530273,,,,13.34000015258789,12.420000076293945,,,,,,26.020000457763672,13.050000190734863,11.109999656677246,,27.030000686645508,33.7400016784668,16.350000381469727,13.770000457763672,,20.829999923706055,10.300000190734863,25.600000381469727,,,,17.700000762939453,,28.579999923706055,5.920000076293945,31.739999771118164,,18.270000457763672,21.209999084472656,5.300000190734863,17.18000030517578,9.210000038146973,29.020000457763672,21.0,12.75,,,15.630000114440918,,17.700000762939453,33.709999084472656,22.600000381469727,,18.309999465942383,,30.600000381469727,,14.649999618530273,34.25,3.3299999237060547,25.110000610351562,,6.210000038146973,7.460000038146973,15.710000038146973,19.829999923706055,,17.65999984741211,12.149999618530273,1.6100000143051147,,8.869999885559082,,,22.049999237060547,,,35.04999923706055,2.2300000190734863,3.7699999809265137,5.139999866485596,,17.459999084472656,1.0700000524520874,9.789999961853027,9.829999923706055,,,2024-07-31,2024Q3
2024-08-01,36.150001525878906,20.09000015258789,14.15999984741211,11.65999984741211,17.639999389648438,,22.6200008392334,23.84000015258789,,9.029999732971191,26.829999923706055,,26.3799991607666,,,,,,21.540000915527344,24.399999618530273,,,19.0049991607666,8.739999771118164,,25.81999969482422,7.230000019073486,,17.989999771118164,13.180000305175781,,,26.200000762939453,20.15999984741211,,,18.209999084472656,30.670000076293945,7.960000038146973,,32.099998474121094,7.25,7.53000020980835,,7.420000076293945,16.1299991607666,,21.489999771118164,26.260000228881836,8.279999732971191,29.469999313354492,,,0.8199999928474426,,3.809999942779541,6.829999923706055,,23.25,5.849999904632568,0.949999988079071,9.539999961853027,21.489999771118164,13.550000190734863,2.75,,13.869999885559082,23.290000915527344,,,12.75,,21.75,27.079999923706055,,13.180000305175781,28.31999969482422,25.709999084472656,2.880000114440918,14.520000457763672,,22.43000030517578,,,3.0899999141693115,1.8799999952316284,,4.75,,7.389999866485596,,,18.06999969482422,12.8100004196167,,,31.290000915527344,21.209999084472656,26.34000015258789,,2.119999885559082,,27.350000381469727,,,11.850000381469727,26.81999969482422,21.0,,,,13.020000457763672,12.260000228881836,,,,,,25.149999618530273,12.920000076293945,10.880000114440918,,28.3799991607666,32.72999954223633,15.899999618530273,13.59000015258789,,20.459999084472656,11.100000381469727,24.860000610351562,,,,16.809999465942383,,27.709999084472656,5.829999923706055,31.34000015258789,,18.010000228881836,21.6299991607666,5.380000114440918,17.1200008392334,9.109999656677246,28.600000381469727,20.799999237060547,13.0,,,15.9399995803833,,17.979999542236328,32.13999938964844,23.139999389648438,,18.399999618530273,,27.56999969482422,,14.0600004196167,32.720001220703125,3.2799999713897705,24.440000534057617,,6.440000057220459,7.21999979019165,16.020000457763672,19.790000915527344,,17.260000228881836,12.75,1.5800000429153442,,8.6899995803833,,,21.6299991607666,,,34.619998931884766,2.180000066757202,4.03000020980835,5.130000114440918,,17.1200008392334,1.0399999618530273,10.270000457763672,9.930000305175781,,,2024-08-01,2024Q3
2024-08-02,35.689998626708984,20.440000534057617,13.920000076293945,12.239999771118164,17.75,,21.65999984741211,23.309999465942383,,8.930000305175781,26.299999237060547,,26.229999542236328,,,,,,21.100000381469727,24.0,,,19.822500228881836,8.789999961853027,,24.940000534057617,7.199999809265137,,17.84000015258789,12.90999984741211,,,25.670000076293945,18.030000686645508,,,17.84000015258789,30.440000534057617,8.039999961853027,,33.5099983215332,7.25,7.389999866485596,,7.380000114440918,15.979999542236328,,21.989999771118164,26.780000686645508,8.050000190734863,30.940000534057617,,,0.8399999737739563,,3.7699999809265137,7.170000076293945,,22.790000915527344,5.730000019073486,0.9300000071525574,9.319999694824219,21.889999389648438,14.010000228881836,2.880000114440918,,13.869999885559082,23.06999969482422,,,12.1899995803833,,21.579999923706055,26.989999771118164,,12.760000228881836,29.690000534057617,25.649999618530273,2.8299999237060547,14.630000114440918,,22.3799991607666,,,3.049999952316284,1.8700000047683716,,4.650000095367432,,7.579999923706055,,,17.639999389648438,13.149999618530273,,,31.079999923706055,21.43000030517578,26.200000762939453,,2.119999885559082,,27.209999084472656,,,11.710000038146973,26.5,21.020000457763672,,,,13.3100004196167,12.130000114440918,,,,,,26.079999923706055,13.039999961853027,10.65999984741211,,29.790000915527344,31.93000030517578,16.510000228881836,13.40999984741211,,20.770000457763672,11.619999885559082,24.899999618530273,,,,17.309999465942383,,29.079999923706055,5.909999847412109,31.520000457763672,,17.989999771118164,21.190000534057617,5.380000114440918,17.040000915527344,9.09000015258789,28.290000915527344,20.360000610351562,13.260000228881836,,,15.930000305175781,,17.709999084472656,32.810001373291016,23.540000915527344,,18.489999771118164,,30.520000457763672,,13.890000343322754,33.130001068115234,3.1700000762939453,24.969999313354492,,6.199999809265137,7.159999847412109,15.739999771118164,19.65999984741211,,17.030000686645508,13.380000114440918,1.5399999618530273,,8.510000228881836,,,21.5,,,33.43000030517578,2.130000114440918,3.990000009536743,5.050000190734863,,17.06999969482422,1.0399999618530273,10.779999732971191,10.390000343322754,,,2024-08-02,2024Q3
2024-08-05,34.18000030517578,19.40999984741211,13.220000267028809,11.90999984741211,17.290000915527344,,21.06999969482422,23.309999465942383,,8.579999923706055,24.31999969482422,,24.940000534057617,,,,,,20.670000076293945,23.600000381469727,,,18.614999771118164,8.279999732971191,,23.469999313354492,6.920000076293945,,17.219999313354492,12.649999618530273,,,25.149999618530273,16.8799991607666,,,17.049999237060547,28.84000015258789,7.610000133514404,,31.139999389648438,7.059999942779541,7.210000038146973,,7.179999828338623,14.899999618530273,,20.3799991607666,26.239999771118164,7.78000020980835,31.229999542236328,,,0.7900000214576721,,3.609999895095825,7.150000095367432,,24.520000457763672,5.610000133514404,0.8799999952316284,9.0600004196167,19.241859436035156,13.300000190734863,2.7300000190734863,,13.170000076293945,21.780000686645508,,,11.640000343322754,,20.93000030517578,25.059999465942383,,12.119999885559082,29.889999389648438,24.450000762939453,2.700000047683716,13.930000305175781,,21.260000228881836,,,2.9000000953674316,1.7899999618530273,,4.599999904632568,,7.199999809265137,,,17.360000610351562,12.489999771118164,,,29.520000457763672,20.8700008392334,25.139999389648438,,2.0399999618530273,,26.030000686645508,,,11.0600004196167,26.0,20.59000015258789,,,,12.65999984741211,11.630000114440918,,,,,,24.049999237060547,12.729999542236328,10.4399995803833,,29.610000610351562,30.09000015258789,15.489999771118164,12.670000076293945,,19.850000381469727,11.020000457763672,23.3700008392334,,,,16.440000534057617,,27.93000030517578,5.639999866485596,30.079999923706055,,17.270000457763672,20.760000228881836,5.329999923706055,16.65999984741211,8.729999542236328,26.920000076293945,18.8700008392334,13.399999618530273,,,15.600000381469727,,16.829999923706055,31.15999984741211,22.729999542236328,,17.700000762939453,,27.350000381469727,,13.09000015258789,30.899999618530273,3.130000114440918,23.719999313354492,,5.889999866485596,6.980000019073486,14.84000015258789,18.959999084472656,,16.229999542236328,14.039999961853027,1.4600000381469727,,8.329999923706055,,,20.25,,,31.979999542236328,2.0799999237060547,3.7699999809265137,4.869999885559082,,16.09000015258789,1.0099999904632568,10.239999771118164,10.710000038146973,,,2024-08-05,2024Q3
2024-08-06,34.099998474121094,18.43000030517578,13.130000114440918,11.84000015258789,17.1299991607666,,21.920000076293945,22.760000228881836,,8.460000038146973,24.059999465942383,,25.1200008392334,,,,,,20.25,23.149999618530273,,,18.540000915527344,9.100000381469727,,23.8799991607666,7.0,,17.510000228881836,12.390000343322754,,,24.639999389648438,16.540000915527344,,,17.40999984741211,28.709999084472656,7.159999847412109,,30.1299991607666,7.03000020980835,7.050000190734863,,7.110000133514404,14.859999656677246,,20.1299991607666,25.709999084472656,7.590000152587891,29.68000030517578,,,0.8100000023841858,,3.609999895095825,6.980000019073486,,23.989999771118164,5.489999771118164,0.9200000166893005,9.140000343322754,19.963777542114258,12.670000076293945,2.640000104904175,,12.680000305175781,21.170000076293945,,,11.890000343322754,,20.639999389648438,24.989999771118164,,11.510000228881836,29.229999542236328,23.68000030517578,2.6600000858306885,13.899999618530273,,20.200000762939453,,,2.9600000381469727,1.7799999713897705,,4.510000228881836,,7.099999904632568,,,17.200000762939453,12.239999771118164,,,29.459999084472656,20.899999618530273,24.700000762939453,,2.0399999618530273,,25.979999542236328,,,10.850000381469727,25.190000534057617,20.170000076293945,,,,12.210000038146973,11.649999618530273,,,,,,23.219999313354492,12.199999809265137,10.229999542236328,,28.5,30.43000030517578,15.739999771118164,12.149999618530273,,19.399999618530273,10.699999809265137,23.299999237060547,,,,15.609999656677246,,26.8799991607666,5.579999923706055,30.1200008392334,,16.940000534057617,20.34000015258789,5.269999980926514,16.799999237060547,8.609999656677246,26.860000610351562,18.209999084472656,13.130000114440918,,,15.119999885559082,,16.68000030517578,29.860000610351562,21.719999313354492,,17.329999923706055,,27.170000076293945,,12.989999771118164,30.020000457763672,3.0999999046325684,22.6200008392334,,5.619999885559082,6.980000019073486,15.220000267028809,18.3700008392334,,15.829999923706055,14.739999771118164,1.3899999856948853,,8.15999984741211,,,19.959999084472656,,,33.13999938964844,2.049999952316284,3.690000057220459,4.889999866485596,,15.869999885559082,1.0299999713897705,10.380000114440918,11.220000267028809,,,2024-08-06,2024Q3
2024-08-07,34.97999954223633,17.899999618530273,13.210000038146973,11.890000343322754,18.3799991607666,,22.559999465942383,22.850000381469727,,9.300000190734863,25.170000076293945,,26.5,,,,,,19.229999542236328,23.610000610351562,,,19.147499084472656,8.989999771118164,,23.739999771118164,6.909999847412109,,17.850000381469727,12.210000038146973,,,24.139999389648438,16.860000610351562,,,17.719999313354492,29.770000457763672,7.869999885559082,,28.65999984741211,7.150000095367432,7.260000228881836,,7.179999828338623,15.029999732971191,,20.8700008392334,25.709999084472656,8.34000015258789,29.559999465942383,,,0.8100000023841858,,3.7200000286102295,7.230000019073486,,24.43000030517578,5.380000114440918,0.9599999785423279,9.1899995803833,21.8796329498291,13.930000305175781,2.7699999809265137,,12.869999885559082,21.90999984741211,,,12.3100004196167,,21.40999984741211,25.239999771118164,,11.34000015258789,29.040000915527344,24.59000015258789,2.75,14.180000305175781,,22.219999313354492,,,3.0299999713897705,1.8300000429153442,,4.5,,6.739999771118164,,,17.520000457763672,11.989999771118164,,,30.700000762939453,22.489999771118164,25.049999237060547,,2.0899999141693115,,25.860000610351562,,,11.119999885559082,25.760000228881836,19.799999237060547,,,,13.029999732971191,11.789999961853027,,,,,,24.040000915527344,12.149999618530273,10.020000457763672,,29.209999084472656,31.329999923706055,15.579999923706055,12.819999694824219,,20.299999237060547,11.079999923706055,23.790000915527344,,,,16.360000610351562,,28.0,5.630000114440918,29.190000534057617,,17.56999969482422,20.299999237060547,5.320000171661377,16.90999984741211,8.90999984741211,27.030000686645508,18.790000915527344,13.350000381469727,,,15.149999618530273,,17.670000076293945,30.229999542236328,21.93000030517578,,17.6299991607666,,26.989999771118164,,13.279999732971191,31.290000915527344,3.1600000858306885,23.260000228881836,,5.900000095367432,7.320000171661377,15.670000076293945,19.75,,16.3700008392334,14.4399995803833,1.440000057220459,,7.989999771118164,,,21.8799991607666,,,32.84000015258789,2.049999952316284,3.819999933242798,5.059999942779541,,16.200000762939453,1.0499999523162842,10.079999923706055,10.989999771118164,,,2024-08-07,2024Q3
2024-08-08,34.75,17.93000030517578,12.979999542236328,11.6899995803833,17.899999618530273,,23.149999618530273,22.280000686645508,,9.670000076293945,24.889999389648438,,27.489999771118164,,,,,,18.260000228881836,24.06999969482422,,,19.514999389648438,8.65999984741211,,23.790000915527344,6.880000114440918,,17.469999313354492,12.34000015258789,,,23.649999618530273,17.350000381469727,,,17.860000610351562,30.18000030517578,7.690000057220459,,29.06999969482422,7.090000152587891,7.159999847412109,,7.190000057220459,14.9399995803833,,20.010000228881836,25.309999465942383,8.319999694824219,28.280000686645508,,,0.8199999928474426,,3.700000047683716,7.110000133514404,,24.6200008392334,5.269999980926514,1.0,9.210000038146973,21.490907669067383,15.069999694824219,2.809999942779541,,12.979999542236328,21.469999313354492,,,12.279999732971191,,21.290000915527344,25.40999984741211,,11.180000305175781,30.469999313354492,23.989999771118164,2.740000009536743,14.210000038146973,,24.440000534057617,,,3.059999942779541,1.7999999523162842,,4.539999961853027,,6.489999771118164,,,16.979999542236328,11.75,,,29.959999084472656,22.540000915527344,25.299999237060547,,2.059999942779541,,26.219999313354492,,,10.930000305175781,26.829999923706055,19.399999618530273,,,,13.420000076293945,11.75,,,,,,24.06999969482422,12.109999656677246,9.8100004196167,,28.829999923706055,31.579999923706055,15.449999809265137,12.880000114440918,,20.1200008392334,10.979999542236328,23.549999237060547,,,,16.020000457763672,,28.84000015258789,5.730000019073486,30.190000534057617,,17.729999542236328,19.899999618530273,5.630000114440918,17.450000762939453,8.899999618530273,27.229999542236328,18.540000915527344,13.100000381469727,,,15.239999771118164,,18.329999923706055,31.690000534057617,21.600000381469727,,17.440000534057617,,26.920000076293945,,13.039999961853027,30.65999984741211,3.140000104904175,23.559999465942383,,6.059999942779541,7.130000114440918,15.670000076293945,19.780000686645508,,16.360000610351562,14.149999618530273,1.5,,7.829999923706055,,,21.75,,,33.83000183105469,2.049999952316284,3.9100000858306885,5.119999885559082,,16.190000534057617,1.0700000524520874,9.899999618530273,10.770000457763672,,,2024-08-08,2024Q3
2024-08-09,34.0,17.43000030517578,13.039999961853027,11.380000114440918,17.579999923706055,,22.739999771118164,23.1200008392334,,9.0600004196167,24.65999984741211,,28.020000457763672,,,,,,17.979999542236328,24.299999237060547,,,19.545000076293945,8.670000076293945,,23.850000381469727,6.489999771118164,,17.75,12.09000015258789,,,23.170000076293945,17.209999084472656,,,17.65999984741211,29.959999084472656,7.610000133514404,,27.700000762939453,7.039999961853027,7.25,,7.159999847412109,15.010000228881836,,19.950000762939453,25.0,8.3100004196167,27.299999237060547,,,0.800000011920929,,3.6600000858306885,7.0,,24.709999084472656,5.159999847412109,0.9800000190734863,9.279999732971191,21.888887405395508,14.710000038146973,2.809999942779541,,13.039999961853027,21.719999313354492,,,12.09000015258789,,21.1299991607666,25.170000076293945,,11.050000190734863,29.610000610351562,23.65999984741211,2.690000057220459,14.199999809265137,,25.520000457763672,,,3.049999952316284,1.7999999523162842,,4.630000114440918,,6.769999980926514,,,17.040000915527344,11.510000228881836,,,29.799999237060547,22.40999984741211,25.360000610351562,,2.049999952316284,,26.469999313354492,,,10.850000381469727,26.280000686645508,19.290000915527344,,,,13.729999542236328,11.579999923706055,,,,,,24.450000762939453,12.430000305175781,9.609999656677246,,28.270000457763672,31.350000381469727,15.550000190734863,12.880000114440918,,21.829999923706055,10.850000381469727,23.739999771118164,,,,15.930000305175781,,31.719999313354492,6.289999961853027,29.329999923706055,,17.610000610351562,20.149999618530273,5.400000095367432,16.829999923706055,8.699999809265137,28.670000076293945,18.40999984741211,13.359999656677246,,,15.600000381469727,,17.81999969482422,32.70000076293945,21.6200008392334,,17.540000915527344,,26.190000534057617,,13.039999961853027,30.549999237060547,3.130000114440918,22.959999084472656,,5.96999979019165,7.360000133514404,15.479999542236328,19.540000915527344,,16.030000686645508,13.859999656677246,1.5099999904632568,,7.670000076293945,,,21.899999618530273,,,34.029998779296875,2.0899999141693115,3.950000047683716,5.059999942779541,,16.079999923706055,1.0700000524520874,9.859999656677246,10.550000190734863,,,2024-08-09,2024Q3
2024-08-12,33.84000015258789,16.549999237060547,13.199999809265137,11.119999885559082,17.399999618530273,,23.139999389648438,23.350000381469727,,8.960000038146973,24.450000762939453,,27.549999237060547,,,,,,17.3700008392334,24.0,,,18.65250015258789,8.710000038146973,,23.90999984741211,6.809999942779541,,17.700000762939453,12.210000038146973,,,22.719999313354492,16.799999237060547,,,17.09000015258789,29.25,7.409999847412109,,28.700000762939453,7.099999904632568,7.260000228881836,,7.110000133514404,14.979999542236328,,19.59000015258789,24.5,8.270000457763672,28.059999465942383,,,0.800000011920929,,3.680000066757202,7.190000057220459,,26.520000457763672,5.159999847412109,0.9599999785423279,9.369999885559082,22.046228408813477,13.960000038146973,2.7300000190734863,,12.930000305175781,21.350000381469727,,,11.920000076293945,,19.979999542236328,24.899999618530273,,10.84000015258789,28.8700008392334,24.809999465942383,3.0899999141693115,14.3100004196167,,24.239999771118164,,,3.009999990463257,1.7799999713897705,,4.679999828338623,,6.929999828338623,,,16.8799991607666,11.270000457763672,,,28.40999984741211,22.06999969482422,25.030000686645508,,2.0199999809265137,,26.420000076293945,,,10.449999809265137,25.6200008392334,19.670000076293945,,,,14.220000267028809,12.140000343322754,,,,,,24.190000534057617,12.119999885559082,9.670000076293945,,27.5,32.31999969482422,15.470000267028809,12.65999984741211,,21.3799991607666,11.020000457763672,23.8700008392334,,,,15.760000228881836,,31.280000686645508,6.909999847412109,29.84000015258789,,17.34000015258789,19.389999389648438,5.369999885559082,16.829999923706055,9.399999618530273,30.969999313354492,18.940000534057617,14.020000457763672,,,15.210000038146973,,17.049999237060547,31.360000610351562,22.049999237060547,,19.290000915527344,,26.3700008392334,,12.989999771118164,30.780000686645508,3.130000114440918,23.139999389648438,,5.960000038146973,7.179999828338623,15.979999542236328,19.399999618530273,,16.040000915527344,13.579999923706055,1.5299999713897705,,7.510000228881836,,,22.0,,,33.939998626708984,2.1600000858306885,3.940000057220459,5.010000228881836,,16.18000030517578,1.059999942779541,10.020000457763672,10.329999923706055,,,2024-08-12,2024Q3
2024-08-13,33.439998626708984,17.3700008392334,13.09000015258789,11.069999694824219,17.309999465942383,,22.40999984741211,23.1200008392334,,8.729999542236328,25.139999389648438,,27.139999389648438,,,,,,16.5,23.520000457763672,,,18.502500534057617,8.920000076293945,,24.1299991607666,6.920000076293945,,17.649999618530273,12.300000190734863,,,22.260000228881836,16.610000610351562,,,16.579999923706055,30.059999465942383,7.119999885559082,,26.190000534057617,7.050000190734863,7.260000228881836,,7.050000190734863,14.579999923706055,,19.829999923706055,24.149999618530273,7.71999979019165,27.239999771118164,,,0.7900000214576721,,3.6600000858306885,7.139999866485596,,25.389999389648438,5.050000190734863,0.9399999976158142,9.210000038146973,21.299999237060547,14.0,2.690000057220459,,12.789999961853027,21.229999542236328,,,11.510000228881836,,19.450000762939453,24.950000762939453,,10.970000267028809,27.420000076293945,23.959999084472656,2.9100000858306885,14.020000457763672,,23.020000457763672,,,3.009999990463257,1.7599999904632568,,4.579999923706055,,6.860000133514404,,,16.8799991607666,11.039999961853027,,,28.790000915527344,21.479999542236328,24.8700008392334,,2.009999990463257,,25.110000610351562,,,10.170000076293945,26.899999618530273,20.059999465942383,,,,13.760000228881836,12.739999771118164,,,,,,23.329999923706055,12.550000190734863,9.470000267028809,,26.639999389648438,31.209999084472656,14.960000038146973,12.4399995803833,,20.309999465942383,10.890000343322754,24.010000228881836,,,,15.520000457763672,,29.540000915527344,7.599999904632568,28.850000381469727,,17.110000610351562,18.739999771118164,5.179999828338623,16.639999389648438,9.199999809265137,31.399999618530273,18.190000534057617,13.3100004196167,,,15.0600004196167,,16.979999542236328,29.93000030517578,21.719999313354492,,21.209999084472656,,26.020000457763672,,12.899999618530273,29.93000030517578,3.069999933242798,22.1299991607666,,5.760000228881836,6.949999809265137,15.770000457763672,19.06999969482422,,15.569999694824219,13.300000190734863,1.4600000381469727,,7.349999904632568,,,21.6299991607666,,,32.9900016784668,2.069999933242798,3.869999885559082,4.960000038146973,,16.18000030517578,1.0800000429153442,9.9399995803833,10.119999885559082,,,2024-08-13,2024Q3
2024-08-14,33.099998474121094,17.90999984741211,12.670000076293945,10.84000015258789,16.8700008392334,,22.34000015258789,22.559999465942383,,8.720000267028809,25.469999313354492,,26.020000457763672,,,,,,15.670000076293945,23.040000915527344,,,18.127500534057617,8.680000305175781,,23.75,7.119999885559082,,17.520000457763672,12.90999984741211,,,21.81999969482422,16.18000030517578,,,16.559999465942383,29.270000457763672,6.800000190734863,,26.520000457763672,6.900000095367432,7.159999847412109,,7.010000228881836,14.510000228881836,,19.450000762939453,24.6299991607666,7.670000076293945,26.209999084472656,,,0.7900000214576721,,3.6700000762939453,7.03000020980835,,25.149999618530273,4.940000057220459,0.9100000262260437,9.260000228881836,21.260000228881836,13.770000457763672,2.6600000858306885,,12.350000381469727,20.829999923706055,,,11.369999885559082,,19.020000457763672,24.459999084472656,,10.84000015258789,26.760000228881836,23.700000762939453,2.8499999046325684,13.989999771118164,,21.90999984741211,,,3.0,1.7300000190734863,,4.579999923706055,,6.510000228881836,,,16.850000381469727,10.8100004196167,,,28.329999923706055,21.479999542236328,24.719999313354492,,2.0,,24.690000534057617,,,10.020000457763672,28.239999771118164,20.459999084472656,,,,13.140000343322754,13.369999885559082,,,,,,23.06999969482422,12.180000305175781,9.279999732971191,,24.969999313354492,29.979999542236328,15.079999923706055,12.25,,19.940000534057617,10.729999542236328,23.209999084472656,,,,15.180000305175781,,28.690000534057617,7.980000019073486,28.459999084472656,,16.520000457763672,18.969999313354492,5.170000076293945,16.350000381469727,8.989999771118164,31.549999237060547,17.90999984741211,12.640000343322754,,,14.970000267028809,,16.8799991607666,28.829999923706055,21.059999465942383,,22.299999237060547,,24.639999389648438,,12.869999885559082,29.549999237060547,2.990000009536743,21.3799991607666,,5.690000057220459,6.889999866485596,15.670000076293945,18.93000030517578,,15.850000381469727,13.029999732971191,1.409999966621399,,7.199999809265137,,,21.0,,,32.900001525878906,2.0,3.809999942779541,4.909999847412109,,16.290000915527344,1.100000023841858,9.84000015258789,9.90999984741211,,,2024-08-14,2024Q3
2024-08-16,33.61000061035156,18.0,12.84000015258789,10.649999618530273,16.81999969482422,,23.3799991607666,22.59000015258789,,9.119999885559082,24.950000762939453,,28.6200008392334,,,,,,15.899999618530273,23.040000915527344,,,18.059999465942383,8.710000038146973,,23.850000381469727,6.730000019073486,,18.389999389648438,13.359999656677246,,,21.450000762939453,16.3700008392334,,,16.34000015258789,29.040000915527344,6.730000019073486,,26.600000381469727,6.880000114440918,7.210000038146973,,7.010000228881836,14.510000228881836,,19.34000015258789,25.1200008392334,7.989999771118164,26.040000915527344,,,0.7799999713897705,,3.6500000953674316,6.949999809265137,,24.989999771118164,4.840000152587891,0.9300000071525574,9.229999542236328,21.399999618530273,13.960000038146973,2.740000009536743,,12.170000076293945,20.770000457763672,,,11.989999771118164,,19.280000686645508,24.860000610351562,,10.890000343322754,27.079999923706055,23.510000228881836,2.8499999046325684,14.069999694824219,,22.100000381469727,,,3.009999990463257,1.649999976158142,,4.480000019073486,,6.28000020980835,,,17.15999984741211,10.59000015258789,,,28.3799991607666,22.84000015258789,24.8700008392334,,2.0299999713897705,,25.040000915527344,,,10.420000076293945,28.700000762939453,20.860000610351562,,,,13.350000381469727,13.960000038146973,,,,,,23.440000534057617,12.1899995803833,9.09000015258789,,26.239999771118164,30.040000915527344,15.100000381469727,11.789999961853027,,20.110000610351562,10.5600004196167,23.170000076293945,,,,15.25,,28.829999923706055,7.579999923706055,28.6200008392334,,16.93000030517578,19.170000076293945,5.119999885559082,16.200000762939453,8.850000381469727,31.459999084472656,18.389999389648438,12.510000228881836,,,14.770000457763672,,16.979999542236328,28.420000076293945,21.59000015258789,,21.18000030517578,,24.760000228881836,,12.960000038146973,29.809999465942383,3.009999990463257,22.440000534057617,,5.610000133514404,7.150000095367432,15.520000457763672,18.90999984741211,,15.149999618530273,12.760000228881836,1.3899999856948853,,7.050000190734863,,,21.079999923706055,,,32.43000030517578,2.059999942779541,3.799999952316284,4.929999828338623,,15.970000267028809,1.1200000047683716,9.819999694824219,9.710000038146973,,,2024-08-16,2024Q3
2024-08-19,34.439998626708984,18.770000457763672,12.930000305175781,11.180000305175781,16.75,,23.440000534057617,22.229999542236328,,9.270000457763672,25.8799991607666,,31.479999542236328,,,,,,16.420000076293945,23.739999771118164,,,17.767499923706055,8.760000228881836,,23.719999313354492,6.96999979019165,,19.299999237060547,13.829999923706055,,,21.139999389648438,16.850000381469727,,,17.040000915527344,29.209999084472656,6.650000095367432,,27.770000457763672,6.949999809265137,7.190000057220459,,7.079999923706055,14.550000190734863,,19.489999771118164,25.6200008392334,8.770000457763672,26.889999389648438,,,0.7799999713897705,,3.6600000858306885,7.28000020980835,,25.299999237060547,4.739999771118164,0.9300000071525574,9.380000114440918,21.010000228881836,14.170000076293945,2.859999895095825,,12.770000457763672,21.030000686645508,,,11.8100004196167,,21.15999984741211,24.93000030517578,,11.430000305175781,27.790000915527344,23.700000762939453,2.9100000858306885,14.239999771118164,,22.440000534057617,,,3.059999942779541,1.7300000190734863,,4.429999828338623,,6.360000133514404,,,17.600000381469727,10.369999885559082,,,28.149999618530273,22.90999984741211,24.790000915527344,,2.0899999141693115,,25.770000457763672,,,10.670000076293945,29.110000610351562,21.899999618530273,,,,13.399999618530273,14.289999961853027,,,,,,23.940000534057617,12.020000457763672,8.949999809265137,,28.860000610351562,30.360000610351562,15.260000228881836,12.390000343322754,,22.389999389648438,11.210000038146973,23.639999389648438,,,,15.449999809265137,,29.670000076293945,7.239999771118164,28.219999313354492,,18.610000610351562,19.3799991607666,5.130000114440918,16.329999923706055,8.890000343322754,30.889999389648438,18.959999084472656,12.0600004196167,,,14.979999542236328,,16.739999771118164,28.25,21.239999771118164,,20.600000381469727,,25.889999389648438,,13.140000343322754,30.360000610351562,3.0999999046325684,23.219999313354492,,5.739999771118164,7.389999866485596,16.239999771118164,18.780000686645508,,15.380000114440918,12.5,1.440000057220459,,6.900000095367432,,,21.110000610351562,,,33.849998474121094,2.1500000953674316,3.819999933242798,4.909999847412109,,16.100000381469727,1.1299999952316284,10.029999732971191,9.609999656677246,,,2024-08-19,2024Q3
2024-08-20,35.0,19.700000762939453,12.819999694824219,11.729999542236328,16.729999542236328,,23.860000610351562,22.290000915527344,,9.0600004196167,27.1200008392334,,34.619998931884766,,,,,,16.40999984741211,23.190000534057617,,,17.797500610351562,8.770000457763672,,23.739999771118164,6.940000057220459,,20.260000228881836,13.489999771118164,,,21.020000457763672,16.799999237060547,,,17.239999771118164,33.47999954223633,6.980000019073486,,30.540000915527344,7.230000019073486,7.170000076293945,,7.079999923706055,14.579999923706055,,19.229999542236328,26.1299991607666,9.399999618530273,26.920000076293945,,,0.7799999713897705,,3.6700000762939453,7.630000114440918,,26.579999923706055,4.639999866485596,0.8899999856948853,9.270000457763672,21.0,14.180000305175781,2.809999942779541,,13.300000190734863,21.049999237060547,,,12.4399995803833,,21.31999969482422,25.049999237060547,,11.630000114440918,27.56999969482422,22.989999771118164,2.880000114440918,14.479999542236328,,23.299999237060547,,,3.0399999618530273,1.7699999809265137,,4.340000152587891,,6.289999961853027,,,17.270000457763672,10.270000457763672,,,29.280000686645508,22.219999313354492,25.059999465942383,,2.0999999046325684,,25.149999618530273,,,10.609999656677246,30.010000228881836,22.920000076293945,,,,13.149999618530273,14.420000076293945,,,,,,24.3799991607666,12.020000457763672,8.800000190734863,,29.229999542236328,30.920000076293945,15.25,12.220000267028809,,23.530000686645508,11.130000114440918,24.020000457763672,,,,15.510000228881836,,29.18000030517578,7.0,28.690000534057617,,19.190000534057617,19.610000610351562,5.21999979019165,16.139999389648438,8.84000015258789,31.8700008392334,19.059999465942383,11.449999809265137,,,14.949999809265137,,16.93000030517578,28.450000762939453,22.280000686645508,,20.1299991607666,,26.860000610351562,,13.15999984741211,30.329999923706055,3.0799999237060547,22.530000686645508,,5.789999961853027,7.71999979019165,16.280000686645508,19.010000228881836,,15.680000305175781,12.25,1.409999966621399,,6.760000228881836,,,21.100000381469727,,,33.22999954223633,2.2100000381469727,3.819999933242798,4.909999847412109,,16.329999923706055,1.0800000429153442,9.989999771118164,9.40999984741211,,,2024-08-20,2024Q3
2024-08-21,35.029998779296875,20.520000457763672,13.020000457763672,12.3100004196167,17.049999237060547,,23.649999618530273,22.469999313354492,,9.029999732971191,26.770000457763672,,34.09000015258789,,,,,,16.059999465942383,22.799999237060547,,,18.112499237060547,8.720000267028809,,23.860000610351562,6.980000019073486,,21.270000457763672,13.5,,,20.75,17.469999313354492,,,17.459999084472656,31.530000686645508,7.320000171661377,,28.559999465942383,7.28000020980835,7.170000076293945,,7.119999885559082,15.0,,20.56999969482422,26.649999618530273,8.984524726867676,26.899999618530273,,,0.8100000023841858,,3.75,8.010000228881836,,26.540000915527344,4.539999961853027,0.9300000071525574,9.359999656677246,23.100000381469727,14.180000305175781,2.7699999809265137,,13.329999923706055,21.459999084472656,,,13.210000038146973,,21.170000076293945,25.510000228881836,,11.729999542236328,26.190000534057617,23.270000457763672,2.859999895095825,14.739999771118164,,23.68000030517578,,,3.0299999713897705,1.7599999904632568,,4.25,,6.289999961853027,,,17.690000534057617,10.470000267028809,,,30.3700008392334,23.040000915527344,25.610000610351562,,2.059999942779541,,26.389999389648438,,,10.699999809265137,30.079999923706055,23.65999984741211,,,,13.270000457763672,14.149999618530273,,,,,,25.329999923706055,12.84000015258789,8.970000267028809,,29.34000015258789,30.360000610351562,15.170000076293945,12.460000038146973,,23.040000915527344,11.170000076293945,23.799999237060547,,,,16.280000686645508,,31.639999389648438,7.349999904632568,29.649999618530273,,19.170000076293945,20.59000015258789,5.179999828338623,16.670000076293945,8.890000343322754,30.93000030517578,22.8700008392334,12.020000457763672,,,15.100000381469727,,17.020000457763672,29.43000030517578,22.799999237060547,,20.110000610351562,,27.399999618530273,,13.4399995803833,30.979999542236328,3.0799999237060547,22.1299991607666,,5.570000171661377,7.690000057220459,19.06999969482422,19.06999969482422,,15.40999984741211,12.0,1.4800000190734863,,6.889999866485596,,,21.739999771118164,,,32.86000061035156,2.319999933242798,3.869999885559082,4.909999847412109,,16.290000915527344,1.100000023841858,10.15999984741211,9.350000381469727,,,2024-08-21,2024Q3
2024-08-22,35.41999816894531,20.100000381469727,12.970000267028809,12.920000076293945,17.239999771118164,,22.8700008392334,22.84000015258789,,8.880000114440918,28.239999771118164,,34.58000183105469,,,,,,16.770000457763672,22.989999771118164,,,18.360000610351562,8.770000457763672,,23.920000076293945,7.070000171661377,,21.649999618530273,13.229999542236328,,,20.34000015258789,17.8700008392334,,,17.93000030517578,31.280000686645508,7.679999828338623,,28.649999618530273,7.309999942779541,7.170000076293945,,7.119999885559082,15.399999618530273,,20.75,27.18000030517578,8.919821739196777,28.239999771118164,,,0.8500000238418579,,3.809999942779541,8.40999984741211,,26.299999237060547,4.539999961853027,0.9700000286102295,9.420000076293945,22.079999923706055,15.489999771118164,2.859999895095825,,13.020000457763672,21.59000015258789,,,13.020000457763672,,22.079999923706055,25.600000381469727,,11.6899995803833,25.450000762939453,23.670000076293945,2.9600000381469727,14.289999961853027,,24.540000915527344,,,3.0,1.7000000476837158,,4.159999847412109,,6.289999961853027,,,17.34000015258789,10.289999961853027,,,30.690000534057617,23.0,25.639999389648438,,2.059999942779541,,26.15999984741211,,,10.90999984741211,29.469999313354492,23.0,,,,14.59000015258789,14.399999618530273,,,,,,25.43000030517578,12.930000305175781,9.140000343322754,,32.27000045776367,30.450000762939453,15.359999656677246,12.550000190734863,,22.610000610351562,11.199999809265137,23.760000228881836,,,,16.559999465942383,,34.79999923706055,7.710000038146973,29.350000381469727,,19.0,21.610000610351562,5.190000057220459,16.829999923706055,8.859999656677246,30.739999771118164,21.6200008392334,12.619999885559082,,,15.239999771118164,,17.329999923706055,29.709999084472656,23.829999923706055,,19.84000015258789,,27.190000534057617,,13.449999809265137,31.030000686645508,3.049999952316284,21.829999923706055,,5.730000019073486,7.420000076293945,18.5,19.559999465942383,,16.010000228881836,11.760000228881836,1.5499999523162842,,7.019999980926514,,,21.489999771118164,,,33.209999084472656,2.430000066757202,3.9200000762939453,5.010000228881836,,16.31999969482422,1.100000023841858,10.59000015258789,9.170000076293945,,,2024-08-22,2024Q3
2024-08-23,35.459999084472656,19.690000534057617,12.899999618530273,12.75,18.510000228881836,,23.280000686645508,22.1299991607666,,8.970000267028809,28.780000686645508,,33.9900016784668,,,,,,17.600000381469727,22.739999771118164,,,18.329999923706055,8.8100004196167,,23.809999465942383,7.110000133514404,,21.299999237060547,12.960000038146973,,,19.93000030517578,17.43000030517578,,,18.0,31.399999618530273,8.0600004196167,,28.610000610351562,7.420000076293945,7.110000133514404,,7.139999866485596,15.109999656677246,,20.530000686645508,27.719999313354492,9.807182312011719,29.450000762939453,,,0.8199999928474426,,3.740000009536743,8.829999923706055,,27.34000015258789,4.630000114440918,0.9399999976158142,9.380000114440918,21.649999618530273,15.25,2.809999942779541,,13.0,21.360000610351562,,,12.890000343322754,,22.239999771118164,25.899999618530273,,11.880000114440918,26.1200008392334,23.459999084472656,2.9000000953674316,13.779999732971191,,25.209999084472656,,,2.9100000858306885,1.7200000286102295,,4.119999885559082,,6.210000038146973,,,18.989999771118164,10.100000381469727,,,31.049999237060547,26.280000686645508,25.559999465942383,,2.0799999237060547,,26.770000457763672,,,10.90999984741211,28.8799991607666,23.670000076293945,,,,16.020000457763672,14.399999618530273,,,,,,25.739999771118164,12.890000343322754,9.319999694824219,,33.880001068115234,30.350000381469727,15.329999923706055,12.369999885559082,,22.25,11.289999961853027,23.479999542236328,,,,16.25,,37.47999954223633,8.09000015258789,29.030000686645508,,18.489999771118164,22.290000915527344,5.320000171661377,16.719999313354492,8.869999885559082,30.959999084472656,25.489999771118164,13.25,,,15.289999961853027,,17.139999389648438,29.350000381469727,25.020000457763672,,20.059999465942383,,27.610000610351562,,13.369999885559082,30.690000534057617,3.059999942779541,22.110000610351562,,5.940000057220459,7.25,19.020000457763672,19.579999923706055,,16.260000228881836,11.520000457763672,1.5499999523162842,,7.159999847412109,,,21.3700008392334,,,32.83000183105469,2.549999952316284,3.9200000762939453,4.96999979019165,,16.270000457763672,1.090000033378601,10.65999984741211,9.109999656677246,,,2024-08-23,2024Q3
2024-08-26,35.540000915527344,19.290000915527344,13.119999885559082,12.489999771118164,19.010000228881836,,22.770000457763672,21.020000457763672,,8.90999984741211,28.239999771118164,,34.09000015258789,,,,,,18.420000076293945,22.969999313354492,,,18.397499084472656,9.6899995803833,,22.899999618530273,7.590000152587891,,20.8700008392334,12.850000381469727,,,19.850000381469727,17.260000228881836,,,17.899999618530273,30.920000076293945,8.1899995803833,,28.450000762939453,7.429999828338623,6.800000190734863,,6.28000020980835,14.869999885559082,,20.059999465942383,28.959999084472656,10.297079086303711,28.610000610351562,,,0.800000011920929,,3.680000066757202,9.270000457763672,,27.649999618530273,4.71999979019165,0.9399999976158142,9.3100004196167,21.469999313354492,15.680000305175781,2.7899999618530273,,13.40999984741211,21.329999923706055,,,12.989999771118164,,21.93000030517578,25.75,,12.470000267028809,25.530000686645508,24.059999465942383,2.880000114440918,13.09000015258789,,26.469999313354492,,,2.950000047683716,1.7000000476837158,,4.199999809265137,,6.199999809265137,,,19.56999969482422,9.90999984741211,,,31.34000015258789,27.969999313354492,25.110000610351562,,2.0899999141693115,,26.219999313354492,,,10.800000190734863,28.299999237060547,23.719999313354492,,,,15.449999809265137,14.680000305175781,,,,,,25.68000030517578,13.020000457763672,9.449999809265137,,35.56999969482422,30.709999084472656,15.460000038146973,12.369999885559082,,22.639999389648438,10.079999923706055,23.440000534057617,,,,15.930000305175781,,35.599998474121094,8.039999961853027,29.600000381469727,,17.770000457763672,24.510000228881836,5.849999904632568,16.469999313354492,8.8100004196167,30.510000228881836,26.100000381469727,13.90999984741211,,,16.809999465942383,,17.1200008392334,29.31999969482422,25.709999084472656,,20.170000076293945,,26.940000534057617,,14.300000190734863,30.739999771118164,3.0399999618530273,21.520000457763672,,5.940000057220459,7.320000171661377,20.520000457763672,19.1299991607666,,16.329999923706055,11.279999732971191,1.5499999523162842,,7.300000190734863,,,21.139999389648438,,,33.54999923706055,2.5999999046325684,3.869999885559082,4.949999809265137,,16.280000686645508,1.090000033378601,11.1899995803833,8.949999809265137,,,2024-08-26,2024Q3
2024-08-27,35.060001373291016,18.899999618530273,13.020000457763672,12.239999771118164,20.280000686645508,,22.6299991607666,21.270000457763672,,9.369999885559082,27.940000534057617,,34.0,,,,,,18.579999923706055,23.950000762939453,,,18.405000686645508,10.649999618530273,,23.1299991607666,7.739999771118164,,20.450000762939453,12.59000015258789,,,20.239999771118164,17.440000534057617,,,17.829999923706055,32.619998931884766,7.78000020980835,,28.229999542236328,7.400000095367432,6.590000152587891,,6.119999885559082,15.470000267028809,,19.709999084472656,27.780000686645508,10.805462837219238,28.399999618530273,,,0.7900000214576721,,3.7200000286102295,9.020000457763672,,27.329999923706055,4.809999942779541,0.9200000166893005,9.319999694824219,21.09000015258789,14.979999542236328,2.75,,13.180000305175781,21.40999984741211,,,13.6899995803833,,21.56999969482422,25.969999313354492,,13.09000015258789,25.219999313354492,24.540000915527344,2.8399999141693115,12.930000305175781,,27.790000915527344,,,2.930000066757202,1.690000057220459,,4.28000020980835,,6.199999809265137,,,19.309999465942383,10.050000190734863,,,31.229999542236328,26.100000381469727,25.030000686645508,,2.0799999237060547,,27.329999923706055,,,10.630000114440918,28.299999237060547,23.760000228881836,,,,15.369999885559082,14.380000114440918,,,,,,26.030000686645508,12.979999542236328,9.260000228881836,,33.790000915527344,30.65999984741211,16.6200008392334,12.4399995803833,,21.530000686645508,10.399999618530273,23.360000610351562,,,,15.949999809265137,,33.81999969482422,7.800000190734863,29.459999084472656,,17.479999542236328,22.889999389648438,6.429999828338623,16.65999984741211,8.859999656677246,30.59000015258789,25.329999923706055,14.579999923706055,,,16.290000915527344,,18.34000015258789,28.829999923706055,26.15999984741211,,19.8700008392334,,26.899999618530273,,14.199999809265137,30.450000762939453,3.0299999713897705,21.399999618530273,,5.940000057220459,7.389999866485596,21.770000457763672,19.110000610351562,,16.280000686645508,11.050000190734863,1.5499999523162842,,7.440000057220459,,,21.09000015258789,,,33.72999954223633,2.6500000953674316,3.8399999141693115,4.920000076293945,,16.219999313354492,1.0800000429153442,11.739999771118164,9.119999885559082,,,2024-08-27,2024Q3
2024-08-28,36.290000915527344,18.520000457763672,12.979999542236328,11.989999771118164,20.729999542236328,,22.34000015258789,21.360000610351562,,9.029999732971191,27.790000915527344,,33.369998931884766,,,,,,17.65999984741211,24.479999542236328,,,18.360000610351562,10.199999809265137,,25.3700008392334,7.510000228881836,,20.040000915527344,12.329999923706055,,,20.639999389648438,17.350000381469727,,,17.75,31.889999389648438,7.429999828338623,,28.0,7.460000038146973,6.900000095367432,,6.119999885559082,14.869999885559082,,19.809999465942383,26.389999389648438,10.574379920959473,28.0,,,0.7900000214576721,,3.759999990463257,8.869999885559082,,27.010000228881836,4.900000095367432,0.9300000071525574,9.529999732971191,21.139999389648438,14.680000305175781,2.7200000286102295,,13.149999618530273,21.239999771118164,,,14.3100004196167,,21.549999237060547,25.920000076293945,,13.739999771118164,25.020000457763672,24.309999465942383,3.009999990463257,13.100000381469727,,27.520000457763672,,,2.9200000762939453,1.7000000476837158,,4.329999923706055,,5.989999771118164,,,19.06999969482422,10.25,,,31.149999618530273,26.299999237060547,24.920000076293945,,2.0999999046325684,,27.65999984741211,,,10.449999809265137,27.729999542236328,23.93000030517578,,,,14.859999656677246,14.09000015258789,,,,,,25.643085479736328,13.0,9.100000381469727,,32.099998474121094,30.450000762939453,16.610000610351562,12.380000114440918,,20.979999542236328,10.5,21.75,,,,15.630000114440918,,32.119998931884766,7.989999771118164,28.829999923706055,,17.690000534057617,22.209999084472656,5.840000152587891,16.520000457763672,8.770000457763672,30.360000610351562,25.270000457763672,14.279999732971191,,,15.920000076293945,,17.65999984741211,28.829999923706055,25.079999923706055,,20.860000610351562,,26.729999542236328,,13.920000076293945,30.75,3.0199999809265137,21.329999923706055,,5.639999866485596,7.360000133514404,20.5,19.049999237060547,,16.0,11.25,1.6200000047683716,,7.579999923706055,,,21.229999542236328,,,34.59000015258789,2.700000047683716,3.809999942779541,4.920000076293945,,16.549999237060547,1.090000033378601,12.319999694824219,9.300000190734863,,,2024-08-28,2024Q3
2024-08-29,35.18000030517578,18.139999389648438,12.890000343322754,11.75,19.989999771118164,,21.829999923706055,21.610000610351562,,8.9399995803833,27.34000015258789,,31.81999969482422,,,,,,16.770000457763672,24.299999237060547,,,18.209999084472656,10.199999809265137,,24.739999771118164,7.179999828338623,,19.6299991607666,12.569999694824219,,,21.049999237060547,17.059999465942383,,,19.520000457763672,31.530000686645508,7.090000152587891,,27.520000457763672,7.260000228881836,6.940000057220459,,6.070000171661377,14.779999732971191,,18.790000915527344,25.06999969482422,10.407999992370605,27.450000762939453,,,0.7799999713897705,,3.7699999809265137,8.989999771118164,,26.280000686645508,4.800000190734863,0.9200000166893005,9.390000343322754,20.75,14.569999694824219,2.690000057220459,,12.569999694824219,21.280000686645508,,,13.579999923706055,,21.1200008392334,25.579999923706055,,14.420000076293945,24.459999084472656,24.360000610351562,3.0799999237060547,12.779999732971191,,27.270000457763672,,,2.9000000953674316,1.690000057220459,,4.409999847412109,,5.869999885559082,,,18.850000381469727,10.399999618530273,,,30.469999313354492,25.209999084472656,24.90999984741211,,2.069999933242798,,27.75,,,10.229999542236328,27.170000076293945,23.610000610351562,,,,14.420000076293945,13.899999618530273,,,,,,25.024351119995117,12.869999885559082,9.279999732971191,,30.489999771118164,30.309999465942383,16.190000534057617,12.319999694824219,,20.729999542236328,10.489999771118164,21.790000915527344,,,,15.930000305175781,,31.84000015258789,7.659999847412109,28.350000381469727,,17.700000762939453,22.700000762939453,5.789999961853027,16.1299991607666,8.739999771118164,30.360000610351562,24.459999084472656,13.989999771118164,,,16.540000915527344,,17.540000915527344,28.1299991607666,25.1200008392334,,21.899999618530273,,26.420000076293945,,14.199999809265137,30.229999542236328,3.009999990463257,21.1299991607666,,5.670000076293945,7.389999866485596,19.940000534057617,18.950000762939453,,16.690000534057617,11.029999732971191,1.6200000047683716,,7.730000019073486,,,20.950000762939453,,,34.06999969482422,2.75,3.7799999713897705,4.889999866485596,,18.209999084472656,1.0800000429153442,12.930000305175781,9.109999656677246,,,2024-08-29,2024Q3
2024-08-30,35.099998474121094,17.770000457763672,12.890000343322754,11.510000228881836,19.3799991607666,,21.799999237060547,21.260000228881836,,8.84000015258789,27.25,,32.31999969482422,,,,,,17.600000381469727,24.950000762939453,,,18.157499313354492,10.09000015258789,,26.979999542236328,7.300000190734863,,19.229999542236328,12.8100004196167,,,21.469999313354492,16.959999084472656,,,21.469999313354492,31.09000015258789,7.429999828338623,,28.15999984741211,7.190000057220459,7.46999979019165,,6.070000171661377,14.75,,19.079999923706055,26.290000915527344,10.359999656677246,26.979999542236328,,,0.7900000214576721,,3.7100000381469727,8.630000114440918,,26.280000686645508,4.699999809265137,0.9200000166893005,9.390000343322754,20.739999771118164,14.100000381469727,2.6700000762939453,,12.399999618530273,21.110000610351562,,,13.5,,21.010000228881836,25.1200008392334,,14.420000076293945,24.8799991607666,23.809999465942383,2.4600000381469727,12.75,,28.6200008392334,,,2.819999933242798,1.6799999475479126,,4.489999771118164,,5.889999866485596,,,18.790000915527344,10.539999961853027,,,30.1299991607666,26.0,25.469999313354492,,2.0799999237060547,,27.40999984741211,,,10.300000190734863,26.6200008392334,23.950000762939453,,,,14.420000076293945,13.6899995803833,,,,,,25.54487419128418,13.479999542236328,9.199999809265137,,28.959999084472656,30.329999923706055,16.059999465942383,12.300000190734863,,20.979999542236328,10.369999885559082,23.270000457763672,,,,16.200000762939453,,31.90999984741211,7.940000057220459,27.639999389648438,,17.739999771118164,23.1299991607666,5.909999847412109,16.139999389648438,8.699999809265137,31.299999237060547,25.780000686645508,13.710000038146973,,,16.3700008392334,,17.239999771118164,28.010000228881836,25.110000610351562,,22.989999771118164,,25.719999313354492,,13.960000038146973,30.15999984741211,2.9700000286102295,20.809999465942383,,5.880000114440918,7.460000038146973,20.6299991607666,18.950000762939453,,16.1299991607666,10.800000190734863,1.5800000429153442,,7.880000114440918,,,20.540000915527344,,,33.2400016784668,2.799999952316284,3.7699999809265137,4.880000114440918,,18.440000534057617,1.0800000429153442,13.5,8.920000076293945,,,2024-08-30,2024Q3
2024-09-02,34.150001525878906,17.40999984741211,12.600000381469727,11.270000457763672,19.309999465942383,,21.5,21.030000686645508,,8.729999542236328,26.100000381469727,,31.139999389648438,,,,,,17.110000610351562,23.889999389648438,,,18.022499084472656,9.479999542236328,,27.329999923706055,7.090000152587891,,18.84000015258789,13.0,,,21.889999389648438,16.979999542236328,,,23.610000610351562,30.84000015258789,7.800000190734863,,28.219999313354492,7.150000095367432,7.420000076293945,,5.960000038146973,14.609999656677246,,18.40999984741211,26.329999923706055,9.949999809265137,26.3700008392334,,,0.7799999713897705,,3.680000066757202,8.1899995803833,,26.299999237060547,4.789999961853027,0.8999999761581421,9.359999656677246,20.530000686645508,13.729999542236328,2.609999895095825,,12.819999694824219,20.889999389648438,,,13.260000228881836,,20.530000686645508,25.149999618530273,,13.869999885559082,24.149999618530273,24.200000762939453,2.4100000858306885,12.550000190734863,,30.049999237060547,,,2.8299999237060547,1.6699999570846558,,4.710000038146973,,5.710000038146973,,,19.100000381469727,10.329999923706055,,,30.040000915527344,26.219999313354492,24.729999542236328,,2.059999942779541,,27.59000015258789,,,10.180000305175781,26.079999923706055,23.030000686645508,,,,14.880000114440918,13.5,,,,,,24.199373245239258,13.039999961853027,9.380000114440918,,30.399999618530273,29.75,16.020000457763672,12.149999618530273,,22.139999389648438,10.520000457763672,22.6299991607666,,,,15.84000015258789,,32.220001220703125,8.020000457763672,28.31999969482422,,18.030000686645508,22.139999389648438,5.860000133514404,16.309999465942383,8.59000015258789,31.479999542236328,25.920000076293945,13.460000038146973,,,15.720000267028809,,17.479999542236328,28.020000457763672,24.690000534057617,,23.770000457763672,,25.920000076293945,,13.8100004196167,29.860000610351562,2.950000047683716,20.81999969482422,,5.630000114440918,7.380000114440918,20.65999984741211,18.739999771118164,,16.030000686645508,10.579999923706055,1.5199999809265137,,7.480000019073486,,,20.56999969482422,,,32.58000183105469,2.8499999046325684,3.799999952316284,4.889999866485596,,17.84000015258789,1.1799999475479126,13.600000381469727,8.739999771118164,,,2024-09-02,2024Q3
2024-09-03,33.810001373291016,17.75,12.40999984741211,11.039999961853027,19.170000076293945,,21.329999923706055,21.690000534057617,,9.09000015258789,26.0,,30.350000381469727,,,,,,17.100000381469727,24.200000762939453,,,18.045000076293945,9.6899995803833,,26.549999237060547,7.110000133514404,,18.459999084472656,13.050000190734863,,,22.31999969482422,16.829999923706055,,,22.610000610351562,31.889999389648438,7.869999885559082,,27.510000228881836,7.179999828338623,7.269999980926514,,5.909999847412109,14.420000076293945,,18.450000762939453,25.579999923706055,9.460000038146973,26.75,,,0.7900000214576721,,3.6600000858306885,7.78000020980835,,25.600000381469727,4.690000057220459,0.8999999761581421,9.1899995803833,20.15999984741211,14.100000381469727,2.609999895095825,,12.829999923706055,20.65999984741211,,,13.0600004196167,,21.190000534057617,24.93000030517578,,13.170000076293945,24.040000915527344,24.020000457763672,2.509999990463257,12.630000114440918,,29.139999389648438,,,2.869999885559082,1.6799999475479126,,4.46999979019165,,5.690000057220459,,,18.809999465942383,10.300000190734863,,,29.889999389648438,25.56999969482422,24.399999618530273,,2.0799999237060547,,27.06999969482422,,,10.229999542236328,25.549999237060547,23.1200008392334,,,,14.880000114440918,13.229999542236328,,,,,,23.49224853515625,13.010000228881836,9.1899995803833,,31.100000381469727,29.59000015258789,15.930000305175781,12.15999984741211,,22.579999923706055,10.539999961853027,22.299999237060547,,,,15.779999732971191,,33.45000076293945,7.920000076293945,29.350000381469727,,18.030000686645508,21.729999542236328,5.909999847412109,16.510000228881836,8.569999694824219,31.549999237060547,25.739999771118164,13.399999618530273,,,15.9399995803833,,18.399999618530273,27.799999237060547,25.0,,23.780000686645508,,25.670000076293945,,13.890000343322754,29.549999237060547,2.9600000381469727,20.860000610351562,,5.46999979019165,7.269999980926514,19.969999313354492,18.530000686645508,,16.100000381469727,10.789999961853027,1.4700000286102295,,7.099999904632568,,,20.389999389648438,,,32.72999954223633,2.9000000953674316,3.7699999809265137,4.849999904632568,,17.8700008392334,1.2100000381469727,13.010000228881836,8.5600004196167,,,2024-09-03,2024Q3
2024-09-04,33.459999084472656,17.75,12.9399995803833,10.8100004196167,19.290000915527344,,21.149999618530273,21.440000534057617,,8.899999618530273,26.079999923706055,,30.549999237060547,,,,,,17.219999313354492,23.75,,,16.920000076293945,10.600000381469727,,27.56999969482422,7.070000171661377,,18.81999969482422,13.3100004196167,,,22.760000228881836,16.68000030517578,,,22.65999984741211,31.489999771118164,8.010000228881836,,27.739999771118164,7.039999961853027,7.289999961853027,,5.909999847412109,14.050000190734863,,18.260000228881836,25.729999542236328,9.930000305175781,26.229999542236328,,,0.7799999713897705,,3.6600000858306885,8.15999984741211,,25.59000015258789,4.78000020980835,0.8999999761581421,9.199999809265137,20.030000686645508,13.880000114440918,2.5899999141693115,,12.569999694824219,20.5,,,12.829999923706055,,20.90999984741211,24.899999618530273,,13.819999694824219,24.100000381469727,23.84000015258789,2.450000047683716,12.449999809265137,,28.700000762939453,,,2.8499999046325684,1.7200000286102295,,4.53000020980835,,5.769999980926514,,,18.850000381469727,10.100000381469727,,,30.670000076293945,24.940000534057617,24.149999618530273,,2.059999942779541,,27.139999389648438,,,10.260000228881836,25.030000686645508,17.74284553527832,,,,14.65999984741211,13.319999694824219,,,,,,23.551176071166992,12.989999771118164,9.140000343322754,,30.09000015258789,29.530000686645508,15.859999656677246,12.039999961853027,,22.010000228881836,11.5600004196167,22.290000915527344,,,,15.75,,35.119998931884766,7.690000057220459,28.850000381469727,,17.760000228881836,22.920000076293945,6.130000114440918,16.3700008392334,8.489999771118164,31.989999771118164,26.209999084472656,13.130000114440918,,,15.829999923706055,,18.979999542236328,27.729999542236328,24.020000457763672,,24.959999084472656,,26.600000381469727,,13.6899995803833,29.360000610351562,2.930000066757202,20.549999237060547,,5.449999809265137,7.400000095367432,20.889999389648438,18.389999389648438,,16.06999969482422,11.0,1.5399999618530273,,6.760000228881836,,,20.329999923706055,,,34.31999969482422,2.950000047683716,3.75,4.820000171661377,,17.709999084472656,1.159999966621399,13.65999984741211,8.380000114440918,,,2024-09-04,2024Q3
2024-09-05,33.36000061035156,17.399999618530273,12.869999885559082,10.59000015258789,18.84000015258789,,21.600000381469727,21.3799991607666,,8.850000381469727,26.34000015258789,,31.559999465942383,,,,,,17.309999465942383,24.260000228881836,,,16.094999313354492,10.25,,27.729999542236328,7.090000152587891,,19.149999618530273,13.399999618530273,,,22.65999984741211,16.84000015258789,,,22.5,31.809999465942383,8.100000381469727,,26.770000457763672,7.090000152587891,7.320000171661377,,6.150000095367432,14.229999542236328,,18.469999313354492,25.729999542236328,10.420000076293945,26.229999542236328,,,0.7699999809265137,,3.640000104904175,8.5600004196167,,25.420000076293945,4.869999885559082,0.8899999856948853,9.329999923706055,20.049999237060547,13.880000114440918,2.549999952316284,,12.4399995803833,20.940000534057617,,,14.069999694824219,,20.860000610351562,24.90999984741211,,13.579999923706055,24.229999542236328,23.59000015258789,2.450000047683716,12.470000267028809,,30.1299991607666,,,2.9200000762939453,1.7300000190734863,,4.659999847412109,,5.690000057220459,,,21.239999771118164,9.989999771118164,,,30.860000610351562,25.3799991607666,24.190000534057617,,2.0399999618530273,,28.489999771118164,,,10.239999771118164,24.520000457763672,17.523143768310547,,,,14.989999771118164,13.399999618530273,,,,,,23.511890411376953,13.359999656677246,9.119999885559082,,31.559999465942383,30.1200008392334,16.18000030517578,11.9399995803833,,21.979999542236328,13.869999885559082,22.43000030517578,,,,15.75,,36.869998931884766,8.069999694824219,28.649999618530273,,19.5,23.260000228881836,6.039999961853027,16.15999984741211,8.800000190734863,35.86000061035156,30.139999389648438,12.869999885559082,,,16.030000686645508,,18.540000915527344,27.649999618530273,24.969999313354492,,25.40999984741211,,26.780000686645508,,13.699999809265137,29.649999618530273,3.0199999809265137,21.559999465942383,,5.429999828338623,7.239999771118164,22.209999084472656,18.450000762939453,,15.6899995803833,10.779999732971191,1.559999942779541,,6.880000114440918,,,20.3799991607666,,,36.0,3.0,3.759999990463257,4.849999904632568,,17.829999923706055,1.1200000047683716,13.329999923706055,8.350000381469727,,,2024-09-05,2024Q3
2024-09-06,33.040000915527344,17.200000762939453,12.680000305175781,10.369999885559082,18.25,,21.059999465942383,20.889999389648438,,8.75,25.799999237060547,,31.170000076293945,,,,,,16.979999542236328,23.610000610351562,,,16.469999313354492,10.359999656677246,,27.040000915527344,7.199999809265137,,18.760000228881836,13.5,,,22.200000762939453,16.31999969482422,,,22.559999465942383,33.849998474121094,7.800000190734863,,27.31999969482422,7.079999923706055,7.210000038146973,,6.050000190734863,13.8100004196167,,18.280000686645508,25.100000381469727,10.470000267028809,26.09000015258789,,,0.7699999809265137,,3.609999895095825,8.979999542236328,,25.030000686645508,4.860000133514404,0.8799999952316284,9.3100004196167,19.989999771118164,13.529999732971191,2.450000047683716,,12.359999656677246,20.559999465942383,,,13.5600004196167,,20.459999084472656,24.530000686645508,,13.180000305175781,23.959999084472656,23.739999771118164,2.4200000762939453,12.180000305175781,,29.93000030517578,,,2.869999885559082,1.7799999713897705,,4.46999979019165,,5.550000190734863,,,20.8700008392334,9.789999961853027,,,30.3799991607666,25.190000534057617,25.280000686645508,,2.0399999618530273,,28.31999969482422,,,10.289999961853027,24.020000457763672,17.439807891845703,,,,14.880000114440918,13.5,,,,,,23.110000610351562,13.119999885559082,9.100000381469727,,29.979999542236328,29.489999771118164,15.619999885559082,12.020000457763672,,21.969999313354492,16.520000457763672,22.200000762939453,,,,15.369999885559082,,35.02000045776367,7.820000171661377,28.31999969482422,,19.389999389648438,23.200000762939453,5.900000095367432,16.18000030517578,9.680000305175781,35.33000183105469,29.600000381469727,12.609999656677246,,,15.600000381469727,,18.700000762939453,27.469999313354492,24.290000915527344,,26.329999923706055,,25.700000762939453,,13.449999809265137,29.1299991607666,2.940000057220459,21.049999237060547,,5.510000228881836,7.269999980926514,23.1299991607666,18.389999389648438,,15.529999732971191,10.5600004196167,1.5199999809265137,,6.630000114440918,,,20.139999389648438,,,35.650001525878906,2.940000057220459,3.7300000190734863,4.829999923706055,,17.399999618530273,1.090000033378601,12.720000267028809,8.199999809265137,,,2024-09-06,2024Q3
2024-09-09,32.81999969482422,16.850000381469727,12.430000305175781,10.300000190734863,18.43000030517578,,21.100000381469727,20.93000030517578,,8.720000267028809,25.40999984741211,,30.219999313354492,,,,,,17.0,23.459999084472656,,,17.15250015258789,10.380000114440918,,26.540000915527344,7.090000152587891,,19.1299991607666,13.229999542236328,,,23.059999465942383,17.920000076293945,,,23.18000030517578,32.9900016784668,7.679999828338623,,26.969999313354492,6.96999979019165,7.119999885559082,,5.909999847412109,14.020000457763672,,18.770000457763672,24.799999237060547,10.609999656677246,26.139999389648438,,,0.7599999904632568,,3.5899999141693115,9.229999542236328,,25.989999771118164,5.099999904632568,0.8600000143051147,9.25,19.969999313354492,13.329999923706055,2.380000114440918,,12.069999694824219,20.43000030517578,,,14.369999885559082,,20.31999969482422,24.290000915527344,,12.989999771118164,24.100000381469727,23.56999969482422,2.4000000953674316,11.920000076293945,,30.190000534057617,,,2.880000114440918,1.809999942779541,,4.239999771118164,,5.559999942779541,,,21.229999542236328,9.979999542236328,,,30.0,23.809999465942383,24.459999084472656,,2.0299999713897705,,28.65999984741211,,,10.109999656677246,23.530000686645508,17.432231903076172,,,,14.329999923706055,13.5,,,,,,22.719999313354492,13.420000076293945,9.109999656677246,,30.989999771118164,28.389999389648438,15.75,12.020000457763672,,21.790000915527344,14.859999656677246,22.18000030517578,,,,15.130000114440918,,33.2599983215332,7.690000057220459,28.579999923706055,,20.93000030517578,25.520000457763672,5.860000133514404,16.139999389648438,10.640000343322754,34.720001220703125,30.280000686645508,12.350000381469727,,,15.510000228881836,,18.170000076293945,27.469999313354492,23.649999618530273,,25.010000228881836,,24.950000762939453,,13.260000228881836,29.079999923706055,2.930000066757202,20.450000762939453,,5.429999828338623,7.159999847412109,26.770000457763672,18.3799991607666,,14.84000015258789,10.40999984741211,1.4500000476837158,,6.460000038146973,,,19.90999984741211,,,36.9900016784668,2.880000114440918,3.690000057220459,4.809999942779541,,17.219999313354492,1.0700000524520874,12.729999542236328,8.359999656677246,,,2024-09-09,2024Q3
2024-09-10,33.16999816894531,17.0,12.829999923706055,10.399999618530273,18.170000076293945,,22.59000015258789,20.200000762939453,,8.850000381469727,26.079999923706055,,30.299999237060547,,,,,,17.850000381469727,24.360000610351562,,,16.709999084472656,10.380000114440918,,27.010000228881836,7.139999866485596,,19.510000228881836,12.960000038146973,,,22.1200008392334,18.329999923706055,,,22.440000534057617,36.529998779296875,7.659999847412109,,26.829999923706055,7.019999980926514,6.96999979019165,,5.96999979019165,14.109999656677246,,18.850000381469727,26.040000915527344,10.350000381469727,25.739999771118164,,,0.7699999809265137,,3.7699999809265137,8.789999961853027,,25.670000076293945,5.349999904632568,0.8700000047683716,9.40999984741211,20.1299991607666,13.890000343322754,2.490000009536743,,12.130000114440918,21.3700008392334,,,14.399999618530273,,20.489999771118164,24.760000228881836,,13.170000076293945,23.93000030517578,23.729999542236328,2.440000057220459,12.260000228881836,,30.09000015258789,,,2.9000000953674316,1.840000033378601,,4.380000114440918,,5.510000228881836,,,21.149999618530273,10.170000076293945,,,30.260000228881836,23.760000228881836,24.3700008392334,,2.0299999713897705,,28.3700008392334,,,10.180000305175781,23.049999237060547,17.606477737426758,,,,14.539999961853027,13.5,,,,,,22.600000381469727,13.510000228881836,9.0600004196167,,31.239999771118164,28.75,15.670000076293945,12.029999732971191,,21.950000762939453,14.079999923706055,22.209999084472656,,,,15.699999809265137,,32.25,7.670000076293945,28.100000381469727,,21.610000610351562,26.079999923706055,5.800000190734863,16.31999969482422,11.699999809265137,35.38999938964844,32.33000183105469,12.350000381469727,,,15.630000114440918,,18.209999084472656,27.3700008392334,24.59000015258789,,25.780000686645508,,25.329999923706055,,13.40999984741211,28.969999313354492,2.940000057220459,21.06999969482422,,5.480000019073486,7.25,25.8700008392334,18.530000686645508,,15.369999885559082,10.609999656677246,1.4299999475479126,,6.489999771118164,,,21.68000030517578,,,36.209999084472656,2.819999933242798,3.700000047683716,4.800000190734863,,17.350000381469727,1.1100000143051147,12.779999732971191,8.520000457763672,,,2024-09-10,2024Q3
2024-09-11,33.04999923706055,16.719999313354492,12.579999923706055,10.25,18.459999084472656,,20.799999237060547,19.649999618530273,,8.760000228881836,25.100000381469727,,31.360000610351562,,,,,,18.739999771118164,23.81999969482422,,,16.4325008392334,10.079999923706055,,27.079999923706055,7.0,,19.899999618530273,12.699999809265137,,,21.760000228881836,17.899999618530273,,,22.360000610351562,39.02000045776367,7.71999979019165,,26.459999084472656,6.940000057220459,6.840000152587891,,5.960000038146973,14.069999694824219,,18.399999618530273,25.75,10.109999656677246,25.59000015258789,,,0.7799999713897705,,3.690000057220459,8.680000305175781,,25.3799991607666,5.610000133514404,0.8899999856948853,9.319999694824219,19.899999618530273,14.369999885559082,2.609999895095825,,12.039999961853027,20.979999542236328,,,14.75,,19.940000534057617,24.06999969482422,,12.960000038146973,23.639999389648438,24.520000457763672,2.4200000762939453,12.020000457763672,,29.260000228881836,,,2.890000104904175,1.899999976158142,,4.210000038146973,,5.78000020980835,,,20.469999313354492,10.369999885559082,,,30.190000534057617,23.579999923706055,24.979999542236328,,2.009999990463257,,29.010000228881836,,,10.260000228881836,22.579999923706055,18.174673080444336,,,,14.050000190734863,13.550000190734863,,,,,,21.989999771118164,13.430000305175781,8.890000343322754,,29.989999771118164,28.770000457763672,15.539999961853027,11.800000190734863,,22.030000686645508,15.479999542236328,21.739999771118164,,,,15.470000267028809,,32.939998626708984,7.429999828338623,28.360000610351562,,22.079999923706055,27.1200008392334,5.71999979019165,16.0,11.109999656677246,35.54999923706055,31.399999618530273,12.5,,,16.31999969482422,,17.75,27.450000762939453,23.899999618530273,,25.559999465942383,,25.0,,13.130000114440918,28.709999084472656,2.950000047683716,22.1200008392334,,5.489999771118164,6.96999979019165,24.610000610351562,18.1299991607666,,15.5600004196167,10.819999694824219,1.4900000095367432,,6.760000228881836,,,22.190000534057617,,,34.5099983215332,2.759999990463257,3.6600000858306885,4.579999923706055,,18.43000030517578,1.100000023841858,12.510000228881836,8.6899995803833,,,2024-09-11,2024Q3
2024-09-12,33.22999954223633,16.399999618530273,12.65999984741211,10.100000381469727,19.139999389648438,,22.110000610351562,19.479999542236328,,8.680000305175781,24.90999984741211,,31.850000381469727,,,,,,19.670000076293945,24.209999084472656,,,16.702499389648438,9.930000305175781,,27.360000610351562,6.989999771118164,,20.290000915527344,12.4399995803833,,,21.8700008392334,18.139999389648438,,,21.809999465942383,38.869998931884766,7.570000171661377,,26.940000534057617,7.010000228881836,6.690000057220459,,5.920000076293945,13.949999809265137,,19.15999984741211,25.790000915527344,9.600000381469727,25.8799991607666,,,0.7599999904632568,,3.6600000858306885,8.949999809265137,,25.329999923706055,5.889999866485596,0.8899999856948853,9.350000381469727,19.979999542236328,14.289999961853027,2.5799999237060547,,12.220000267028809,20.979999542236328,,,15.539999961853027,,19.559999465942383,24.6299991607666,,12.859999656677246,23.850000381469727,24.3700008392334,2.430000066757202,12.0,,29.979999542236328,,,2.8399999141693115,1.9500000476837158,,4.119999885559082,,6.059999942779541,,,20.559999465942383,10.569999694824219,,,29.56999969482422,23.979999542236328,25.649999618530273,,2.009999990463257,,28.610000610351562,,,10.170000076293945,23.030000686645508,18.242856979370117,,,,13.890000343322754,13.5,,,,,,22.170000076293945,15.100000381469727,9.130000114440918,,29.760000228881836,28.540000915527344,15.5,11.460000038146973,,21.559999465942383,15.970000267028809,21.6299991607666,,,,15.479999542236328,,31.459999084472656,7.510000228881836,27.90999984741211,,20.8700008392334,26.84000015258789,5.739999771118164,15.699999809265137,10.550000190734863,35.220001220703125,31.889999389648438,12.300000190734863,,,16.100000381469727,,17.84000015258789,27.399999618530273,24.209999084472656,,24.850000381469727,,25.31999969482422,,13.220000267028809,28.489999771118164,2.950000047683716,22.65999984741211,,5.400000095367432,7.039999961853027,26.329999923706055,18.329999923706055,,15.40999984741211,11.029999732971191,1.5,,7.03000020980835,,,22.100000381469727,,,33.81999969482422,2.700000047683716,3.6600000858306885,4.699999809265137,,17.8799991607666,1.0800000429153442,12.729999542236328,8.859999656677246,,,2024-09-12,2024Q3
2024-09-13,33.66999816894531,16.200000762939453,12.579999923706055,10.109999656677246,19.219999313354492,,21.639999389648438,19.389999389648438,,8.710000038146973,24.75,,31.360000610351562,,,,,,19.450000762939453,23.799999237060547,,,16.372499465942383,10.899999618530273,,26.969999313354492,7.019999980926514,,19.8799991607666,12.1899995803833,,,21.68000030517578,18.030000686645508,,,22.079999923706055,38.220001220703125,7.53000020980835,,26.3799991607666,6.960000038146973,6.659999847412109,,6.0,14.0,,18.920000076293945,26.239999771118164,9.930000305175781,26.190000534057617,,,0.7599999904632568,,3.6700000762939453,8.84000015258789,,25.440000534057617,5.840000152587891,0.8799999952316284,9.970000267028809,20.190000534057617,14.369999885559082,2.559999942779541,,12.380000114440918,21.280000686645508,,,15.5600004196167,,19.81999969482422,24.860000610351562,,13.279999732971191,25.040000915527344,23.920000076293945,2.4800000190734863,12.140000343322754,,30.010000228881836,,,2.859999895095825,1.940000057220459,,4.119999885559082,,6.0,,,20.209999084472656,10.779999732971191,,,29.6200008392334,24.25,24.950000762939453,,2.0399999618530273,,28.969999313354492,,,10.210000038146973,23.489999771118164,19.149999618530273,,,,13.970000267028809,13.770000457763672,,,,,,24.59000015258789,14.649999618530273,9.579999923706055,,30.93000030517578,28.729999542236328,15.630000114440918,11.3100004196167,,21.959999084472656,16.25,21.829999923706055,,,,15.289999961853027,,30.559999465942383,7.380000114440918,28.190000534057617,,20.93000030517578,28.299999237060547,5.840000152587891,15.779999732971191,10.020000457763672,36.40999984741211,31.280000686645508,12.369999885559082,,,16.450000762939453,,17.959999084472656,27.530000686645508,23.8700008392334,,24.84000015258789,,25.049999237060547,,13.430000305175781,28.799999237060547,2.9600000381469727,22.489999771118164,,5.449999809265137,7.159999847412109,25.600000381469727,18.239999771118164,,15.220000267028809,11.25,1.5099999904632568,,7.230000019073486,,,21.56999969482422,,,34.290000915527344,2.640000104904175,3.740000009536743,4.679999828338623,,18.020000457763672,1.0800000429153442,12.880000114440918,9.029999732971191,,,2024-09-13,2024Q3
2024-09-16,33.459999084472656,15.869999885559082,12.529999732971191,10.140000343322754,19.030000686645508,,22.010000228881836,19.239999771118164,,8.579999923706055,24.969999313354492,,31.149999618530273,,,,,,20.420000076293945,24.0,,,16.30500030517578,11.5,,27.389999389648438,7.079999923706055,,20.200000762939453,12.430000305175781,,,21.530000686645508,18.969999313354492,,,21.940000534057617,36.84000015258789,7.289999961853027,,26.540000915527344,8.319999694824219,6.690000057220459,,5.96999979019165,13.989999771118164,,18.690000534057617,26.600000381469727,10.420000076293945,26.030000686645508,,,0.7799999713897705,,3.630000114440918,8.619999885559082,,26.15999984741211,5.539999961853027,0.8799999952316284,9.920000076293945,22.100000381469727,14.050000190734863,2.490000009536743,,12.989999771118164,21.739999771118164,,,16.65999984741211,,19.950000762939453,24.829999923706055,,13.079999923706055,24.8799991607666,23.93000030517578,2.450000047683716,11.970000267028809,,29.350000381469727,,,2.9200000762939453,1.9500000476837158,,4.320000171661377,,5.829999923706055,,,20.200000762939453,11.3100004196167,,,30.6200008392334,24.579999923706055,25.030000686645508,,2.009999990463257,,28.790000915527344,,,11.180000305175781,23.950000762939453,20.100000381469727,,,,14.0,14.039999961853027,,,,,,24.010000228881836,15.079999923706055,9.609999656677246,,29.649999618530273,28.579999923706055,15.380000114440918,11.329999923706055,,21.829999923706055,16.139999389648438,22.34000015258789,,,,15.430000305175781,,32.06999969482422,7.130000114440918,28.280000686645508,,22.770000457763672,27.649999618530273,6.110000133514404,16.209999084472656,10.520000457763672,36.84000015258789,30.290000915527344,12.350000381469727,,,16.34000015258789,,17.889999389648438,27.3799991607666,23.40999984741211,,24.1299991607666,,25.049999237060547,,13.470000267028809,28.3799991607666,2.950000047683716,22.209999084472656,,5.550000190734863,7.119999885559082,24.90999984741211,18.15999984741211,,15.100000381469727,11.8100004196167,1.5,,6.929999828338623,,,21.229999542236328,,,34.040000915527344,2.5799999237060547,3.680000066757202,4.659999847412109,,18.8700008392334,1.0800000429153442,12.949999809265137,9.479999542236328,,,2024-09-16,2024Q3
2024-09-17,33.11000061035156,16.18000030517578,12.350000381469727,9.949999809265137,19.06999969482422,,21.059999465942383,19.110000610351562,,8.350000381469727,24.860000610351562,,31.329999923706055,,,,,,21.440000534057617,23.889999389648438,,,16.297500610351562,10.890000343322754,,27.049999237060547,6.96999979019165,,20.0,12.399999618530273,,,20.93000030517578,18.34000015258789,,,21.969999313354492,34.720001220703125,7.230000019073486,,26.1299991607666,8.770000457763672,7.309999942779541,,5.940000057220459,13.8100004196167,,18.3799991607666,26.559999465942383,10.9399995803833,25.600000381469727,,,0.7799999713897705,,3.640000104904175,8.619999885559082,,27.139999389648438,5.400000095367432,0.8700000047683716,9.670000076293945,21.3799991607666,13.829999923706055,2.450000047683716,,13.630000114440918,21.34000015258789,,,15.729999542236328,,19.969999313354492,24.3700008392334,,12.930000305175781,24.479999542236328,23.479999542236328,2.4200000762939453,11.720000267028809,,30.809999465942383,,,2.880000114440918,1.9600000381469727,,4.53000020980835,,6.110000133514404,,,20.09000015258789,10.739999771118164,,,31.360000610351562,25.84000015258789,24.6299991607666,,2.009999990463257,,28.459999084472656,,,11.279999732971191,24.420000076293945,19.360000610351562,,,,14.149999618530273,14.319999694824219,,,,,,23.899999618530273,15.350000381469727,9.300000190734863,,29.59000015258789,28.469999313354492,15.380000114440918,11.270000457763672,,21.780000686645508,15.65999984741211,22.1299991607666,,,,15.470000267028809,,31.100000381469727,7.130000114440918,28.040000915527344,,22.049999237060547,26.579999923706055,6.019999980926514,16.579999923706055,10.119999885559082,36.5,32.47999954223633,12.100000381469727,,,16.520000457763672,,17.68000030517578,28.31999969482422,23.829999923706055,,24.079999923706055,,25.530000686645508,,13.3100004196167,28.040000915527344,2.9200000762939453,23.31999969482422,,5.460000038146973,7.150000095367432,23.860000610351562,17.829999923706055,,15.25,11.399999618530273,1.4800000190734863,,6.679999828338623,,,20.93000030517578,,,33.04999923706055,2.5199999809265137,3.6500000953674316,4.619999885559082,,18.799999237060547,1.0700000524520874,12.699999809265137,9.640000343322754,,,2024-09-17,2024Q3
2024-09-18,33.099998474121094,16.5,12.529999732971191,9.970000267028809,18.84000015258789,,22.110000610351562,20.059999465942383,,8.329999923706055,24.479999542236328,,30.100000381469727,,,,,,22.510000228881836,23.729999542236328,,,16.462499618530273,10.890000343322754,,26.139999389648438,6.909999847412109,,19.6200008392334,12.149999618530273,,,20.920000076293945,17.540000915527344,,,21.459999084472656,35.97999954223633,7.199999809265137,,25.850000381469727,8.579999923706055,7.489999771118164,,5.929999828338623,13.800000190734863,,18.309999465942383,26.010000228881836,10.460000038146973,24.739999771118164,,,0.75,,3.609999895095825,8.550000190734863,,28.899999618530273,5.360000133514404,0.8500000238418579,9.920000076293945,20.969999313354492,13.550000190734863,2.490000009536743,,13.699999809265137,21.1200008392334,,,14.890000343322754,,19.440000534057617,24.43000030517578,,12.6899995803833,24.489999771118164,24.139999389648438,2.369999885559082,11.6899995803833,,31.920000076293945,,,2.869999885559082,1.9199999570846558,,4.75,,6.289999961853027,,,19.829999923706055,10.199999809265137,,,31.770000457763672,26.579999923706055,25.0,,1.9800000190734863,,27.790000915527344,,,11.489999771118164,24.899999618530273,19.06999969482422,,,,13.930000305175781,14.600000381469727,,,,,,25.59000015258789,14.979999542236328,9.079999923706055,,28.610000610351562,27.899999618530273,15.8100004196167,11.25,,21.149999618530273,15.989999771118164,22.040000915527344,,,,15.34000015258789,,31.719999313354492,7.099999904632568,28.31999969482422,,22.030000686645508,26.170000076293945,6.019999980926514,16.479999542236328,9.779999732971191,36.029998779296875,32.59000015258789,12.300000190734863,,,16.270000457763672,,17.3799991607666,29.06999969482422,23.0,,23.850000381469727,,25.700000762939453,,13.100000381469727,27.989999771118164,2.9000000953674316,24.479999542236328,,5.420000076293945,7.090000152587891,23.18000030517578,20.309999465942383,,15.180000305175781,11.180000305175781,1.4299999475479126,,6.420000076293945,,,23.280000686645508,,,31.549999237060547,2.4600000381469727,3.609999895095825,4.550000190734863,,18.579999923706055,1.0499999523162842,12.489999771118164,9.149999618530273,,,2024-09-18,2024Q3
2024-09-19,32.619998931884766,16.75,12.229999542236328,9.770000457763672,18.81999969482422,,21.6299991607666,21.059999465942383,,8.270000457763672,26.079999923706055,,28.979999542236328,,,,,,21.450000762939453,23.079999923706055,,,16.1924991607666,10.210000038146973,,26.1200008392334,7.269999980926514,,19.25,11.899999618530273,,,21.420000076293945,17.469999313354492,,,20.459999084472656,33.11000061035156,6.940000057220459,,25.40999984741211,7.670000076293945,7.130000114440918,,5.829999923706055,13.420000076293945,,17.969999313354492,25.43000030517578,9.949999809265137,25.059999465942383,,,0.7400000095367432,,3.559999942779541,8.970000267028809,,28.8700008392334,5.150000095367432,0.8399999737739563,9.699999809265137,20.510000228881836,12.75,2.369999885559082,,13.649999618530273,20.450000762939453,,,14.670000076293945,,19.079999923706055,23.690000534057617,,12.489999771118164,23.700000762939453,23.809999465942383,2.3499999046325684,11.529999732971191,,30.31999969482422,,,2.880000114440918,1.899999976158142,,4.949999809265137,,6.53000020980835,,,18.760000228881836,9.84000015258789,,,30.6299991607666,24.5,24.489999771118164,,1.9900000095367432,,28.450000762939453,,,10.960000038146973,25.389999389648438,19.0,,,,13.270000457763672,14.890000343322754,,,,,,24.56999969482422,14.300000190734863,8.970000267028809,,28.09000015258789,27.030000686645508,15.4399995803833,11.079999923706055,,20.530000686645508,15.399999618530273,21.709999084472656,,,,14.949999809265137,,30.549999237060547,7.039999961853027,28.1200008392334,,20.979999542236328,25.389999389648438,6.010000228881836,16.079999923706055,9.539999961853027,35.7599983215332,30.8700008392334,12.050000190734863,,,16.329999923706055,,17.200000762939453,28.079999923706055,22.75,,23.200000762939453,,25.030000686645508,,12.930000305175781,27.219999313354492,2.8499999046325684,25.639999389648438,,5.340000152587891,7.099999904632568,22.280000686645508,19.639999389648438,,15.170000076293945,10.630000114440918,1.4299999475479126,,6.489999771118164,,,24.059999465942383,,,29.969999313354492,2.4100000858306885,3.4700000286102295,4.449999809265137,,18.170000076293945,1.0800000429153442,12.130000114440918,8.6899995803833,,,2024-09-19,2024Q3
2024-09-20,32.470001220703125,17.079999923706055,12.180000305175781,9.569999694824219,18.860000610351562,,20.719999313354492,21.3799991607666,,8.319999694824219,25.940000534057617,,29.34000015258789,,,,,,22.520000457763672,23.219999313354492,,,17.31999969482422,10.59000015258789,,26.780000686645508,7.119999885559082,,19.6299991607666,12.069999694824219,,,21.940000534057617,17.059999465942383,,,21.059999465942383,34.41999816894531,6.710000038146973,,25.450000762939453,8.579999923706055,7.159999847412109,,6.0,13.479999542236328,,18.299999237060547,26.56999969482422,9.90999984741211,24.559999465942383,,,0.7300000190734863,,3.569999933242798,8.529999732971191,,28.530000686645508,5.400000095367432,0.8299999833106995,9.729999542236328,21.020000457763672,12.720000267028809,2.380000114440918,,12.949999809265137,20.829999923706055,,,15.069999694824219,,18.739999771118164,23.979999542236328,,12.229999542236328,23.59000015258789,23.600000381469727,2.380000114440918,11.470000267028809,,29.479999542236328,,,2.8499999046325684,1.9500000476837158,,4.699999809265137,,6.679999828338623,,,19.360000610351562,9.890000343322754,,,29.90999984741211,25.139999389648438,24.450000762939453,,1.9800000190734863,,28.739999771118164,,,11.199999809265137,25.799999237060547,19.280000686645508,,,,13.270000457763672,15.180000305175781,,,,,,23.920000076293945,14.279999732971191,8.979999542236328,,28.34000015258789,27.200000762939453,15.350000381469727,10.90999984741211,,21.09000015258789,15.239999771118164,21.950000762939453,,,,14.460000038146973,,30.6200008392334,6.869999885559082,27.850000381469727,,21.59000015258789,26.700000762939453,5.96999979019165,16.100000381469727,9.989999771118164,35.45000076293945,31.040000915527344,12.0,,,16.719999313354492,,17.200000762939453,27.739999771118164,23.719999313354492,,23.0,,25.170000076293945,,12.800000190734863,27.219999313354492,2.819999933242798,24.65999984741211,,5.360000133514404,7.0,22.709999084472656,18.920000076293945,,15.260000228881836,10.569999694824219,1.4600000381469727,,6.510000228881836,,,24.979999542236328,,,31.459999084472656,2.4200000762939453,3.5299999713897705,4.480000019073486,,18.780000686645508,1.1299999952316284,11.920000076293945,8.819999694824219,,,2024-09-20,2024Q3
2024-09-23,32.70000076293945,17.420000076293945,12.199999809265137,9.760000228881836,18.559999465942383,,20.90999984741211,21.889999389648438,,8.359999656677246,25.649999618530273,,29.15999984741211,,,,,,23.639999389648438,22.65999984741211,,,17.049999237060547,10.369999885559082,,27.979999542236328,7.050000190734863,,20.020000457763672,12.3100004196167,,,22.200000762939453,17.030000686645508,,,22.110000610351562,32.959999084472656,6.820000171661377,,24.780000686645508,8.640000343322754,7.170000076293945,,6.130000114440918,13.8100004196167,,18.350000381469727,25.829999923706055,10.069999694824219,24.790000915527344,,,0.7599999904632568,,3.5399999618530273,8.260000228881836,,28.739999771118164,5.670000076293945,0.8700000047683716,9.520000457763672,20.34000015258789,12.960000038146973,2.380000114440918,,13.210000038146973,20.719999313354492,,,14.880000114440918,,18.440000534057617,24.329999923706055,,12.130000114440918,23.889999389648438,23.770000457763672,2.390000104904175,11.880000114440918,,29.100000381469727,,,2.8399999141693115,1.9700000286102295,,4.480000019073486,,6.340000152587891,,,18.920000076293945,9.979999542236328,,,30.93000030517578,24.579999923706055,25.25,,2.009999990463257,,28.969999313354492,,,11.140000343322754,25.5,18.899999618530273,,,,13.600000381469727,15.479999542236328,,,,,,23.579999923706055,15.4399995803833,9.039999961853027,,28.329999923706055,27.59000015258789,15.34000015258789,10.859999656677246,,20.90999984741211,14.890000343322754,21.899999618530273,,,,15.180000305175781,,31.25,6.960000038146973,27.56999969482422,,21.219999313354492,28.219999313354492,5.980000019073486,16.190000534057617,9.800000190734863,35.369998931884766,31.1299991607666,11.760000228881836,,,18.34000015258789,,17.239999771118164,27.989999771118164,23.389999389648438,,22.290000915527344,,24.989999771118164,,12.789999961853027,27.270000457763672,2.9600000381469727,23.780000686645508,,5.510000228881836,7.079999923706055,22.06999969482422,19.020000457763672,,15.229999542236328,10.529999732971191,1.4500000476837158,,6.400000095367432,,,24.979999542236328,,,33.029998779296875,2.4600000381469727,3.640000104904175,4.409999847412109,,18.239999771118164,1.100000023841858,11.829999923706055,8.979999542236328,,,2024-09-23,2024Q3
2024-09-24,32.5,17.760000228881836,12.260000228881836,9.949999809265137,18.59000015258789,,20.75,21.940000534057617,,8.260000228881836,25.09000015258789,,28.549999237060547,,,,,,22.8700008392334,22.420000076293945,,,16.790000915527344,10.470000267028809,,28.3700008392334,7.010000228881836,,20.420000076293945,12.550000190734863,,,21.709999084472656,17.010000228881836,,,22.510000228881836,34.40999984741211,6.659999847412109,,25.84000015258789,8.329999923706055,7.090000152587891,,5.96999979019165,13.569999694824219,,18.18000030517578,24.940000534057617,10.279999732971191,24.399999618530273,,,0.7900000214576721,,3.490000009536743,8.510000228881836,,28.440000534057617,5.949999809265137,0.9100000262260437,9.579999923706055,20.209999084472656,12.989999771118164,2.4100000858306885,,12.84000015258789,20.719999313354492,,,14.739999771118164,,17.799999237060547,24.329999923706055,,12.010000228881836,24.06999969482422,23.75,2.369999885559082,11.829999923706055,,30.549999237060547,,,2.859999895095825,1.9700000286102295,,4.400000095367432,,6.320000171661377,,,18.719999313354492,9.829999923706055,,,30.010000228881836,24.3799991607666,24.93000030517578,,2.0140349864959717,,28.81999969482422,,,10.930000305175781,25.489999771118164,18.670000076293945,,,,13.010000228881836,15.779999732971191,,,,,,23.260000228881836,15.029999732971191,8.899999618530273,,28.1299991607666,27.219999313354492,15.329999923706055,10.729999542236328,,20.8700008392334,14.84000015258789,21.850000381469727,,,,15.300000190734863,,31.059999465942383,6.900000095367432,27.299999237060547,,20.639999389648438,29.020000457763672,6.010000228881836,16.079999923706055,9.680000305175781,35.65999984741211,31.360000610351562,11.989999771118164,,,20.110000610351562,,17.219999313354492,28.170000076293945,24.1200008392334,,22.959999084472656,,25.780000686645508,,13.039999961853027,27.25,3.049999952316284,24.170000076293945,,5.409999847412109,7.150000095367432,21.690000534057617,18.989999771118164,,15.199999809265137,10.260000228881836,1.440000057220459,,6.349999904632568,,,24.31999969482422,,,34.68000030517578,2.5,3.5799999237060547,4.389999866485596,,18.719999313354492,1.100000023841858,11.380000114440918,8.699999809265137,,,2024-09-24,2024Q3
2024-09-25,32.15999984741211,18.110000610351562,11.8100004196167,10.140000343322754,18.190000534057617,,21.06999969482422,22.040000915527344,,8.229999542236328,24.75,,28.020000457763672,,,,,,22.110000610351562,22.549999237060547,,,16.799999237060547,11.199999809265137,,28.90999984741211,6.940000057220459,,20.010000228881836,12.289999961853027,,,21.190000534057617,16.8799991607666,,,22.149999618530273,33.18000030517578,6.71999979019165,,25.809999465942383,8.170000076293945,6.989999771118164,,6.0,13.8100004196167,,19.989999771118164,23.75,10.1899995803833,24.43000030517578,,,0.7599999904632568,,3.430000066757202,8.260000228881836,,27.15999984741211,5.679999828338623,0.9100000262260437,9.65999984741211,20.040000915527344,12.649999618530273,2.2799999713897705,,12.819999694824219,20.510000228881836,,,15.460000038146973,,17.739999771118164,24.229999542236328,,11.960000038146973,24.440000534057617,23.360000610351562,2.3499999046325684,11.6899995803833,,31.860000610351562,,,2.819999933242798,1.9600000381469727,,4.25,,6.170000076293945,,,18.520000457763672,10.279999732971191,,,30.469999313354492,24.170000076293945,24.829999923706055,,2.004443883895874,,28.84000015258789,,,10.760000228881836,25.989999771118164,18.510000228881836,,,,13.0,16.09000015258789,,,,,,25.459999084472656,15.130000114440918,8.8100004196167,,27.920000076293945,27.079999923706055,15.739999771118164,10.699999809265137,,20.020000457763672,14.289999961853027,21.959999084472656,,,,15.029999732971191,,30.09000015258789,6.78000020980835,27.920000076293945,,20.229999542236328,28.510000228881836,6.210000038146973,15.699999809265137,9.569999694824219,34.709999084472656,31.149999618530273,11.75,,,20.420000076293945,,17.079999923706055,28.030000686645508,23.049999237060547,,21.950000762939453,,25.190000534057617,,12.920000076293945,26.959999084472656,2.9700000286102295,24.709999084472656,,5.409999847412109,6.949999809265137,21.559999465942383,18.770000457763672,,15.210000038146973,9.920000076293945,1.4299999475479126,,6.159999847412109,,,27.360000610351562,,,35.279998779296875,2.549999952316284,3.5399999618530273,4.400000095367432,,20.040000915527344,1.0800000429153442,10.9399995803833,8.989999771118164,,,2024-09-25,2024Q3
2024-09-26,33.150001525878906,18.469999313354492,11.710000038146973,10.34000015258789,18.270000457763672,,20.850000381469727,21.8700008392334,,8.239999771118164,24.639999389648438,,28.15999984741211,,,,,,21.010000228881836,21.90999984741211,,,16.6200008392334,11.930000305175781,,27.940000534057617,6.929999828338623,,20.0,12.199999809265137,,,21.06999969482422,17.09000015258789,,,22.139999389648438,33.06999969482422,7.050000190734863,,25.700000762939453,8.020000457763672,6.96999979019165,,5.929999828338623,14.220000267028809,,20.489999771118164,23.1200008392334,9.920000076293945,24.0,,,0.7699999809265137,,3.380000114440918,8.350000381469727,,26.600000381469727,5.460000038146973,0.8899999856948853,9.720000267028809,19.940000534057617,12.949999809265137,2.390000104904175,,12.880000114440918,20.56999969482422,,,14.960000038146973,,17.6200008392334,25.5,,11.930000305175781,23.770000457763672,23.25,2.3399999141693115,11.59000015258789,,30.950000762939453,,,2.8299999237060547,2.0,,4.230000019073486,,6.110000133514404,,,18.8700008392334,10.079999923706055,,,31.040000915527344,26.1200008392334,23.920000076293945,,1.9469000101089478,,28.600000381469727,,,11.15999984741211,26.5,18.440000534057617,,,,12.930000305175781,16.40999984741211,,,,,,24.209999084472656,14.90999984741211,8.84000015258789,,28.200000762939453,26.149999618530273,15.760000228881836,10.579999923706055,,20.190000534057617,15.3100004196167,21.84000015258789,,,,14.890000343322754,,30.31999969482422,6.630000114440918,27.389999389648438,,19.969999313354492,28.899999618530273,6.429999828338623,15.859999656677246,9.479999542236328,35.0099983215332,29.219999313354492,11.510000228881836,,,18.760000228881836,,17.020000457763672,28.420000076293945,23.459999084472656,,23.020000457763672,,25.40999984741211,,12.90999984741211,26.780000686645508,2.940000057220459,24.18000030517578,,5.460000038146973,6.989999771118164,21.34000015258789,18.65999984741211,,15.109999656677246,10.390000343322754,1.409999966621399,,6.360000133514404,,,29.100000381469727,,,35.59000015258789,2.5999999046325684,3.490000009536743,4.449999809265137,,20.6299991607666,1.0700000524520874,11.390000343322754,9.079999923706055,,,2024-09-26,2024Q3
2024-09-27,32.130001068115234,18.829999923706055,12.029999732971191,10.539999961853027,18.579999923706055,,20.6200008392334,20.790000915527344,,8.199999809265137,24.520000457763672,,28.149999618530273,,,,,,20.010000228881836,20.920000076293945,,,16.610000610351562,11.5,,28.799999237060547,6.929999828338623,,20.399999618530273,12.15999984741211,,,21.020000457763672,16.8799991607666,,,22.190000534057617,33.040000915527344,7.21999979019165,,26.399999618530273,7.980000019073486,6.989999771118164,,5.920000076293945,14.239999771118164,,20.6200008392334,24.270000457763672,10.09000015258789,23.68000030517578,,,0.7599999904632568,,3.7699999809265137,8.15999984741211,,26.399999618530273,5.489999771118164,0.8700000047683716,10.289999961853027,19.510000228881836,13.109999656677246,2.5,,12.989999771118164,20.520000457763672,,,14.800000190734863,,17.559999465942383,24.65999984741211,,12.289999961853027,22.8700008392334,22.920000076293945,2.3399999141693115,11.6899995803833,,29.979999542236328,,,2.8399999141693115,1.9900000095367432,,4.150000095367432,,5.849999904632568,,,19.139999389648438,10.579999923706055,,,31.469999313354492,25.709999084472656,25.09000015258789,,2.129122018814087,,28.989999771118164,,,11.3100004196167,27.030000686645508,18.399999618530273,,,,12.779999732971191,16.729999542236328,,,,,,23.75,15.149999618530273,8.869999885559082,,27.950000762939453,26.81999969482422,15.729999542236328,10.569999694824219,,20.15999984741211,14.899999618530273,22.389999389648438,,,,14.65999984741211,,31.829999923706055,6.900000095367432,27.100000381469727,,19.559999465942383,29.56999969482422,6.300000190734863,15.90999984741211,9.300000190734863,33.869998931884766,29.329999923706055,11.739999771118164,,,17.6299991607666,,16.959999084472656,28.260000228881836,23.09000015258789,,24.170000076293945,,25.049999237060547,,12.850000381469727,27.3799991607666,2.930000066757202,23.920000076293945,,5.489999771118164,6.900000095367432,21.969999313354492,19.739999771118164,,15.119999885559082,10.390000343322754,1.350000023841858,,6.539999961853027,,,31.559999465942383,,,33.810001373291016,2.6500000953674316,3.5199999809265137,4.539999961853027,,19.799999237060547,1.0700000524520874,11.180000305175781,8.890000343322754,,,2024-09-27,2024Q3
2024-09-30,32.09000015258789,18.040000915527344,11.819999694824219,10.84000015258789,18.940000534057617,,20.100000381469727,20.469999313354492,,9.020000457763672,24.219999313354492,,29.549999237060547,,,,,,19.81999969482422,20.510000228881836,,,16.540000915527344,10.899999618530273,,28.31999969482422,6.909999847412109,,20.260000228881836,12.020000457763672,,,21.34000015258789,16.6200008392334,,,21.530000686645508,32.11000061035156,7.170000076293945,,26.690000534057617,7.869999885559082,6.989999771118164,,5.940000057220459,14.260000228881836,,19.81999969482422,24.969999313354492,9.819999694824219,23.989999771118164,,,0.75,,3.7200000286102295,7.96999979019165,,26.739999771118164,5.400000095367432,0.8600000143051147,10.779999732971191,20.479999542236328,13.0,2.4000000953674316,,12.670000076293945,20.549999237060547,,,14.699999809265137,,17.399999618530273,24.850000381469727,,12.760000228881836,22.56999969482422,24.010000228881836,2.319999933242798,11.630000114440918,,28.829999923706055,,,2.819999933242798,2.049999952316284,,4.199999809265137,,5.789999961853027,,,19.649999618530273,10.800000190734863,,,32.52000045776367,24.579999923706055,25.15999984741211,,2.234618902206421,,28.520000457763672,,,11.09000015258789,28.3799991607666,17.860000610351562,,,,12.6899995803833,16.389999389648438,,,,,,23.610000610351562,14.949999809265137,9.170000076293945,,26.649999618530273,25.969999313354492,15.869999885559082,10.0,,20.149999618530273,14.479999542236328,22.649999618530273,,,,15.300000190734863,,33.41999816894531,6.989999771118164,27.350000381469727,,18.81999969482422,27.360000610351562,5.989999771118164,15.920000076293945,9.760000228881836,33.75,28.700000762939453,11.970000267028809,,,17.34000015258789,,16.979999542236328,27.770000457763672,22.489999771118164,,24.81999969482422,,24.6200008392334,,12.829999923706055,27.06999969482422,2.890000104904175,23.350000381469727,,5.46999979019165,6.980000019073486,21.809999465942383,21.059999465942383,,15.039999961853027,10.489999771118164,1.3200000524520874,,6.570000171661377,,,35.72999954223633,,,32.11000061035156,2.7799999713897705,3.490000009536743,4.46999979019165,,20.360000610351562,1.0499999523162842,11.359999656677246,8.920000076293945,,,2024-09-30,2024Q3
2024-10-01,33.09000015258789,17.350000381469727,11.829999923706055,10.770000457763672,19.1200008392334,,20.049999237060547,20.989999771118164,,8.859999656677246,24.010000228881836,,29.469999313354492,,,,,,20.809999465942383,21.530000686645508,,,16.40999984741211,11.989999771118164,,28.34000015258789,6.940000057220459,,20.59000015258789,12.109999656677246,,,22.110000610351562,16.639999389648438,,,21.110000610351562,32.4900016784668,7.150000095367432,,27.209999084472656,8.1899995803833,6.949999809265137,,5.920000076293945,14.949999809265137,,19.860000610351562,25.3799991607666,9.430000305175781,24.5,,,0.75,,3.7300000190734863,8.109999656677246,,26.940000534057617,5.300000190734863,0.8600000143051147,10.630000114440918,20.739999771118164,13.029999732971191,2.390000104904175,,12.529999732971191,20.90999984741211,,,14.5,,17.350000381469727,26.510000228881836,,12.970000267028809,23.15999984741211,24.110000610351562,2.3299999237060547,12.010000228881836,,29.780000686645508,,,2.819999933242798,2.049999952316284,,4.409999847412109,,6.059999942779541,,,19.989999771118164,11.229999542236328,,,34.06999969482422,24.760000228881836,25.700000762939453,,2.1866660118103027,,28.3799991607666,,,11.109999656677246,29.790000915527344,18.09000015258789,,,,13.029999732971191,16.059999465942383,,,,,,23.170000076293945,15.65999984741211,9.329999923706055,,27.389999389648438,26.079999923706055,16.149999618530273,9.989999771118164,,20.709999084472656,14.84000015258789,22.729999542236328,,,,16.059999465942383,,35.08000183105469,6.869999885559082,27.5,,19.68000030517578,29.0,6.039999961853027,16.030000686645508,10.239999771118164,34.11000061035156,29.670000076293945,12.199999809265137,,,17.43000030517578,,18.670000076293945,27.670000076293945,22.399999618530273,,23.56999969482422,,24.989999771118164,,12.800000190734863,27.950000762939453,2.9100000858306885,23.829999923706055,,5.409999847412109,6.949999809265137,22.40999984741211,22.280000686645508,,15.09000015258789,10.640000343322754,1.3799999952316284,,6.71999979019165,,,34.97999954223633,,,30.5,2.7899999618530273,3.740000009536743,4.980000019073486,,19.979999542236328,1.059999942779541,11.289999961853027,9.359999656677246,,,2024-10-01,2024Q4
2024-10-03,32.130001068115234,16.729999542236328,11.550000190734863,10.3100004196167,18.829999923706055,,19.959999084472656,20.3799991607666,,8.470000267028809,23.420000076293945,,28.920000076293945,,,,,,21.799999237060547,21.40999984741211,,,16.260000228881836,13.149999618530273,,27.229999542236328,6.739999771118164,,19.809999465942383,11.5600004196167,,,21.829999923706055,16.239999771118164,,,20.459999084472656,30.200000762939453,7.090000152587891,,27.729999542236328,8.029999732971191,6.820000171661377,,5.789999961853027,14.789999961853027,,19.309999465942383,25.940000534057617,9.390000343322754,23.969999313354492,,,0.7400000095367432,,3.5999999046325684,7.699999809265137,,25.899999618530273,5.059999942779541,0.8299999833106995,10.180000305175781,20.420000076293945,12.760000228881836,2.3499999046325684,,12.529999732971191,20.25,,,14.25,,17.299999237060547,25.3799991607666,,12.65999984741211,22.829999923706055,23.020000457763672,2.299999952316284,11.979999542236328,,28.690000534057617,,,2.809999942779541,2.109999895095825,,4.349999904632568,,6.320000171661377,,,19.040000915527344,10.739999771118164,,,33.189998626708984,26.149999618530273,25.6200008392334,,2.1500000953674316,,27.799999237060547,,,10.890000343322754,29.15999984741211,17.290000915527344,,,,12.760000228881836,15.729999542236328,,,,,,22.290000915527344,14.970000267028809,8.899999618530273,,26.309999465942383,25.850000381469727,15.989999771118164,10.220000267028809,,20.190000534057617,14.619999885559082,22.229999542236328,,,,16.84000015258789,,36.83000183105469,6.710000038146973,27.65999984741211,,19.030000686645508,28.579999923706055,5.909999847412109,15.890000343322754,10.010000228881836,33.11000061035156,28.3799991607666,12.4399995803833,,,17.559999465942383,,17.709999084472656,27.010000228881836,21.75,,22.389999389648438,,24.329999923706055,,12.5600004196167,28.239999771118164,2.869999885559082,23.09000015258789,,5.340000152587891,6.699999809265137,21.31999969482422,20.600000381469727,,15.010000228881836,10.890000343322754,1.350000023841858,,6.449999809265137,,,34.130001068115234,,,28.969999313354492,2.7200000286102295,3.609999895095825,4.78000020980835,,19.469999313354492,1.059999942779541,11.430000305175781,9.819999694824219,,,2024-10-03,2024Q4
2024-10-04,31.670000076293945,16.579999923706055,11.489999771118164,10.109999656677246,18.670000076293945,,19.700000762939453,19.81999969482422,,8.15999984741211,22.639999389648438,,28.5,,,,,,22.889999389648438,22.40999984741211,,,16.190000534057617,12.65999984741211,,26.229999542236328,6.590000152587891,,19.790000915527344,11.380000114440918,,,21.290000915527344,15.760000228881836,,,20.139999389648438,30.270000457763672,6.980000019073486,,26.709999084472656,7.840000152587891,6.800000190734863,,5.71999979019165,14.369999885559082,,18.920000076293945,25.200000762939453,9.4399995803833,24.079999923706055,,,0.7400000095367432,,3.5399999618530273,7.679999828338623,,25.139999389648438,5.090000152587891,0.8299999833106995,10.069999694824219,20.18000030517578,12.050000190734863,2.309999942779541,,12.720000267028809,20.040000915527344,,,13.670000076293945,,16.799999237060547,24.639999389648438,,12.289999961853027,22.040000915527344,21.989999771118164,2.299999952316284,11.930000305175781,,27.389999389648438,,,2.7799999713897705,2.190000057220459,,4.369999885559082,,6.429999828338623,,,18.969999313354492,10.199999809265137,,,32.43000030517578,25.09000015258789,24.979999542236328,,2.1600000858306885,,27.65999984741211,,,10.949999809265137,28.450000762939453,17.790000915527344,,,,12.6899995803833,15.979999542236328,,,,,,23.34000015258789,14.710000038146973,8.760000228881836,,25.84000015258789,25.399999618530273,16.399999618530273,10.180000305175781,,19.610000610351562,14.279999732971191,22.139999389648438,,,,16.209999084472656,,35.09000015258789,6.739999771118164,27.15999984741211,,19.229999542236328,28.31999969482422,5.949999809265137,15.6899995803833,10.039999961853027,32.59000015258789,27.6200008392334,12.680000305175781,,,17.600000381469727,,17.270000457763672,26.350000381469727,22.75,,21.270000457763672,,24.1200008392334,,12.510000228881836,27.139999389648438,2.8399999141693115,22.25,,5.239999771118164,6.909999847412109,20.860000610351562,19.799999237060547,,15.079999923706055,10.4399995803833,1.3200000524520874,,6.480000019073486,,,30.709999084472656,,,27.520000457763672,2.7300000190734863,3.5399999618530273,4.710000038146973,,19.0,1.0700000524520874,11.489999771118164,9.319999694824219,,,2024-10-04,2024Q4
2024-10-07,29.670000076293945,16.170000076293945,10.920000076293945,9.890000343322754,17.610000610351562,,19.1200008392334,19.190000534057617,,8.039999961853027,21.989999771118164,,27.610000610351562,,,,,,21.739999771118164,21.809999465942383,,,15.899999618530273,11.720000267028809,,24.15999984741211,6.179999828338623,,18.799999237060547,11.09000015258789,,,20.219999313354492,15.680000305175781,,,19.389999389648438,28.489999771118164,6.690000057220459,,25.15999984741211,7.630000114440918,6.639999866485596,,5.539999961853027,13.869999885559082,,18.18000030517578,23.950000762939453,9.020000457763672,23.100000381469727,,,0.7300000190734863,,3.359999895095825,7.289999961853027,,23.09000015258789,4.829999923706055,0.8500000238418579,9.420000076293945,18.81999969482422,11.470000267028809,2.190000057220459,,12.140000343322754,19.110000610351562,,,13.34000015258789,,15.5600004196167,23.610000610351562,,11.75,20.93000030517578,21.65999984741211,2.180000066757202,11.390000343322754,,26.079999923706055,,,2.7200000286102295,2.0799999237060547,,4.159999847412109,,6.480000019073486,,,17.709999084472656,9.84000015258789,,,30.84000015258789,22.399999618530273,23.84000015258789,,2.109999895095825,,26.81999969482422,,,10.369999885559082,27.040000915527344,16.93000030517578,,,,11.710000038146973,15.65999984741211,,,,,,22.8799991607666,13.819999694824219,8.359999656677246,,26.489999771118164,23.90999984741211,16.0,9.859999656677246,,18.770000457763672,13.720000267028809,20.809999465942383,,,,15.390000343322754,,33.33000183105469,6.440000057220459,27.520000457763672,,18.1299991607666,25.920000076293945,5.630000114440918,15.130000114440918,9.529999732971191,31.3700008392334,25.850000381469727,12.25,,,17.68000030517578,,16.799999237060547,25.149999618530273,22.15999984741211,,20.200000762939453,,22.520000457763672,,11.65999984741211,25.65999984741211,2.7899999618530273,21.1299991607666,,5.070000171661377,6.769999980926514,19.559999465942383,18.559999465942383,,14.270000457763672,9.970000267028809,1.2999999523162842,,6.550000190734863,,,27.639999389648438,,,26.139999389648438,2.5999999046325684,3.4200000762939453,4.460000038146973,,17.739999771118164,1.0399999618530273,10.970000267028809,8.850000381469727,,,2024-10-07,2024Q4
2024-10-08,30.1200008392334,16.969999313354492,11.449999809265137,10.239999771118164,21.1299991607666,,19.399999618530273,20.229999542236328,,8.65999984741211,23.34000015258789,,28.270000457763672,,,,,,22.15999984741211,21.93000030517578,,,15.579999923706055,12.0600004196167,,26.18000030517578,6.400000095367432,,18.559999465942383,11.300000190734863,,,20.479999542236328,16.31999969482422,,,20.350000381469727,29.309999465942383,6.920000076293945,,26.670000076293945,7.429999828338623,6.659999847412109,,5.789999961853027,14.510000228881836,,18.959999084472656,24.860000610351562,9.1899995803833,24.25,,,0.7599999904632568,,3.5299999713897705,7.360000133514404,,24.43000030517578,5.050000190734863,0.8799999952316284,9.880000114440918,19.8700008392334,13.760000228881836,2.2899999618530273,,12.369999885559082,19.6200008392334,,,13.529999732971191,,15.4399995803833,24.139999389648438,,11.399999618530273,21.969999313354492,22.059999465942383,2.359999895095825,11.710000038146973,,27.3799991607666,,,2.7300000190734863,2.0799999237060547,,4.449999809265137,,6.789999961853027,,,18.010000228881836,9.989999771118164,,,31.309999465942383,24.729999542236328,24.479999542236328,,2.1600000858306885,,27.399999618530273,,,11.84000015258789,28.0,16.93000030517578,,,,12.40999984741211,15.34000015258789,,,,,,23.549999237060547,14.300000190734863,9.029999732971191,,26.56999969482422,25.1200008392334,16.030000686645508,10.130000114440918,,19.280000686645508,14.3100004196167,21.43000030517578,,,,16.149999618530273,,34.9900016784668,6.730000019073486,27.18000030517578,,18.6299991607666,27.260000228881836,5.800000190734863,15.369999885559082,9.6899995803833,32.380001068115234,28.1200008392334,11.670000076293945,,,17.969999313354492,,17.329999923706055,25.510000228881836,23.260000228881836,,24.239999771118164,,23.100000381469727,,12.079999923706055,26.649999618530273,2.8299999237060547,22.18000030517578,,5.289999961853027,6.840000152587891,21.510000228881836,19.3700008392334,,15.109999656677246,10.199999809265137,1.340000033378601,,6.46999979019165,,,29.020000457763672,,,24.829999923706055,2.619999885559082,3.509999990463257,4.559999942779541,,18.75,1.059999942779541,11.109999656677246,9.710000038146973,,,2024-10-08,2024Q4
2024-10-09,30.43000030517578,17.809999465942383,12.020000457763672,9.960000038146973,21.969999313354492,,20.1299991607666,19.739999771118164,,8.600000381469727,23.139999389648438,,28.059999465942383,,,,,,23.3799991607666,22.15999984741211,,,15.289999961853027,12.1899995803833,,25.020000457763672,6.46999979019165,,18.969999313354492,11.59000015258789,,,20.389999389648438,16.579999923706055,,,20.0,30.639999389648438,7.019999980926514,,29.8799991607666,7.659999847412109,6.730000019073486,,5.809999942779541,14.4399995803833,,19.350000381469727,25.06999969482422,9.279999732971191,24.360000610351562,,,0.7300000190734863,,3.5,7.71999979019165,,25.170000076293945,5.03000020980835,0.8799999952316284,9.979999542236328,20.649999618530273,13.819999694824219,2.2899999618530273,,12.59000015258789,19.81999969482422,,,13.5,,14.9399995803833,24.549999237060547,,11.970000267028809,22.850000381469727,22.639999389648438,2.3299999237060547,11.75,,28.739999771118164,,,2.799999952316284,2.1500000953674316,,4.699999809265137,,6.449999809265137,,,18.479999542236328,10.109999656677246,,,31.790000915527344,23.899999618530273,25.579999923706055,,2.190000057220459,,27.719999313354492,,,12.020000457763672,26.739999771118164,17.010000228881836,,,,12.859999656677246,15.399999618530273,,,,,,23.420000076293945,14.149999618530273,8.859999656677246,,26.290000915527344,24.780000686645508,16.040000915527344,10.390000343322754,,20.280000686645508,14.430000305175781,21.450000762939453,,,,16.5,,34.77000045776367,6.71999979019165,27.579999923706055,,19.170000076293945,27.799999237060547,6.159999847412109,15.8100004196167,9.600000381469727,32.189998626708984,28.09000015258789,12.0,,,17.670000076293945,,17.549999237060547,26.1200008392334,23.690000534057617,,26.959999084472656,,24.219999313354492,,12.239999771118164,26.469999313354492,2.8399999141693115,22.739999771118164,,5.260000228881836,6.809999942779541,21.8799991607666,19.559999465942383,,15.239999771118164,10.010000228881836,1.3200000524520874,,6.309999942779541,,,30.469999313354492,,,23.579999923706055,2.630000114440918,3.509999990463257,4.639999866485596,,18.959999084472656,1.059999942779541,11.65999984741211,10.680000305175781,,,2024-10-09,2024Q4
2024-10-10,30.329999923706055,18.700000762939453,12.270000457763672,10.229999542236328,20.610000610351562,,20.049999237060547,19.84000015258789,,9.130000114440918,22.6200008392334,,28.290000915527344,,,,,,23.530000686645508,22.34000015258789,,,15.300000190734863,12.109999656677246,,24.440000534057617,7.119999885559082,,18.799999237060547,12.149999618530273,,,20.8799991607666,16.489999771118164,,,20.350000381469727,30.239999771118164,6.980000019073486,,28.770000457763672,7.599999904632568,6.889999866485596,,5.840000152587891,14.220000267028809,,19.290000915527344,23.809999465942383,8.8100004196167,24.229999542236328,,,0.7300000190734863,,3.5,7.920000076293945,,25.34000015258789,5.03000020980835,0.8700000047683716,9.970000267028809,21.68000030517578,12.970000267028809,2.25,,12.460000038146973,19.90999984741211,,,14.420000076293945,,15.0,24.459999084472656,,12.5600004196167,22.790000915527344,22.010000228881836,2.309999942779541,11.829999923706055,,28.260000228881836,,,2.880000114440918,2.2300000190734863,,4.440000057220459,,6.119999885559082,,,17.889999389648438,10.149999618530273,,,32.5,24.1299991607666,26.260000228881836,,2.190000057220459,,27.079999923706055,,,11.770000457763672,26.989999771118164,16.56999969482422,,,,13.859999656677246,15.09000015258789,,,,,,23.559999465942383,15.510000228881836,9.100000381469727,,26.309999465942383,25.610000610351562,15.770000457763672,10.40999984741211,,20.309999465942383,14.260000228881836,21.450000762939453,,,,16.510000228881836,,36.5,6.769999980926514,27.940000534057617,,19.18000030517578,27.329999923706055,6.019999980926514,15.850000381469727,9.609999656677246,31.389999389648438,28.639999389648438,12.399999618530273,,,19.43000030517578,,17.420000076293945,26.1200008392334,23.889999389648438,,27.90999984741211,,25.170000076293945,,12.15999984741211,26.809999465942383,2.8499999046325684,22.06999969482422,,5.360000133514404,6.75,22.040000915527344,19.8700008392334,,14.869999885559082,9.960000038146973,1.309999942779541,,6.480000019073486,,,31.989999771118164,,,22.399999618530273,2.619999885559082,3.509999990463257,4.670000076293945,,18.799999237060547,1.059999942779541,12.239999771118164,10.890000343322754,,,2024-10-10,2024Q4
2024-10-11,30.329999923706055,19.6299991607666,11.989999771118164,10.039999961853027,22.719999313354492,,19.889999389648438,21.059999465942383,,9.15999984741211,22.020000457763672,,28.06999969482422,,,,,,24.780000686645508,22.010000228881836,,,15.289999961853027,12.09000015258789,,24.780000686645508,7.010000228881836,,19.1200008392334,12.619999885559082,,,20.90999984741211,16.1200008392334,,,20.549999237060547,30.190000534057617,7.019999980926514,,29.690000534057617,7.840000152587891,6.769999980926514,,5.789999961853027,14.25,,19.309999465942383,24.219999313354492,8.880000114440918,24.06999969482422,,,0.75,,3.490000009536743,7.800000190734863,,25.209999084472656,5.099999904632568,0.8700000047683716,9.8100004196167,20.81999969482422,15.5600004196167,2.359999895095825,,12.520000457763672,20.09000015258789,,,14.510000228881836,,18.0,25.030000686645508,,13.180000305175781,22.709999084472656,22.75,2.369999885559082,11.84000015258789,,28.739999771118164,,,2.869999885559082,2.2699999809265137,,4.360000133514404,,5.96999979019165,,,18.1299991607666,10.40999984741211,,,33.7599983215332,23.899999618530273,26.700000762939453,,2.2200000286102295,,28.299999237060547,,,11.579999923706055,27.8799991607666,16.489999771118164,,,,13.539999961853027,14.989999771118164,,,,,,23.610000610351562,15.789999961853027,9.020000457763672,,25.940000534057617,25.899999618530273,15.729999542236328,10.399999618530273,,19.920000076293945,14.359999656677246,21.350000381469727,,,,16.440000534057617,,36.27000045776367,6.730000019073486,28.8799991607666,,19.1200008392334,26.59000015258789,5.849999904632568,16.0,9.550000190734863,32.38999938964844,28.790000915527344,12.0600004196167,,,19.690000534057617,,17.889999389648438,26.360000610351562,23.299999237060547,,26.06999969482422,,25.780000686645508,,12.039999961853027,26.440000534057617,2.859999895095825,21.700000762939453,,5.400000095367432,6.71999979019165,21.610000610351562,19.690000534057617,,15.619999885559082,9.970000267028809,1.2899999618530273,,6.699999809265137,,,30.389999389648438,,,22.799999237060547,2.549999952316284,3.5399999618530273,4.789999961853027,,18.600000381469727,1.059999942779541,12.850000381469727,11.100000381469727,,,2024-10-11,2024Q4
2024-10-14,30.100000381469727,18.90999984741211,11.859999656677246,9.979999542236328,22.219999313354492,,19.860000610351562,20.90999984741211,,10.010000228881836,22.059999465942383,,27.739999771118164,,,,,,24.360000610351562,21.81999969482422,,,15.1899995803833,12.0600004196167,,24.6200008392334,6.78000020980835,,20.6200008392334,14.220000267028809,,,20.690000534057617,15.84000015258789,,,20.229999542236328,30.049999237060547,6.96999979019165,,29.229999542236328,8.710000038146973,6.78000020980835,,5.690000057220459,14.079999923706055,,18.81999969482422,25.260000228881836,8.989999771118164,24.020000457763672,,,0.7799999713897705,,3.4800000190734863,7.760000228881836,,25.020000457763672,5.070000171661377,0.8700000047683716,9.84000015258789,20.459999084472656,14.680000305175781,2.319999933242798,,12.479999542236328,20.729999542236328,,,13.649999618530273,,20.540000915527344,24.639999389648438,,13.829999923706055,22.649999618530273,21.90999984741211,2.380000114440918,11.720000267028809,,28.790000915527344,,,2.8399999141693115,2.299999952316284,,4.460000038146973,,5.889999866485596,,,17.790000915527344,10.399999618530273,,,33.90999984741211,24.010000228881836,26.719999313354492,,2.200000047683716,,28.670000076293945,,,11.479999542236328,27.450000762939453,16.56999969482422,,,,12.979999542236328,14.6899995803833,,,,,,23.59000015258789,16.149999618530273,8.920000076293945,,26.15999984741211,25.59000015258789,15.569999694824219,10.460000038146973,,19.8799991607666,14.199999809265137,21.229999542236328,,,,15.899999618530273,,36.400001525878906,6.650000095367432,29.360000610351562,,18.81999969482422,26.979999542236328,5.829999923706055,17.610000610351562,9.350000381469727,31.329999923706055,29.540000915527344,11.90999984741211,,,19.0,,18.1200008392334,26.25,24.450000762939453,,26.049999237060547,,25.899999618530273,,12.050000190734863,26.520000457763672,2.9200000762939453,22.780000686645508,,5.389999866485596,6.590000152587891,21.239999771118164,19.139999389648438,,16.139999389648438,9.800000190734863,1.350000023841858,,6.550000190734863,,,30.530000686645508,,,21.65999984741211,2.5799999237060547,3.490000009536743,4.71999979019165,,18.229999542236328,1.0499999523162842,13.489999771118164,10.800000190734863,,,2024-10-14,2024Q4
2024-10-15,30.049999237060547,17.959999084472656,11.529999732971191,10.470000267028809,21.90999984741211,,19.729999542236328,20.610000610351562,,10.59000015258789,22.0,,27.489999771118164,,,,,,24.549999237060547,21.360000610351562,,,15.180000305175781,11.850000381469727,,24.81999969482422,6.800000190734863,,21.31999969482422,14.260000228881836,,,20.059999465942383,15.829999923706055,,,20.600000381469727,31.799999237060547,6.800000190734863,,28.030000686645508,8.270000457763672,6.739999771118164,,5.789999961853027,13.890000343322754,,18.829999923706055,25.34000015258789,8.850000381469727,24.280000686645508,,,0.7900000214576721,,3.4700000286102295,7.610000133514404,,24.719999313354492,5.03000020980835,0.8500000238418579,9.84000015258789,20.350000381469727,14.779999732971191,2.299999952316284,,12.59000015258789,20.68000030517578,,,13.899999618530273,,20.420000076293945,24.719999313354492,,14.510000228881836,22.6299991607666,21.56999969482422,2.380000114440918,11.630000114440918,,27.719999313354492,,,2.8399999141693115,2.3499999046325684,,4.329999923706055,,5.809999942779541,,,17.510000228881836,10.239999771118164,,,32.880001068115234,24.260000228881836,26.780000686645508,,2.180000066757202,,28.190000534057617,,,11.300000190734863,27.469999313354492,16.850000381469727,,,,12.789999961853027,14.390000343322754,,,,,,23.459999084472656,16.530000686645508,8.899999618530273,,26.100000381469727,25.59000015258789,15.270000457763672,10.239999771118164,,19.579999923706055,14.050000190734863,21.040000915527344,,,,15.869999885559082,,35.18000030517578,6.980000019073486,29.31999969482422,,18.84000015258789,26.600000381469727,5.800000190734863,17.8700008392334,9.550000190734863,30.549999237060547,29.190000534057617,11.600000381469727,,,17.770000457763672,,18.079999923706055,26.3700008392334,23.950000762939453,,24.579999923706055,,26.239999771118164,,12.0,26.5,2.9200000762939453,23.90999984741211,,5.289999961853027,6.300000190734863,21.030000686645508,19.170000076293945,,15.960000038146973,9.949999809265137,1.409999966621399,,6.480000019073486,,,30.149999618530273,,,20.56999969482422,2.690000057220459,3.509999990463257,5.059999942779541,,18.459999084472656,1.0499999523162842,14.15999984741211,11.079999923706055,,,2024-10-15,2024Q4
2024-10-16,29.940000534057617,18.850000381469727,11.899999618530273,10.989999771118164,21.239999771118164,,19.790000915527344,20.670000076293945,,9.960000038146973,22.219999313354492,,28.170000076293945,,,,,,23.489999771118164,21.469999313354492,,,15.109999656677246,11.729999542236328,,24.940000534057617,7.0,,22.520000457763672,13.75,,,20.3700008392334,15.729999542236328,,,20.43000030517578,32.34000015258789,6.889999866485596,,30.729999542236328,8.34000015258789,6.690000057220459,,5.909999847412109,13.949999809265137,,18.770000457763672,25.670000076293945,8.789999961853027,23.989999771118164,,,0.7799999713897705,,3.4200000762939453,7.46999979019165,,24.649999618530273,5.0,0.8399999737739563,9.680000305175781,20.09000015258789,14.199999809265137,2.259999990463257,,12.430000305175781,20.489999771118164,,,14.359999656677246,,20.43000030517578,27.5,,14.15999984741211,22.200000762939453,21.56999969482422,2.3499999046325684,11.460000038146973,,27.31999969482422,,,2.8399999141693115,2.319999933242798,,4.230000019073486,,6.099999904632568,,,17.969999313354492,11.260000228881836,,,32.459999084472656,23.75,26.75,,2.240000009536743,,28.489999771118164,,,11.3100004196167,28.809999465942383,16.0,,,,12.960000038146973,14.130000114440918,,,,,,23.209999084472656,16.639999389648438,8.779999732971191,,26.030000686645508,25.920000076293945,15.670000076293945,9.800000190734863,,19.270000457763672,13.930000305175781,21.389999389648438,,,,15.899999618530273,,35.900001525878906,7.320000171661377,28.790000915527344,,19.010000228881836,25.93000030517578,5.789999961853027,16.639999389648438,9.479999542236328,30.030000686645508,29.260000228881836,11.390000343322754,,,17.3700008392334,,18.170000076293945,27.190000534057617,24.030000686645508,,25.1200008392334,,26.309999465942383,,12.09000015258789,26.1200008392334,2.9000000953674316,24.399999618530273,,5.340000152587891,6.480000019073486,21.239999771118164,19.040000915527344,,16.270000457763672,9.8100004196167,1.3600000143051147,,6.449999809265137,,,29.049999237060547,,,19.6299991607666,2.75,3.5,4.889999866485596,,17.81999969482422,1.0399999618530273,13.470000267028809,10.569999694824219,,,2024-10-16,2024Q4
2024-10-17,28.719999313354492,18.010000228881836,11.609999656677246,10.84000015258789,20.549999237060547,,19.0,19.440000534057617,,10.260000228881836,21.5,,28.209999084472656,,,,,,22.829999923706055,21.510000228881836,,,15.079999923706055,11.210000038146973,,25.75,6.829999923706055,,21.270000457763672,12.65999984741211,,,19.440000534057617,15.760000228881836,,,20.200000762939453,31.40999984741211,6.78000020980835,,29.1299991607666,8.119999885559082,6.690000057220459,,5.820000171661377,13.59000015258789,,18.559999465942383,24.700000762939453,8.369999885559082,23.56999969482422,,,0.7799999713897705,,3.390000104904175,7.369999885559082,,24.1200008392334,4.960000038146973,0.8399999737739563,9.34000015258789,19.65999984741211,14.109999656677246,2.240000009536743,,12.350000381469727,20.020000457763672,,,13.970000267028809,,19.299999237060547,26.329999923706055,,13.789999961853027,21.690000534057617,21.65999984741211,2.299999952316284,11.4399995803833,,27.829999923706055,,,2.759999990463257,2.319999933242798,,4.170000076293945,,6.389999866485596,,,17.540000915527344,12.380000114440918,,,31.6200008392334,23.809999465942383,26.600000381469727,,2.1600000858306885,,28.18000030517578,,,11.010000228881836,28.309999465942383,15.210000038146973,,,,12.59000015258789,14.010000228881836,,,,,,23.200000762939453,16.100000381469727,8.600000381469727,,25.709999084472656,25.729999542236328,15.369999885559082,10.0,,18.940000534057617,13.710000038146973,20.979999542236328,,,,15.40999984741211,,34.779998779296875,7.03000020980835,27.829999923706055,,18.739999771118164,24.979999542236328,5.5,16.90999984741211,9.460000038146973,29.040000915527344,28.290000915527344,11.050000190734863,,,17.06999969482422,,18.639999389648438,26.8799991607666,23.59000015258789,,24.8799991607666,,26.190000534057617,,12.550000190734863,25.959999084472656,2.8299999237060547,23.520000457763672,,5.099999904632568,6.380000114440918,20.43000030517578,18.719999313354492,,16.010000228881836,10.0600004196167,1.3600000143051147,,6.360000133514404,,,27.709999084472656,,,20.59000015258789,2.7699999809265137,3.4700000286102295,4.730000019073486,,17.459999084472656,1.0399999618530273,14.130000114440918,10.65999984741211,,,2024-10-17,2024Q4
2024-10-18,28.969999313354492,18.549999237060547,11.470000267028809,10.609999656677246,20.639999389648438,,18.950000762939453,20.06999969482422,,11.15999984741211,21.520000457763672,,27.829999923706055,,,,,,22.639999389648438,21.81999969482422,,,15.010000228881836,11.260000228881836,,24.829999923706055,6.690000057220459,,21.110000610351562,13.039999961853027,,,19.969999313354492,15.569999694824219,,,20.190000534057617,30.709999084472656,6.710000038146973,,29.520000457763672,7.400000095367432,6.610000133514404,,5.730000019073486,13.859999656677246,,18.469999313354492,24.959999084472656,8.470000267028809,23.280000686645508,,,0.75,,3.359999895095825,7.070000171661377,,24.030000686645508,5.0,0.8399999737739563,9.539999961853027,19.739999771118164,14.199999809265137,2.2200000286102295,,12.229999542236328,19.850000381469727,,,14.050000190734863,,18.889999389648438,26.149999618530273,,14.119999885559082,22.209999084472656,21.969999313354492,2.2899999618530273,11.539999961853027,,27.43000030517578,,,2.7799999713897705,2.3399999141693115,,4.289999961853027,,6.690000057220459,,,17.219999313354492,11.180000305175781,,,31.469999313354492,23.600000381469727,26.34000015258789,,2.109999895095825,,27.270000457763672,,,10.920000076293945,28.979999542236328,15.40999984741211,,,,12.59000015258789,13.930000305175781,,,,,,22.75,16.18000030517578,8.819999694824219,,25.739999771118164,25.799999237060547,15.40999984741211,10.0,,19.059999465942383,13.739999771118164,20.84000015258789,,,,15.3100004196167,,34.54999923706055,6.820000171661377,27.06999969482422,,18.56999969482422,26.110000610351562,5.889999866485596,16.34000015258789,9.800000190734863,29.31999969482422,27.90999984741211,10.979999542236328,,,17.209999084472656,,18.15999984741211,26.420000076293945,23.290000915527344,,23.93000030517578,,26.40999984741211,,12.15999984741211,25.700000762939453,2.799999952316284,23.25,,5.110000133514404,6.329999923706055,20.65999984741211,18.549999237060547,,15.970000267028809,9.920000076293945,1.350000023841858,,6.269999980926514,,,29.09000015258789,,,19.860000610351562,2.7100000381469727,3.450000047683716,4.619999885559082,,17.18000030517578,1.0199999809265137,13.960000038146973,10.380000114440918,,,2024-10-18,2024Q4
2024-10-21,27.850000381469727,17.860000610351562,11.210000038146973,10.079999923706055,20.25,,18.729999542236328,19.959999084472656,,11.600000381469727,20.84000015258789,,27.149999618530273,,,,,,21.780000686645508,21.540000915527344,,,14.899999618530273,10.869999885559082,,25.270000457763672,6.710000038146973,,21.010000228881836,13.15999984741211,,,19.020000457763672,15.050000190734863,,,19.18000030517578,30.1200008392334,6.599999904632568,,27.670000076293945,7.610000133514404,6.579999923706055,,5.570000171661377,13.279999732971191,,18.1299991607666,24.170000076293945,8.0600004196167,22.450000762939453,,,0.7400000095367432,,3.309999942779541,6.889999866485596,,23.329999923706055,4.75,0.8399999737739563,9.529999732971191,19.139999389648438,13.609999656677246,2.1500000953674316,,11.90999984741211,19.420000076293945,,,13.399999618530273,,19.020000457763672,25.31999969482422,,13.489999771118164,22.09000015258789,21.440000534057617,2.309999942779541,11.050000190734863,,26.530000686645508,,,2.75,2.299999952316284,,4.710000038146973,,7.010000228881836,,,16.780000686645508,10.789999961853027,,,30.170000076293945,23.700000762939453,27.670000076293945,,2.0899999141693115,,27.90999984741211,,,10.539999961853027,28.809999465942383,15.510000228881836,,,,12.260000228881836,14.039999961853027,,,,,,22.3799991607666,15.729999542236328,8.729999542236328,,25.1299991607666,24.850000381469727,15.119999885559082,9.850000381469727,,18.719999313354492,12.960000038146973,20.6200008392334,,,,15.239999771118164,,32.81999969482422,6.539999961853027,27.030000686645508,,18.350000381469727,25.760000228881836,5.829999923706055,15.489999771118164,10.359999656677246,28.520000457763672,26.889999389648438,10.470000267028809,,,16.850000381469727,,17.6299991607666,27.3700008392334,23.079999923706055,,23.139999389648438,,25.280000686645508,,12.0,23.959999084472656,2.7300000190734863,22.25,,5.130000114440918,6.199999809265137,19.940000534057617,17.979999542236328,,15.239999771118164,9.5,1.3899999856948853,,6.559999942779541,,,30.540000915527344,,,18.860000610351562,2.819999933242798,3.3499999046325684,4.599999904632568,,16.899999618530273,1.0199999809265137,13.649999618530273,9.859999656677246,,,2024-10-21,2024Q4
2024-10-22,26.959999084472656,17.06999969482422,10.699999809265137,9.569999694824219,19.149999618530273,,18.889999389648438,19.110000610351562,,9.930000305175781,20.940000534057617,,26.520000457763672,,,,,,20.389999389648438,20.850000381469727,,,14.670000076293945,10.1899995803833,,23.3799991607666,6.480000019073486,,18.959999084472656,13.039999961853027,,,18.139999389648438,14.199999809265137,,,18.309999465942383,28.610000610351562,6.28000020980835,,26.040000915527344,7.25,6.239999771118164,,5.460000038146973,12.90999984741211,,17.450000762939453,23.020000457763672,7.650000095367432,21.31999969482422,,,0.7099999785423279,,3.140000104904175,6.559999942779541,,21.90999984741211,4.510000228881836,0.800000011920929,9.170000076293945,18.479999542236328,12.720000267028809,2.0399999618530273,,11.40999984741211,18.84000015258789,,,13.140000343322754,,17.59000015258789,24.1200008392334,,12.819999694824219,20.979999542236328,19.889999389648438,2.200000047683716,10.569999694824219,,25.200000762939453,,,2.7100000381469727,2.319999933242798,,4.230000019073486,,7.349999904632568,,,16.1299991607666,10.109999656677246,,,28.719999313354492,21.5,26.079999923706055,,2.009999990463257,,27.31999969482422,,,10.199999809265137,27.920000076293945,15.039999961853027,,,,11.729999542236328,13.789999961853027,,,,,,21.149999618530273,14.789999961853027,8.069999694824219,,24.06999969482422,23.65999984741211,14.329999923706055,9.5,,18.049999237060547,12.40999984741211,20.020000457763672,,,,14.609999656677246,,31.170000076293945,6.409999847412109,26.139999389648438,,17.510000228881836,25.969999313354492,5.380000114440918,15.239999771118164,9.640000343322754,28.729999542236328,25.110000610351562,9.9399995803833,,,16.65999984741211,,17.020000457763672,26.170000076293945,21.950000762939453,,21.65999984741211,,23.68000030517578,,11.170000076293945,23.030000686645508,2.6500000953674316,21.1299991607666,,4.880000114440918,6.099999904632568,19.049999237060547,17.15999984741211,,14.789999961853027,9.359999656677246,1.3200000524520874,,6.230000019073486,,,29.010000228881836,,,17.90999984741211,2.9000000953674316,3.2300000190734863,4.440000057220459,,15.899999618530273,0.9800000190734863,12.960000038146973,9.359999656677246,,,2024-10-22,2024Q4
2024-10-23,27.59000015258789,16.3799991607666,11.229999542236328,10.0,20.170000076293945,,18.8700008392334,19.030000686645508,,10.520000457763672,22.989999771118164,,27.079999923706055,,,,,,21.229999542236328,20.1200008392334,,,14.529999732971191,10.350000381469727,,23.950000762939453,6.699999809265137,,19.709999084472656,12.550000190734863,,,19.040000915527344,14.65999984741211,,,18.829999923706055,29.40999984741211,6.079999923706055,,26.440000534057617,7.269999980926514,6.099999904632568,,5.550000190734863,12.770000457763672,,17.25,23.360000610351562,7.559999942779541,21.09000015258789,,,0.7699999809265137,,3.200000047683716,6.559999942779541,,22.440000534057617,4.329999923706055,0.8199999928474426,9.1899995803833,19.010000228881836,12.989999771118164,1.9900000095367432,,11.149999618530273,18.93000030517578,,,12.4399995803833,,17.65999984741211,24.020000457763672,,12.949999809265137,21.219999313354492,19.770000457763672,2.2200000286102295,10.539999961853027,,24.860000610351562,,,2.6500000953674316,2.2899999618530273,,4.190000057220459,,6.980000019073486,,,16.56999969482422,9.970000267028809,,,27.979999542236328,22.31999969482422,23.5,,1.9900000095367432,,26.790000915527344,,,10.260000228881836,26.549999237060547,15.0,,,,11.600000381469727,13.319999694824219,,,,,,21.190000534057617,15.029999732971191,8.25,,24.1200008392334,23.1299991607666,14.25,9.369999885559082,,17.520000457763672,12.5600004196167,20.020000457763672,,,,13.869999885559082,,30.219999313354492,6.090000152587891,26.389999389648438,,17.40999984741211,25.68000030517578,5.690000057220459,15.239999771118164,9.420000076293945,27.6200008392334,25.899999618530273,10.270000457763672,,,16.56999969482422,,16.84000015258789,25.809999465942383,21.18000030517578,,23.1299991607666,,23.780000686645508,,11.4399995803833,23.389999389648438,2.640000104904175,20.399999618530273,,5.010000228881836,6.230000019073486,19.579999923706055,17.549999237060547,,14.880000114440918,9.800000190734863,1.2799999713897705,,6.239999771118164,,,29.010000228881836,,,17.010000228881836,2.819999933242798,3.2799999713897705,4.480000019073486,,15.949999809265137,0.9900000095367432,12.630000114440918,8.890000343322754,,,2024-10-23,2024Q4
2024-10-24,26.799999237060547,17.190000534057617,11.260000228881836,9.949999809265137,20.059999465942383,,18.68000030517578,18.799999237060547,,10.229999542236328,22.899999618530273,,26.770000457763672,,,,,,21.209999084472656,20.309999465942383,,,14.510000228881836,10.0600004196167,,23.889999389648438,6.570000171661377,,19.049999237060547,12.430000305175781,,,18.59000015258789,14.640000343322754,,,18.489999771118164,29.209999084472656,6.099999904632568,,26.690000534057617,7.230000019073486,6.150000095367432,,5.610000133514404,12.6899995803833,,16.709999084472656,23.31999969482422,7.559999942779541,20.540000915527344,,,0.7400000095367432,,3.180000066757202,6.590000152587891,,22.049999237060547,4.110000133514404,0.8100000023841858,9.220000267028809,18.440000534057617,12.850000381469727,2.0799999237060547,,11.1899995803833,18.760000228881836,,,12.829999923706055,,17.049999237060547,24.469999313354492,,12.880000114440918,21.020000457763672,19.5,2.2200000286102295,10.520000457763672,,24.950000762939453,,,2.6600000858306885,2.1700000762939453,,4.070000171661377,,6.630000114440918,,,17.059999465942383,10.100000381469727,,,28.31999969482422,21.889999389648438,23.670000076293945,,1.9500000476837158,,26.8700008392334,,,10.109999656677246,25.889999389648438,15.15999984741211,,,,11.430000305175781,13.779999732971191,,,,,,20.969999313354492,14.609999656677246,8.210000038146973,,24.110000610351562,22.350000381469727,14.079999923706055,9.649999618530273,,17.84000015258789,12.270000457763672,19.65999984741211,,,,13.829999923706055,,30.170000076293945,5.960000038146973,26.40999984741211,,17.389999389648438,25.329999923706055,5.559999942779541,15.449999809265137,9.470000267028809,27.079999923706055,25.100000381469727,10.779999732971191,,,15.720000267028809,,16.68000030517578,25.84000015258789,21.6200008392334,,22.790000915527344,,23.040000915527344,,11.270000457763672,23.09000015258789,2.6700000762939453,20.40999984741211,,5.139999866485596,6.070000171661377,19.010000228881836,17.559999465942383,,14.699999809265137,9.75,1.2699999809265137,,6.53000020980835,,,27.65999984741211,,,16.149999618530273,2.759999990463257,3.299999952316284,4.550000190734863,,15.899999618530273,0.9900000095367432,13.119999885559082,8.510000228881836,,,2024-10-24,2024Q4
2024-10-25,26.06999969482422,16.649999618530273,10.880000114440918,9.449999809265137,19.290000915527344,,18.549999237060547,18.68000030517578,,9.920000076293945,21.8700008392334,,25.93000030517578,,,,,,20.459999084472656,19.350000381469727,,,14.4399995803833,9.649999618530273,,22.829999923706055,6.340000152587891,,19.040000915527344,12.100000381469727,,,18.43000030517578,14.119999885559082,,,17.639999389648438,28.1299991607666,5.940000057220459,,26.709999084472656,7.300000190734863,6.019999980926514,,5.579999923706055,12.350000381469727,,16.700000762939453,22.959999084472656,7.210000038146973,20.31999969482422,,,0.7200000286102295,,3.0799999237060547,6.380000114440918,,21.139999389648438,3.9000000953674316,0.7799999713897705,8.930000305175781,17.68000030517578,12.09000015258789,1.9700000286102295,,11.430000305175781,18.079999923706055,,,12.350000381469727,,17.229999542236328,23.540000915527344,,12.350000381469727,20.270000457763672,18.65999984741211,2.180000066757202,10.130000114440918,,23.700000762939453,,,2.609999895095825,2.059999942779541,,4.090000152587891,,6.289999961853027,,,16.950000762939453,9.970000267028809,,,26.899999618530273,20.93000030517578,23.68000030517578,,1.9500000476837158,,26.969999313354492,,,9.710000038146973,25.770000457763672,15.010000228881836,,,,11.039999961853027,13.09000015258789,,,,,,20.049999237060547,14.59000015258789,8.029999732971191,,23.549999237060547,22.540000915527344,13.09000015258789,9.520000457763672,,17.399999618530273,11.9399995803833,18.979999542236328,,,,13.130000114440918,,28.65999984741211,6.25,26.239999771118164,,16.479999542236328,24.760000228881836,5.309999942779541,15.289999961853027,9.1899995803833,27.030000686645508,24.020000457763672,10.890000343322754,,,15.109999656677246,,15.579999923706055,24.639999389648438,21.389999389648438,,21.790000915527344,,21.860000610351562,,10.670000076293945,22.229999542236328,2.5899999141693115,19.989999771118164,,4.909999847412109,6.010000228881836,18.290000915527344,17.530000686645508,,14.470000267028809,9.359999656677246,1.2400000095367432,,6.849999904632568,,,26.270000457763672,,,15.34000015258789,2.7100000381469727,3.180000066757202,4.659999847412109,,15.4399995803833,0.9700000286102295,12.460000038146973,8.079999923706055,,,2024-10-25,2024Q4
2024-10-28,26.889999389648438,16.18000030517578,10.800000190734863,9.699999809265137,19.799999237060547,,18.270000457763672,18.969999313354492,,10.029999732971191,21.219999313354492,,26.350000381469727,,,,,,20.209999084472656,20.1200008392334,,,14.510000228881836,9.869999885559082,,23.979999542236328,6.400000095367432,,19.350000381469727,12.0,,,18.329999923706055,14.779999732971191,,,17.329999923706055,28.389999389648438,6.230000019073486,,27.420000076293945,7.170000076293945,6.03000020980835,,5.480000019073486,12.569999694824219,,17.040000915527344,23.459999084472656,7.570000171661377,21.329999923706055,,,0.7400000095367432,,3.109999895095825,6.289999961853027,,21.5,4.090000152587891,0.7900000214576721,9.329999923706055,18.18000030517578,12.350000381469727,1.9500000476837158,,11.739999771118164,18.700000762939453,,,12.609999656677246,,18.399999618530273,24.579999923706055,,12.420000076293945,20.799999237060547,18.59000015258789,2.240000009536743,10.279999732971191,,24.209999084472656,,,2.7200000286102295,2.140000104904175,,4.050000190734863,,5.96999979019165,,,16.100000381469727,9.890000343322754,,,27.75,21.40999984741211,24.600000381469727,,1.9700000286102295,,27.34000015258789,,,10.039999961853027,25.020000457763672,15.0,,,,11.220000267028809,13.739999771118164,,,,,,20.729999542236328,14.720000267028809,8.0600004196167,,23.649999618530273,23.18000030517578,13.010000228881836,9.569999694824219,,17.229999542236328,12.100000381469727,19.510000228881836,,,,13.430000305175781,,27.489999771118164,6.559999942779541,25.790000915527344,,17.040000915527344,24.93000030517578,6.329999923706055,15.199999809265137,9.270000457763672,27.469999313354492,24.459999084472656,10.34000015258789,,,14.9399995803833,,16.079999923706055,24.440000534057617,22.34000015258789,,22.399999618530273,,23.1200008392334,,11.039999961853027,23.149999618530273,2.5299999713897705,20.979999542236328,,4.860000133514404,5.699999809265137,19.489999771118164,17.969999313354492,,14.479999542236328,9.630000114440918,1.25,,7.190000057220459,,,26.440000534057617,,,14.800000190734863,2.569999933242798,3.190000057220459,4.550000190734863,,15.970000267028809,0.9900000095367432,12.069999694824219,8.479999542236328,,,2024-10-28,2024Q4
2024-10-29,26.899999618530273,16.280000686645508,10.640000343322754,9.539999961853027,19.790000915527344,,18.670000076293945,18.770000457763672,,10.140000343322754,21.670000076293945,,26.90999984741211,,,,,,20.079999923706055,20.6200008392334,,,14.470000267028809,9.989999771118164,,24.290000915527344,6.269999980926514,,19.5,11.960000038146973,,,19.18000030517578,14.729999542236328,,,17.43000030517578,27.770000457763672,6.059999942779541,,27.459999084472656,7.269999980926514,6.110000133514404,,5.309999942779541,12.449999809265137,,17.219999313354492,23.350000381469727,7.920000076293945,22.389999389648438,,,0.7400000095367432,,3.180000066757202,6.300000190734863,,22.139999389648438,4.289999961853027,0.7900000214576721,9.220000267028809,18.459999084472656,12.020000457763672,1.899999976158142,,11.720000267028809,18.760000228881836,,,13.010000228881836,,18.06999969482422,24.469999313354492,,12.270000457763672,21.40999984741211,19.299999237060547,2.2200000286102295,10.59000015258789,,24.049999237060547,,,2.7100000381469727,2.1700000762939453,,4.010000228881836,,5.670000076293945,,,16.450000762939453,9.930000305175781,,,26.829999923706055,20.93000030517578,24.299999237060547,,2.119999885559082,,26.40999984741211,,,10.170000076293945,23.760000228881836,15.069999694824219,,,,11.3100004196167,14.050000190734863,,,,,,20.90999984741211,14.229999542236328,8.289999961853027,,23.690000534057617,22.8700008392334,12.770000457763672,9.5600004196167,,17.09000015258789,12.34000015258789,20.059999465942383,,,,13.510000228881836,,27.389999389648438,6.880000114440918,26.06999969482422,,17.09000015258789,25.170000076293945,5.599999904632568,15.119999885559082,9.149999618530273,27.709999084472656,24.469999313354492,9.819999694824219,,,15.199999809265137,,15.859999656677246,24.510000228881836,22.09000015258789,,21.3700008392334,,22.690000534057617,,10.90999984741211,22.920000076293945,2.619999885559082,20.799999237060547,,4.889999866485596,5.550000190734863,19.049999237060547,17.690000534057617,,14.260000228881836,9.430000305175781,1.25,,7.539999961853027,,,25.920000076293945,,,15.1899995803833,2.5399999618530273,3.200000047683716,4.539999961853027,,16.15999984741211,1.0099999904632568,11.729999542236328,8.899999618530273,,,2024-10-29,2024Q4
2024-10-30,27.510000228881836,16.670000076293945,11.119999885559082,10.010000228881836,19.649999618530273,,18.989999771118164,19.079999923706055,,10.229999542236328,22.440000534057617,,26.93000030517578,,,,,,20.399999618530273,20.479999542236328,,,14.4399995803833,10.229999542236328,,23.959999084472656,6.53000020980835,,20.040000915527344,11.9399995803833,,,20.1299991607666,15.140000343322754,,,18.1200008392334,28.709999084472656,6.309999942779541,,27.979999542236328,7.289999961853027,6.380000114440918,,5.409999847412109,12.800000190734863,,17.780000686645508,24.06999969482422,7.739999771118164,23.5,,,0.8100000023841858,,3.4100000858306885,6.300000190734863,,22.329999923706055,4.5,0.800000011920929,9.550000190734863,18.889999389648438,12.75,1.9900000095367432,,11.489999771118164,19.280000686645508,,,12.949999809265137,,18.90999984741211,24.920000076293945,,12.880000114440918,22.40999984741211,20.579999923706055,2.309999942779541,11.109999656677246,,25.25,,,2.8399999141693115,2.2300000190734863,,4.369999885559082,,5.670000076293945,,,17.219999313354492,9.989999771118164,,,28.030000686645508,22.239999771118164,24.139999389648438,,2.0799999237060547,,26.940000534057617,,,10.460000038146973,22.860000610351562,15.430000305175781,,,,12.119999885559082,14.319999694824219,,,,,,21.469999313354492,14.989999771118164,8.489999771118164,,23.93000030517578,22.799999237060547,13.270000457763672,9.829999923706055,,17.709999084472656,13.569999694824219,20.760000228881836,,,,14.050000190734863,,28.75,6.659999847412109,26.549999237060547,,17.600000381469727,24.8799991607666,5.730000019073486,15.619999885559082,9.380000114440918,28.020000457763672,25.799999237060547,9.920000076293945,,,15.789999961853027,,16.100000381469727,25.729999542236328,23.079999923706055,,22.209999084472656,,23.719999313354492,,11.109999656677246,24.15999984741211,2.680000066757202,21.84000015258789,,4.96999979019165,5.590000152587891,19.84000015258789,18.010000228881836,,14.59000015258789,9.779999732971191,1.25,,7.909999847412109,,,26.739999771118164,,,15.890000343322754,2.609999895095825,3.3499999046325684,4.599999904632568,,16.5,1.0399999618530273,11.75,8.979999542236328,,,2024-10-30,2024Q4
2024-10-31,27.940000534057617,16.959999084472656,11.65999984741211,9.920000076293945,20.200000762939453,,18.75,18.399999618530273,,10.329999923706055,22.40999984741211,,26.729999542236328,,,,,,20.3799991607666,21.309999465942383,,,14.369999885559082,11.1899995803833,,24.100000381469727,6.579999923706055,,19.6299991607666,11.989999771118164,,,21.110000610351562,14.729999542236328,,,18.260000228881836,28.219999313354492,6.599999904632568,,28.649999618530273,7.230000019073486,6.460000038146973,,5.449999809265137,12.90999984741211,,17.8700008392334,24.639999389648438,8.119999885559082,24.670000076293945,,,0.8899999856948853,,3.4700000286102295,6.289999961853027,,22.420000076293945,4.710000038146973,0.8399999737739563,10.010000228881836,19.030000686645508,13.0600004196167,2.0799999237060547,,11.930000305175781,19.399999618530273,,,12.569999694824219,,18.950000762939453,25.1299991607666,,13.520000457763672,22.489999771118164,21.469999313354492,2.1500000953674316,11.579999923706055,,25.420000076293945,,,2.890000104904175,2.2300000190734863,,4.159999847412109,,6.019999980926514,,,17.389999389648438,9.989999771118164,,,28.200000762939453,22.670000076293945,24.200000762939453,,2.1500000953674316,,28.270000457763672,,,10.569999694824219,23.950000762939453,15.510000228881836,,,,12.260000228881836,14.1899995803833,,,,,,21.799999237060547,15.75,8.819999694824219,,23.309999465942383,23.020000457763672,13.270000457763672,10.0,,17.959999084472656,13.65999984741211,20.8799991607666,,,,14.390000343322754,,28.15999984741211,6.690000057220459,26.739999771118164,,17.84000015258789,25.200000762939453,5.769999980926514,15.859999656677246,9.550000190734863,28.549999237060547,26.170000076293945,9.670000076293945,,,15.890000343322754,,16.459999084472656,26.829999923706055,23.43000030517578,,22.149999618530273,,24.719999313354492,,11.489999771118164,24.1200008392334,2.6500000953674316,22.34000015258789,,5.170000076293945,5.670000076293945,20.200000762939453,18.100000381469727,,15.270000457763672,10.25,1.309999942779541,,8.300000190734863,,,26.6299991607666,,,16.670000076293945,2.7100000381469727,3.490000009536743,4.619999885559082,,17.110000610351562,1.059999942779541,12.329999923706055,9.420000076293945,,,2024-10-31,2024Q4
2024-11-01,27.940000534057617,16.959999084472656,11.65999984741211,9.920000076293945,20.200000762939453,,18.75,18.399999618530273,,10.329999923706055,22.40999984741211,,26.729999542236328,,,,,,20.3799991607666,21.309999465942383,,,14.369999885559082,11.1899995803833,,24.100000381469727,6.579999923706055,,19.6299991607666,11.989999771118164,,,21.110000610351562,14.729999542236328,,,18.260000228881836,28.219999313354492,6.599999904632568,,28.649999618530273,7.230000019073486,6.460000038146973,,5.449999809265137,12.90999984741211,,17.8700008392334,24.639999389648438,8.119999885559082,24.670000076293945,,,0.8899999856948853,,3.4700000286102295,6.289999961853027,,22.420000076293945,4.710000038146973,0.8399999737739563,10.010000228881836,19.030000686645508,13.0600004196167,2.0799999237060547,,11.930000305175781,19.399999618530273,,,12.569999694824219,,18.950000762939453,25.1299991607666,,13.520000457763672,22.489999771118164,21.469999313354492,2.1500000953674316,11.579999923706055,,25.420000076293945,,,2.890000104904175,2.2300000190734863,,4.159999847412109,,6.159999847412109,,,17.389999389648438,9.989999771118164,,,28.200000762939453,22.670000076293945,24.200000762939453,,2.1500000953674316,,28.270000457763672,,,10.569999694824219,23.950000762939453,15.510000228881836,,,,12.260000228881836,14.1899995803833,,,,,,21.799999237060547,15.75,8.819999694824219,,23.309999465942383,23.020000457763672,13.270000457763672,10.0,,17.959999084472656,13.65999984741211,20.8799991607666,,,,14.390000343322754,,28.15999984741211,6.690000057220459,26.739999771118164,,17.84000015258789,25.200000762939453,5.769999980926514,15.859999656677246,9.550000190734863,28.549999237060547,26.170000076293945,9.670000076293945,,,15.890000343322754,,16.459999084472656,26.829999923706055,23.43000030517578,,22.149999618530273,,24.719999313354492,,11.489999771118164,24.1200008392334,2.6500000953674316,22.34000015258789,,5.170000076293945,5.670000076293945,20.200000762939453,18.100000381469727,,15.270000457763672,10.25,1.3700000047683716,,8.300000190734863,,,26.6299991607666,,,16.670000076293945,2.7100000381469727,3.490000009536743,4.619999885559082,,17.110000610351562,1.059999942779541,12.329999923706055,9.420000076293945,,,2024-11-01,2024Q4
2024-11-04,28.479999542236328,18.440000534057617,11.859999656677246,10.5,21.399999618530273,,19.09000015258789,20.0,,10.649999618530273,22.700000762939453,,28.290000915527344,,,,,,20.989999771118164,21.329999923706055,,,14.420000076293945,11.300000190734863,,25.1299991607666,6.849999904632568,,21.5,12.380000114440918,,,23.0,14.850000381469727,,,19.510000228881836,29.5,6.980000019073486,,28.469999313354492,7.300000190734863,6.75,,5.690000057220459,13.079999923706055,,18.440000534057617,25.75,8.800000190734863,25.450000762939453,,,1.0,,3.549999952316284,6.360000133514404,,22.049999237060547,5.099999904632568,0.9100000262260437,10.5,19.690000534057617,13.5,2.25,,12.470000267028809,19.860000610351562,,,12.949999809265137,,19.25,25.100000381469727,,13.800000190734863,22.799999237060547,23.0,2.240000009536743,12.449999809265137,,26.979999542236328,,,2.9200000762939453,2.3399999141693115,,4.400000095367432,,6.170000076293945,,,17.450000762939453,10.390000343322754,,,29.700000762939453,22.989999771118164,24.559999465942383,,2.180000066757202,,29.950000762939453,,,10.770000457763672,26.0,15.979999542236328,,,,12.569999694824219,15.350000381469727,,,,,,22.0,15.600000381469727,9.180000305175781,,25.3799991607666,23.399999618530273,13.40999984741211,10.4399995803833,,19.049999237060547,14.050000190734863,21.049999237060547,,,,14.829999923706055,,29.309999465942383,6.889999866485596,26.719999313354492,,18.31999969482422,26.299999237060547,5.849999904632568,16.600000381469727,10.289999961853027,29.0,27.1200008392334,10.0,,,15.979999542236328,,17.0,29.1200008392334,23.950000762939453,,23.489999771118164,,24.719999313354492,,11.970000267028809,24.239999771118164,2.7699999809265137,24.139999389648438,,5.480000019073486,6.0,21.100000381469727,18.489999771118164,,15.539999961853027,11.029999732971191,1.409999966621399,,9.130000114440918,,,26.8700008392334,,,18.360000610351562,2.9800000190734863,3.5399999618530273,4.739999771118164,,17.239999771118164,1.1399999856948853,12.800000190734863,10.300000190734863,,,2024-11-04,2024Q4
