,Sr. No.,Symbol,Company Name,Market_Cap
0,1.0,RELIANCE,Reliance Industries Limited,201056022.44887602
1,2.0,TCS,Tata Consultancy Services Limited,140247926.46023402
2,3.0,HDFCBANK,HDFC Bank Limited,109991524.325625
3,4.0,ICICIBANK,ICICI Bank Limited,76765684.662095
4,5.0,BHARTIARTL,Bharti Airtel Limited,69478399.828022
5,6.0,SBIN,State Bank of India,67144317.885449
6,7.0,INFY,Infosys Limited,62179773.923295
7,8.0,LICI,Life Insurance Corporation Of India,57946466.43771151
8,9.0,ITC,ITC Limited,53464377.653102
9,10.0,HINDUNILVR,Hindustan Unilever Limited,53202969.741097
10,11.0,LT,Larsen & Toubro Limited,51739685.697462
11,12.0,BAJFINANCE,Bajaj Finance Limited,44847830.8748
12,13.0,HCLTECH,HCL Technologies Limited,41886777.589308
13,14.0,MARUTI,Maruti Suzuki India Limited,39615824.733008996
14,15.0,SUNPHARMA,Sun Pharmaceutical Industries Limited,38882422.856335
15,16.0,ADANIENT,Adani Enterprises Limited,36446975.839491
16,17.0,KOTAKBANK,Kotak Mahindra Bank Limited,35493864.40367
17,18.0,TITAN,Titan Company Limited,33751854.23088
18,19.0,ONGC,Oil & Natural Gas Corporation Limited,33721438.411683
19,20.0,TATAMOTORS,Tata Motors Limited,32993242.212424
20,21.0,NTPC,NTPC Limited,32561404.877972003
21,22.0,AXISBANK,Axis Bank Limited,32316521.806183998
22,23.0,DMART,Avenue Supermarts Limited,29449575.725408
23,24.0,ADANIGREEN,Adani Green Energy Limited,29069372.020017
24,25.0,ADANIPORTS,Adani Ports and Special Economic Zone Limited,28985824.4334825
25,26.0,ULTRACEMCO,UltraTech Cement Limited,28144844.922926
26,27.0,ASIANPAINT,Asian Paints Limited,27305963.086825
27,28.0,COALINDIA,Coal India Limited,26752403.667507
28,29.0,BAJAJFINSV,Bajaj Finserv Limited,26227442.8525005
29,30.0,BAJAJ-AUTO,Bajaj Auto Limited,25905708.848513998
30,31.0,POWERGRID,Power Grid Corporation of India Limited,25753371.974811003
31,32.0,NESTLEIND,Nestle India Limited,25283575.28526
32,33.0,WIPRO,Wipro Limited,25085189.775062997
33,34.0,M&M,Mahindra & Mahindra Limited,23892541.1944185
34,35.0,IOC,Indian Oil Corporation Limited,23688377.3874825
35,36.0,JIOFIN,Jio Financial Services Limited,22474742.81505
36,37.0,HAL,Hindustan Aeronautics Limited,22250144.25
37,38.0,DLF,DLF Limited,22203575.87292
38,39.0,ADANIPOWER,Adani Power Limited,20588340.067058
39,40.0,JSWSTEEL,JSW Steel Limited,20302158.825732
40,41.0,TATASTEEL,Tata Steel Limited,19455577.096003503
41,42.0,SIEMENS,Siemens Limited,19138080.5638275
42,43.0,IRFC,Indian Railway Finance Corporation Limited,18603018.291
43,44.0,VBL,Varun Beverages Limited,18173275.015518002
44,45.0,ZOMATO,Zomato Limited,16060826.197824
45,46.0,PIDILITIND,Pidilite Industries Limited,15333045.77298
46,47.0,GRASIM,Grasim Industries Limited,15061395.336298
47,48.0,SBILIFE,SBI Life Insurance Company Limited,15023154.751885
48,49.0,BEL,Bharat Electronics Limited,14729204.340435
49,50.0,LTIM,LTIMindtree Limited,14625731.814696
50,51.0,TRENT,Trent Limited,14034644.96028
51,52.0,PNB,Punjab National Bank,13697703.354152
52,53.0,INDIGO,InterGlobe Aviation Limited,13697032.747198502
53,54.0,BANKBARODA,Bank of Baroda,13654981.8336495
54,55.0,HDFCLIFE,HDFC Life Insurance Company Limited,13622484.914011499
55,56.0,ABB,ABB India Limited,13479173.8711875
56,57.0,BPCL,Bharat Petroleum Corporation Limited,13067578.529856
57,58.0,PFC,Power Finance Corporation Limited,12878647.1184
58,59.0,GODREJCP,Godrej Consumer Products Limited,12803664.878422
59,60.0,TATAPOWER,Tata Power Company Limited,12596028.494274
60,61.0,HINDALCO,Hindalco Industries Limited,12590030.5701075
61,62.0,HINDZINC,Hindustan Zinc Limited,12350607.437
62,63.0,TECHM,Tech Mahindra Limited,12188534.149834
63,64.0,AMBUJACEM,Ambuja Cements Limited,12159098.5597815
64,65.0,INDUSINDBK,IndusInd Bank Limited,12086763.08377
65,66.0,CIPLA,Cipla Limited,12085856.415178
66,67.0,GAIL,GAIL (India) Limited,11904217.905461999
67,68.0,RECLTD,REC Limited,11875840.24
68,69.0,BRITANNIA,Britannia Industries Limited,11829644.1873
69,70.0,UNIONBANK,Union Bank of India,11717584.606745
70,71.0,ADANIENSOL,Adani Energy Solutions Limited,11452763.376361001
71,72.0,IOB,Indian Overseas Bank,11331996.147472
72,73.0,LODHA,Macrotech Developers Limited,11295121.6713225
73,74.0,EICHERMOT,Eicher Motors Limited,11005069.68659
74,75.0,CANBK,Canara Bank,10541003.829246
75,76.0,TATACONSUM,TATA CONSUMER PRODUCTS LIMITED,10444975.252992
76,77.0,DRREDDY,Dr. Reddy's Laboratories Limited,10272502.002014
77,78.0,TVSMOTOR,TVS Motor Company Limited,10223162.062609
78,79.0,ZYDUSLIFE,Zydus Lifesciences Limited,10196438.3942165
79,80.0,ATGL,Adani Total Gas Limited,10190290.3240365
80,81.0,VEDL,Vedanta Limited,10097790.7482435
81,82.0,CHOLAFIN,Cholamandalam Investment and Finance Company Limited,9714079.688042
82,83.0,HAVELLS,Havells India Limited,9494247.9045
83,84.0,HEROMOTOCO,Hero MotoCorp Limited,9440904.375243
84,85.0,DABUR,Dabur India Limited,9270422.876003
85,86.0,SHREECEM,SHREE CEMENT LIMITED,9266564.387718001
86,87.0,MANKIND,Mankind Pharma Limited,9216538.5333
87,88.0,BAJAJHLDNG,Bajaj Holdings & Investment Limited,9207033.848525
88,89.0,DIVISLAB,Divi's Laboratories Limited,9146188.98674
89,90.0,APOLLOHOSP,Apollo Hospitals Enterprise Limited,9140103.076175999
90,91.0,NHPC,NHPC Limited,9010396.220085
91,92.0,SHRIRAMFIN,Shriram Finance Limited,8867958.73038
92,93.0,BOSCHLTD,Bosch Limited,8857323.50932
93,94.0,TORNTPHARM,Torrent Pharmaceuticals Limited,8801612.11264
94,95.0,ICICIPRULI,ICICI Prudential Life Insurance Company Limited,8767317.9209665
95,96.0,IDBI,IDBI Bank Limited,8709445.76175
96,97.0,JSWENERGY,JSW Energy Limited,8698689.608052
97,98.0,JINDALSTEL,Jindal Steel & Power Limited,8662078.0756755
98,99.0,BHEL,Bharat Heavy Electricals Limited,8611142.676915
99,100.0,INDHOTEL,The Indian Hotels Company Limited,8414619.609910501
100,101.0,CUMMINSIND,Cummins India Limited,8333325.0
101,102.0,ICICIGI,ICICI Lombard General Insurance Company Limited,8298324.538905
102,103.0,CGPOWER,CG Power and Industrial Solutions Limited,8261345.354526
103,104.0,MCDOWELL-N,United Spirits Limited,8249977.0501525
104,105.0,HDFCAMC,HDFC Asset Management Company Limited,8014402.844
105,106.0,MAXHEALTH,Max Healthcare Institute Limited,7968709.833191999
106,107.0,SOLARINDS,Solar Industries India Limited,7946610.4049625
107,108.0,MOTHERSON,Samvardhana Motherson International Limited,7935189.419586
108,109.0,INDUSTOWER,Indus Towers Limited,7846308.929925
109,110.0,POLYCAB,Polycab India Limited,7608988.433
110,111.0,OFSS,Oracle Financial Services Software Limited,7603997.167106999
111,112.0,SRF,SRF Limited,7589216.5820625
112,113.0,IRCTC,Indian Railway Catering And Tourism Corporation Limited,7437600.0
113,114.0,COLPAL,Colgate Palmolive (India) Limited,7371762.631119
114,115.0,LUPIN,Lupin Limited,7366575.185656
115,116.0,NAUKRI,Info Edge (India) Limited,7235159.9904
116,117.0,TIINDIA,Tube Investments of India Limited,7226559.5889759995
117,118.0,INDIANB,Indian Bank,7013641.449066999
118,119.0,HINDPETRO,Hindustan Petroleum Corporation Limited,6747325.2029925
119,120.0,BERGEPAINT,Berger Paints (I) Limited,6680443.403382
120,121.0,YESBANK,Yes Bank Limited,6673733.760208
121,122.0,TORNTPOWER,Torrent Power Limited,6526535.618328
122,123.0,OIL,Oil India Limited,6509142.176985
123,124.0,SBICARD,SBI Cards and Payment Services Limited,6490372.8575345
124,125.0,IDEA,Vodafone Idea Limited,6450076.1996875
125,126.0,MARICO,Marico Limited,6434161.722736
126,127.0,GODREJPROP,Godrej Properties Limited,6395231.943474
127,128.0,AUROPHARMA,Aurobindo Pharma Limited,6379406.6054875
128,129.0,UCOBANK,UCO Bank,6241010.167872
129,130.0,BANKINDIA,Bank of India,6239431.310353001
130,131.0,PERSISTENT,Persistent Systems Limited,6138199.275
131,132.0,MUTHOOTFIN,Muthoot Finance Limited,5943399.410192
132,133.0,NMDC,NMDC Limited,5912497.302375
133,134.0,ALKEM,Alkem Laboratories Limited,5908902.3
134,135.0,PIIND,PI Industries Limited,5867774.072709001
135,136.0,LTTS,L&T Technology Services Limited,5797937.573613
136,137.0,GICRE,General Insurance Corporation of India,5785134.0
137,138.0,TATACOMM,Tata Communications Limited,5729640.0
138,139.0,JSL,Jindal Stainless Limited,5718341.496366
139,140.0,MRF,MRF Limited,5657148.2574105
140,141.0,SAIL,Steel Authority of India Limited,5545230.2004825
141,142.0,PGHH,Procter & Gamble Hygiene and Health Care Limited,5495099.463392
142,143.0,SUZLON,Suzlon Energy Limited,5495023.127984
143,144.0,LINDEINDIA,Linde India Limited,5465737.9257355
144,145.0,SUPREMEIND,Supreme Industries Limited,5376031.19214
145,146.0,CONCOR,Container Corporation of India Limited,5374585.443708
146,147.0,OBEROIRLTY,Oberoi Realty Limited,5366223.6147645
147,148.0,ASTRAL,Astral Limited,5349035.3167125
148,149.0,IDFCFIRSTB,IDFC First Bank Limited,5330722.585162
149,150.0,RVNL,Rail Vikas Nigam Limited,5273015.8329
150,151.0,BHARATFORG,Bharat Forge Limited,5259289.1870720005
151,152.0,CENTRALBK,Central Bank of India,5191201.780336
152,153.0,JSWINFRA,JSW Infrastructure Limited,5152353.8446345
153,154.0,POLICYBZR,PB Fintech Limited,5072654.94402
154,155.0,ASHOKLEY,Ashok Leyland Limited,5028460.46015
155,156.0,THERMAX,Thermax Limited,4995449.14305
156,157.0,PHOENIXLTD,The Phoenix Mills Limited,4972549.755816
157,158.0,GMRINFRA,GMR Airports Infrastructure Limited,4925331.3444
158,159.0,TATAELXSI,Tata Elxsi Limited,4848314.26866
159,160.0,PATANJALI,Patanjali Foods Limited,4844939.112552
160,161.0,SJVN,SJVN Limited,4770771.34245
161,162.0,PRESTIGE,Prestige Estates Projects Limited,4690081.3518
162,163.0,ACC,ACC Limited,4679095.232171
163,164.0,NYKAA,FSN E-Commerce Ventures Limited,4623971.1098879995
164,165.0,SUNDARMFIN,Sundaram Finance Limited,4598255.45382
165,166.0,UBL,United Breweries Limited,4589941.1840655
166,167.0,ABCAPITAL,Aditya Birla Capital Limited,4560332.913008
167,168.0,MPHASIS,MphasiS Limited,4511861.861531501
168,169.0,BALKRISIND,Balkrishna Industries Limited,4479835.902465
169,170.0,DIXON,Dixon Technologies (India) Limited,4474206.6440375
170,171.0,MAHABANK,Bank of Maharashtra,4415236.4639165
171,172.0,KALYANKJIL,Kalyan Jewellers India Limited,4406566.977845999
172,173.0,SCHAEFFLER,Schaeffler India Limited,4394243.226545
173,174.0,AWL,Adani Wilmar Limited,4177167.03647
174,175.0,APLAPOLLO,APL Apollo Tubes Limited,4151628.7151579997
175,176.0,TATATECH,Tata Technologies Limited,4140253.01718
176,177.0,SONACOMS,Sona BLW Precision Forgings Limited,4139985.957695
177,178.0,KPITTECH,KPIT Technologies Limited,4074873.5621120003
178,179.0,FACT,Fertilizers and Chemicals Travancore Limited,4063288.4607329997
179,180.0,PSB,Punjab & Sind Bank,4049727.4020825
180,181.0,PETRONET,Petronet LNG Limited,3948000.2316159997
181,182.0,L&TFH,L&T Finance Holdings Limited,3938748.040575
182,183.0,UNOMINDA,UNO Minda Limited,3931359.5916375
183,184.0,PAGEIND,Page Industries Limited,3842615.554803
184,185.0,MRPL,Mangalore Refinery and Petrochemicals Limited,3830304.6271335
185,186.0,AUBANK,AU Small Finance Bank Limited,3780652.3
186,187.0,MAZDOCK,Mazagon Dock Shipbuilders Limited,3759703.29
187,188.0,HUDCO,Housing & Urban Development Corporation Limited,3748557.75
188,189.0,GUJGASLTD,Gujarat Gas Limited,3746563.2553125
189,190.0,NIACL,The New India Assurance Company Limited,3742608.0
190,191.0,CRISIL,CRISIL Limited,3705605.94824
191,192.0,AIAENG,AIA Engineering Limited,3692878.286425
192,193.0,FEDERALBNK,The Federal Bank  Limited,3658946.703472
193,194.0,IREDA,Indian Renewable Energy Development Agency Limited,3652672.235454
194,195.0,VOLTAS,Voltas Limited,3651478.54827
195,196.0,DALBHARAT,Dalmia Bharat Limited,3642456.2766234996
196,197.0,POONAWALLA,Poonawalla Fincorp Limited,3604840.753392
197,198.0,MEDANTA,Global Health Limited,3546856.817293
198,199.0,IRB,IRB Infrastructure Developers Limited,3535834.5
199,200.0,3MINDIA,3M India Limited,3513952.712845
200,201.0,MFSL,Max Financial Services Limited,3458740.234962
201,202.0,M&MFIN,Mahindra & Mahindra Financial Services Limited,3444657.41696
202,203.0,UPL,UPL Limited,3422770.84296
203,204.0,HONAUT,Honeywell Automation India Limited,3420542.1068175
204,205.0,BSE,BSE Limited,3405933.8160809996
205,206.0,FLUOROCHEM,Gujarat Fluorochemicals Limited,3402438.975
206,207.0,COFORGE,Coforge Limited,3401423.1597645003
207,208.0,LICHSGFIN,LIC Housing Finance Limited,3360609.8985
208,209.0,GLAXO,GlaxoSmithKline Pharmaceuticals Limited,3297657.857844
209,210.0,DELHIVERY,Delhivery Limited,3282746.7036525
210,211.0,BDL,Bharat Dynamics Limited,3210904.21875
211,212.0,STARHEALTH,Star Health and Allied Insurance Company Limited,3180722.5340445
212,213.0,FORTIS,Fortis Healthcare Limited,3172334.137896
213,214.0,BIOCON,Biocon Limited,3171384.9
214,215.0,COROMANDEL,Coromandel International Limited,3165409.1382345003
215,216.0,NLCINDIA,NLC India Limited,3162918.1051290003
216,217.0,TATAINVEST,Tata Investment Corporation Limited,3159144.984592
217,218.0,JKCEMENT,JK Cement Limited,3149569.8131365003
218,219.0,IPCALAB,IPCA Laboratories Limited,3139335.993532
219,220.0,METROBRAND,Metro Brands Limited,3137623.560708
220,221.0,KEI,KEI Industries Limited,3122173.2719240002
221,222.0,ESCORTS,Escorts Kubota Limited,3068868.202753
222,223.0,LLOYDSME,Lloyds Metals And Energy Limited,3041626.2807
223,224.0,GLAND,Gland Pharma Limited,3039276.6396575
224,225.0,IGL,Indraprastha Gas Limited,3015603.4464
225,226.0,NAM-INDIA,Nippon Life India Asset Management Limited,2968239.016395
226,227.0,APOLLOTYRE,Apollo Tyres Limited,2962428.362617
227,228.0,JUBLFOOD,Jubilant Foodworks Limited,2961715.1802
228,229.0,POWERINDIA,Hitachi Energy India Limited,2954723.235975
229,230.0,MSUMI,Motherson Sumi Wiring India Limited,2922352.3430520003
230,231.0,BANDHANBNK,Bandhan Bank Limited,2899652.6862
231,232.0,DEEPAKNTR,Deepak Nitrite Limited,2899034.086455
232,233.0,ZFCVINDIA,ZF Commercial Vehicle Control Systems India Limited,2879459.443248
233,234.0,AJANTPHARM,Ajanta Pharma Limited,2858280.0203175
234,235.0,KPRMILL,K.P.R. Mill Limited,2845430.643
235,236.0,SYNGENE,Syngene International Limited,2824356.3825
236,237.0,EIHOTEL,EIH Limited,2811011.99809
237,238.0,APARINDS,Apar Industries Limited,2803306.535535
238,239.0,NATIONALUM,National Aluminium Company Limited,2801781.7910685
239,240.0,TATACHEM,Tata Chemicals Limited,2753660.608902
240,241.0,GLENMARK,Glenmark Pharmaceuticals Limited,2704632.381182
241,242.0,HINDCOPPER,Hindustan Copper Limited,2688810.28761
242,243.0,GODREJIND,Godrej Industries Limited,2634436.7029545
243,244.0,NH,Narayana Hrudayalaya Ltd.,2623584.0017520003
244,245.0,BLUESTARCO,Blue Star Limited,2618915.554756
245,246.0,EXIDEIND,Exide Industries Limited,2588675.0
246,247.0,ENDURANCE,Endurance Technologies Limited,2569910.23296
247,248.0,JBCHEPHARM,JB Chemicals & Pharmaceuticals Limited,2561334.9792
248,249.0,PAYTM,One 97 Communications Limited,2558493.5569845
249,250.0,ANGELONE,Angel One Limited,2558049.3246
250,251.0,MOTILALOFS,Motilal Oswal Financial Services Limited,2482042.69593
251,252.0,ITI,ITI Limited,2428161.292326
252,253.0,360ONE,360 ONE WAM LIMITED,2423681.82804
253,254.0,CARBORUNIV,Carborundum Universal Limited,2412715.388322
254,255.0,AARTIIND,Aarti Industries Limited,2412645.6049425
255,256.0,SUNTV,Sun TV Network Limited,2365492.93155
256,257.0,KIOCL,KIOCL Limited,2363544.012344
257,258.0,ISEC,ICICI Securities Limited,2352878.7230025
258,259.0,RADICO,Radico Khaitan Limited,2310266.5276875
259,260.0,SUNDRMFAST,Sundram Fasteners Limited,2297963.85432
260,261.0,CREDITACC,CREDITACCESS GRAMEEN LIMITED,2296679.150558
261,262.0,COCHINSHIP,Cochin Shipyard Limited,2293538.24004
262,263.0,HATSUN,Hatsun Agro Product Limited,2253098.73082
263,264.0,MANYAVAR,Vedant Fashions Limited,2250176.865595
264,265.0,CYIENT,Cyient Limited,2212609.8242235
265,266.0,GET&D,GE T&D India Limited,2171914.7331375
266,267.0,BRIGADE,Brigade Enterprises Limited,2161465.5892729997
267,268.0,TIMKEN,Timken India Limited,2150879.69873
268,269.0,NBCC,NBCC (India) Limited,2140200.0
269,270.0,JBMA,JBM Auto Limited,2133355.6500195
270,271.0,GILLETTE,Gillette India Limited,2124425.807532
271,272.0,KANSAINER,Kansai Nerolac Paints Limited,2119975.44855
272,273.0,LAURUSLABS,Laurus Labs Limited,2114632.543863
273,274.0,GRINDWELL,Grindwell Norton Limited,2104731.84
274,275.0,FIVESTAR,Five-Star Business Finance Limited,2102820.187035
275,276.0,SWANENERGY,Swan Energy Limited,2100004.407757
276,277.0,CHOLAHLDNG,Cholamandalam Financial Holdings Limited,2087146.49013
277,278.0,IRCON,Ircon International Limited,2065842.82291
278,279.0,SKFINDIA,SKF India Limited,2055951.8482995
279,280.0,BSOFT,BIRLASOFT LIMITED,2047455.66382
280,281.0,ASTERDM,Aster DM Healthcare Limited,2044506.95458
281,282.0,RELAXO,Relaxo Footwears Limited,2034575.063378
282,283.0,SONATSOFTW,Sonata Software Limited,2025648.6583760001
283,284.0,GSPL,Gujarat State Petronet Limited,2011413.55544
284,285.0,RATNAMANI,Ratnamani Metals & Tubes Limited,1958510.664
285,286.0,ABFRL,Aditya Birla Fashion and Retail Limited,1950971.5947795
286,287.0,APLLTD,Alembic Pharmaceuticals Limited,1935753.645152
287,288.0,PFIZER,Pfizer Limited,1919094.4835339999
288,289.0,RAMCOCEM,The Ramco Cements Limited,1915267.88609
289,290.0,SIGNATURE,Signatureglobal (India) Limited,1909821.3120720002
290,291.0,PEL,Piramal Enterprises Limited,1908181.13595
291,292.0,ELGIEQUIP,Elgi Equipments Limited,1906841.549272
292,293.0,LALPATHLAB,Dr. Lal Path Labs Ltd.,1888978.5739820001
293,294.0,EMAMILTD,Emami Limited,1874112.75
294,295.0,SANOFI,Sanofi India Limited,1868693.153769
295,296.0,JYOTICNC,Jyoti CNC Automation Limited,1868167.022092
296,297.0,TRIDENT,Trident Limited,1862571.797385
297,298.0,CASTROLIND,Castrol India Limited,1839273.073048
298,299.0,KAJARIACER,Kajaria Ceramics Limited,1839194.47755
299,300.0,KAYNES,Kaynes Technology India Limited,1835695.0975235
300,301.0,CENTURYTEX,Century Textiles & Industries Limited,1820527.88832
301,302.0,CHALET,Chalet Hotels Limited,1814951.912664
302,303.0,DEVYANI,Devyani International Limited,1814214.6819510001
303,304.0,CDSL,Central Depository Services (India) Limited,1788987.75
304,305.0,KEC,KEC International Limited,1784836.008725
305,306.0,SCHNEIDER,Schneider Electric Infrastructure Limited,1771880.4513675
306,307.0,IDFC,IDFC Limited,1771182.770652
307,308.0,BATAINDIA,Bata India Limited,1753372.70068
308,309.0,CIEINDIA,CIE Automotive India Limited,1751895.456986
309,310.0,KPIL,Kalpataru Projects International Limited,1737930.157172
310,311.0,RRKABEL,R R Kabel Limited,1736224.3224095001
311,312.0,SUMICHEM,Sumitomo Chemical India Limited,1735779.29694
312,313.0,NATCOPHARM,Natco Pharma Limited,1729861.388013
313,314.0,SUVENPHAR,Suven Pharmaceuticals Limited,1723659.3170760002
314,315.0,CROMPTON,Crompton Greaves Consumer Electricals Limited,1720311.168825
315,316.0,TRITURBINE,Triveni Turbine Limited,1706045.392071
316,317.0,PPLPHARMA,Piramal Pharma Limited,1705280.13957
317,318.0,INOXWIND,Inox Wind Limited,1700147.355136
318,319.0,ACE,Action Construction Equipment Limited,1698900.415734
319,320.0,ATUL,Atul Limited,1690103.945775
320,321.0,CGCL,Capri Global Capital Limited,1683702.482852
321,322.0,TVSHLTD,TVS Holdings Limited,1651920.9434439999
322,323.0,SHYAMMETL,Shyam Metalics and Energy Limited,1650646.2127154998
323,324.0,NUVAMA,Nuvama Wealth Management Limited,1649150.416771
324,325.0,KIMS,Krishna Institute of Medical Sciences Limited,1647972.2037975
325,326.0,CELLO,Cello World Limited,1642668.20316
326,327.0,PNBHOUSING,PNB Housing Finance Limited,1635684.9705495
327,328.0,REDINGTON,Redington Limited,1629608.8014195
328,329.0,LAXMIMACH,Lakshmi Machine Works Limited,1622993.409
329,330.0,JYOTHYLAB,Jyothy Labs Limited,1615534.4292779998
330,331.0,CESC,CESC Limited,1612556.428095
331,332.0,GODFRYPHLP,Godfrey Phillips India Limited,1606196.17664
332,333.0,NSLNISP,NMDC Steel Limited,1603041.39995
333,334.0,RITES,RITES Limited,1595123.925906
334,335.0,CONCORDBIO,Concord Biotech Limited,1591003.230432
335,336.0,INDIAMART,Indiamart Intermesh Limited,1586718.3707660001
336,337.0,AEGISCHEM,Aegis Logistics Limited,1567741.5
337,338.0,OLECTRA,Olectra Greentech Limited,1550135.7586135
338,339.0,WHIRLPOOL,Whirlpool of India Limited,1549675.967535
339,340.0,ANANDRATHI,Anand Rathi Wealth Limited,1545283.6902195
340,341.0,NAVINFLUOR,Navin Fluorine International Limited,1543327.49088
341,342.0,JWL,Jupiter Wagons Limited,1542596.5979375
342,343.0,APTUS,Aptus Value Housing Finance India Limited,1542423.5490915
343,344.0,FINCABLES,Finolex Cables Limited,1530922.84345
344,345.0,FINPIPE,Finolex Industries Limited,1529165.3323725
345,346.0,POLYMED,Poly Medicure Limited,1525166.634564
346,347.0,VINATIORGA,Vinati Organics Limited,1511512.8273
347,348.0,INTELLECT,Intellect Design Arena Limited,1500383.057784
348,349.0,JAIBALAJI,Jai Balaji Industries Limited,1494203.532125
349,350.0,J&KBANK,The Jammu & Kashmir Bank Limited,1477786.865346
350,351.0,KARURVYSYA,Karur Vysya Bank Limited,1469141.2293389998
351,352.0,BLUEDART,Blue Dart Express Limited,1467323.5745929999
352,353.0,MANAPPURAM,Manappuram Finance Limited,1465601.7332635
353,354.0,AFFLE,Affle (India) Limited,1460557.77802
354,355.0,NCC,NCC Limited,1458801.5472179998
355,356.0,RBLBANK,RBL Bank Limited,1454055.023655
356,357.0,TTML,Tata Teleservices (Maharashtra) Limited,1446646.51798
357,358.0,BASF,BASF India Limited,1444463.44962
358,359.0,VGUARD,V-Guard Industries Limited,1438542.1049865
359,360.0,CAMS,Computer Age Management Services Limited,1432841.3491235
360,361.0,GESHIP,The Great Eastern Shipping Company Limited,1429456.1995125
361,362.0,CENTURYPLY,Century Plyboards (India) Limited,1422018.222495
362,363.0,CLEAN,Clean Science and Technology Limited,1412426.3723129998
363,364.0,JINDALSAW,Jindal Saw Limited,1383576.064259
364,365.0,FSL,Firstsource Solutions Limited,1377602.367589
365,366.0,ZENSARTECH,Zensar Technologies Limited,1374691.29222
366,367.0,SOBHA,Sobha Limited,1374079.2953375
367,368.0,CHAMBLFERT,Chambal Fertilizers & Chemicals Limited,1370230.85574
368,369.0,DATAPATTNS,Data Patterns (India) Limited,1355931.72918
369,370.0,CHENNPETRO,Chennai Petroleum Corporation Limited,1350328.5752
370,371.0,WELCORP,Welspun Corp Limited,1348631.17683
371,372.0,MGL,Mahanagar Gas Limited,1347378.280809
372,373.0,KSB,Ksb Limited,1342155.656796
373,374.0,WELSPUNLIV,Welspun Living Limited,1337208.473984
374,375.0,HSCL,Himadri Speciality Chemical Limited,1332219.6941789999
375,376.0,DCMSHRIRAM,DCM Shriram Limited,1332137.06358
376,377.0,ASTRAZEN,AstraZeneca Pharma India Limited,1332112.5
377,378.0,ZEEL,Zee Entertainment Enterprises Limited,1330799.65641
378,379.0,BEML,BEML Limited,1325835.9465
379,380.0,HFCL,HFCL Limited,1320793.441416
380,381.0,RAINBOW,Rainbow Childrens Medicare Limited,1317035.1396685
381,382.0,ABSLAMC,Aditya Birla Sun Life AMC Limited,1310809.07685
382,383.0,HONASA,Honasa Consumer Limited,1304758.487768
383,384.0,ASAHIINDIA,Asahi India Glass Limited,1303812.8449185002
384,385.0,PVRINOX,PVR INOX Limited,1301508.090075
385,386.0,ARE&M,Amara Raja Energy & Mobility Limited,1298858.25
386,387.0,IIFL,IIFL Finance Limited,1297646.227435
387,388.0,BLS,BLS International Services Limited,1288131.430678
388,389.0,ALOKINDS,Alok Industries Limited,1283514.6436585002
389,390.0,VTL,Vardhman Textiles Limited,1279020.1404
390,391.0,GRINFRA,G R Infraprojects Limited,1264885.62882
391,392.0,HBLPOWER,HBL Power Systems Limited,1258465.05484
392,393.0,WESTLIFE,WESTLIFE FOODWORLD LIMITED,1254428.4793425
393,394.0,RKFORGE,Ramkrishna Forgings Limited,1249615.3373375
394,395.0,KIRLOSENG,Kirloskar Oil Engines Limited,1245822.674667
395,396.0,TITAGARH,TITAGARH RAIL SYSTEMS LIMITED,1237651.92792
396,397.0,FINEORG,Fine Organic Industries Limited,1237084.0416360002
397,398.0,AMBER,Amber Enterprises India Limited,1232415.598787
398,399.0,BIKAJI,Bikaji Foods International Limited,1227999.40181
399,400.0,SWSOLAR,Sterling and Wilson Renewable Energy Limited,1219488.0563775
400,401.0,RAYMOND,Raymond Limited,1203852.777673
401,402.0,IEX,Indian Energy Exchange Limited,1197989.1894725
402,403.0,SPARC,Sun Pharma Advanced Research Company Limited,1195131.872114
403,404.0,GRAPHITE,Graphite India Limited,1179189.397587
404,405.0,SPLPETRO,Supreme Petrochem Limited,1174224.160119
405,406.0,RAILTEL,Railtel Corporation Of India Limited,1167413.4554625
406,407.0,INGERRAND,Ingersoll Rand (India) Limited,1161812.888
407,408.0,ECLERX,eClerx Services Limited,1160577.34728
408,409.0,JUNIPER,Juniper Hotels Limited,1151561.088392
409,410.0,ERIS,Eris Lifesciences Limited,1147194.49938
410,411.0,RHIM,RHI MAGNESITA INDIA LIMITED,1141230.1307889998
411,412.0,ENGINERSIN,Engineers India Limited,1135044.5722735
412,413.0,MAHSEAMLES,Maharashtra Seamless Limited,1133834.670798
413,414.0,HAPPSTMNDS,Happiest Minds Technologies Limited,1133533.693084
414,415.0,JKTYRE,JK Tyre & Industries Limited,1126456.4390945
415,416.0,TEJASNET,Tejas Networks Limited,1120377.869412
416,417.0,PNCINFRA,PNC Infratech Limited,1119408.6464775
417,418.0,NEWGEN,Newgen Software Technologies Limited,1114383.753504
418,419.0,INOXINDIA,INOX India Limited,1109719.93275
419,420.0,TANLA,Tanla Platforms Limited,1102167.47242
420,421.0,BIRLACORPN,Birla Corporation Limited,1096325.125239
421,422.0,BBTC,Bombay Burmah Trading Corporation Limited,1093848.96225
422,423.0,GMDCLTD,Gujarat Mineral Development Corporation Limited,1093761.0
423,424.0,NUVOCO,Nuvoco Vistas Corporation Limited,1093612.140486
424,425.0,AKZOINDIA,Akzo Nobel India Limited,1085999.867958
425,426.0,CEATLTD,CEAT Limited,1085033.267808
426,427.0,RPOWER,Reliance Power Limited,1076659.187895
427,428.0,RELINFRA,Reliance Infrastructure Limited,1073317.4701430001
428,429.0,GPIL,Godawari Power And Ispat limited,1067376.3941239999
429,430.0,ELECON,Elecon Engineering Company Limited,1064497.1679375
430,431.0,ANANTRAJ,Anant Raj Limited,1061666.841651
431,432.0,ELECTCAST,Electrosteel Castings Limited,1059586.550154
432,433.0,DBREALTY,D B Realty Limited,1055949.443703
433,434.0,EQUITASBNK,Equitas Small Finance Bank Limited,1050338.1767145
434,435.0,KFINTECH,Kfin Technologies Limited,1048565.576394
435,436.0,BAJAJELEC,Bajaj Electricals Limited,1045577.2019669999
436,437.0,LATENTVIEW,Latent View Analytics Limited,1045477.3112025
437,438.0,JPPOWER,Jaiprakash Power Ventures Limited,1045152.4711175
438,439.0,GRANULES,Granules India Limited,1042549.031874
439,440.0,AAVAS,Aavas Financiers Limited,1041201.5288325
440,441.0,AETHER,Aether Industries Limited,1035217.63213
441,442.0,UTIAMC,UTI Asset Management Company Limited,1034577.5403
442,443.0,LEMONTREE,Lemon Tree Hotels Limited,1034277.7587519999
443,444.0,JKLAKSHMI,JK Lakshmi Cement Limited,1030436.767962
444,445.0,GPPL,Gujarat Pipavav Port Limited,1027551.528705
445,446.0,SFL,Sheela Foam Limited,1025776.8070169999
446,447.0,PCBL,PCBL LIMITED,1010467.3909080001
447,448.0,MAPMYINDIA,C.E. Info Systems Limited,1007847.7470539999
448,449.0,ROUTE,ROUTE MOBILE LIMITED,1006029.25397
449,450.0,CANFINHOME,Can Fin Homes Limited,1002583.9841875
450,451.0,CUB,City Union Bank Limited,1001018.0782560001
451,452.0,SAPPHIRE,Sapphire Foods India Limited,999490.4348319999
452,453.0,CAPLIPOINT,Caplin Point Laboratories Limited,998899.756011
453,454.0,MINDACORP,Minda Corporation Limited,998634.7707560001
454,455.0,MMTC,MMTC Limited,996750.0
455,456.0,PTCIL,PTC Industries Limited,995631.984852
456,457.0,IFCI,IFCI Limited,987131.8966795
457,458.0,PRAJIND,Praj Industries Limited,979631.852496
458,459.0,VOLTAMP,Voltamp Transformers Limited,978421.61664
459,460.0,SCI,Shipping Corporation Of India Limited,972588.33288
460,461.0,USHAMART,Usha Martin Limited,969840.71485
461,462.0,EIDPARRY,EID Parry India Limited,968713.4940869999
462,463.0,RTNINDIA,RattanIndia Enterprises Limited,956530.557664
463,464.0,ANURAS,Anupam Rasayan India Limited,955631.331732
464,465.0,GLS,Glenmark Life Sciences Limited,951607.2813380001
465,466.0,DOMS,DOMS Industries Limited,950210.39767
466,467.0,INFIBEAM,Infibeam Avenues Limited,947425.836126
467,468.0,FORCEMOT,FORCE MOTORS LTD,944104.29016
468,469.0,ZYDUSWELL,Zydus Wellness Limited,938955.9168639999
469,470.0,STARCEMENT,Star Cement Limited,938482.1826735
470,471.0,GODREJAGRO,Godrej Agrovet Limited,936066.89794
471,472.0,TTKPRESTIG,TTK Prestige Limited,930515.91626
472,473.0,ALKYLAMINE,Alkyl Amines Chemicals Limited,927308.6176410001
473,474.0,GNFC,Gujarat Narmada Valley Fertilizers and Chemicals Limited,918526.2094330001
474,475.0,KPIGREEN,KPI Green Energy Limited,918104.11984
475,476.0,CRAFTSMAN,Craftsman Automation Limited,911665.491339
476,477.0,MAHLIFE,Mahindra Lifespace Developers Limited,909585.648792
477,478.0,REDTAPE,Redtape Limited,909299.40105
478,479.0,JUBLPHARMA,Jubilant Pharmova Limited,907743.2111610001
479,480.0,NETWEB,Netweb Technologies India Limited,906165.8769019999
480,481.0,NETWORK18,Network18 Media & Investments Limited,902469.623378
481,482.0,PRSMJOHNSN,Prism Johnson Limited,898994.85188
482,483.0,METROPOLIS,Metropolis Healthcare Limited,882946.1761960001
483,484.0,CERA,Cera Sanitaryware Limited,882123.40405
484,485.0,SBFC,SBFC Finance Limited,878290.3792960001
485,486.0,GRSE,Garden Reach Shipbuilders & Engineers Limited,875979.144
486,487.0,KIRLOSBROS,Kirloskar Brothers Limited,869567.444163
487,488.0,UJJIVANSFB,Ujjivan Small Finance Bank Limited,867732.131268
488,489.0,SHRIPISTON,Shriram Pistons & Rings Limited,863662.874256
489,490.0,RENUKA,Shree Renuka Sugars Limited,845010.4398810001
490,491.0,RATEGAIN,Rategain Travel Technologies Limited,844618.760318
491,492.0,WOCKPHARMA,Wockhardt Limited,844086.0824610001
492,493.0,SAFARI,Safari Industries (India) Limited,841600.195605
493,494.0,HAPPYFORGE,Happy Forgings Limited,838235.0400360001
494,495.0,TECHNOE,Techno Electric & Engineering Company Limited,830549.7791325
495,496.0,SHOPERSTOP,Shoppers Stop Limited,830118.70235
496,497.0,IBULHSGFIN,Indiabulls Housing Finance Limited,828798.447807
497,498.0,SYRMA,Syrma SGS Technology Limited,826480.966974
498,499.0,TEGA,Tega Industries Limited,825771.991212
499,500.0,ACI,Archean Chemical Industries Limited,825525.72261
500,501.0,MEDPLUS,Medplus Health Services Limited,822234.924332
501,502.0,MAHSCOOTER,Maharashtra Scooters Limited,819468.325588
502,503.0,NEULANDLAB,Neuland Laboratories Limited,811124.8274135
503,504.0,AZAD,Azad Engineering Limited,808577.0747505
504,505.0,ESABINDIA,Esab India Limited,808449.10691
505,506.0,GALAXYSURF,Galaxy Surfactants Limited,805266.0548
506,507.0,ZENTEC,Zen Technologies Limited,803883.3469
507,508.0,JSWHL,JSW Holdings Limited,800532.7040625
508,509.0,TV18BRDCST,TV18 Broadcast Limited,795463.114704
509,510.0,HOMEFIRST,Home First Finance Company India Limited,794698.147326
510,511.0,MHRIL,Mahindra Holidays & Resorts India Limited,792126.83055
511,512.0,POWERMECH,Power Mech Projects Limited,792067.15533
512,513.0,KTKBANK,The Karnataka Bank Limited,789691.85824
513,514.0,JLHL,Jupiter Life Line Hospitals Limited,784497.45323
514,515.0,MASTEK,Mastek Limited,784123.90343
515,516.0,PGHL,Procter & Gamble Health Limited,781814.2928180001
516,517.0,THOMASCOOK,Thomas Cook  (India)  Limited,780831.73292
517,518.0,CCL,CCL Products (India) Limited,779942.69496
518,519.0,GSFC,Gujarat State Fertilizers & Chemicals Limited,779621.287445
519,520.0,RAJESHEXPO,Rajesh Exports Limited,778157.6219445
520,521.0,QUESS,Quess Corp Limited,772842.834336
521,522.0,VARROC,Varroc Engineering Limited,769814.2764
522,523.0,TMB,Tamilnad Mercantile Bank Limited,768954.6606239999
523,524.0,MANINFRA,Man Infraconstruction Limited,758650.2026175
524,525.0,EASEMYTRIP,Easy Trip Planners Limited,758433.384504
525,526.0,VIPIND,VIP Industries Limited,745907.75342
526,527.0,IONEXCHANG,ION Exchange (India) Limited,743086.278235
527,528.0,RESPONIND,Responsive Industries Limited,740371.926688
528,529.0,MIDHANI,Mishra Dhatu Nigam Limited,738587.95
529,530.0,EMIL,Electronics Mart India Limited,736986.253611
530,531.0,GAEL,Gujarat Ambuja Exports Limited,733185.05001
531,532.0,BALRAMCHIN,Balrampur Chini Mills Limited,730231.3922775
532,533.0,STAR,Strides Pharma Science Limited,721137.055758
533,534.0,JUBLINGREA,Jubilant Ingrevia Limited,721065.7162530001
534,535.0,SARDAEN,Sarda Energy & Minerals Limited,714805.406195
535,536.0,JMFINANCIL,JM Financial Limited,713812.98618
536,537.0,SOUTHBANK,The South Indian Bank Limited,712839.9093925
537,538.0,HEG,HEG Limited,711720.428393
538,539.0,CHEMPLASTS,Chemplast Sanmar Limited,711493.083
539,540.0,ARVIND,Arvind Limited,707579.616933
540,541.0,RCF,Rashtriya Chemicals and Fertilizers Limited,707539.98825
541,542.0,NAVA,NAVA LIMITED,704681.2484469999
542,543.0,ALLCARGO,Allcargo Logistics Limited,703671.9807360001
543,544.0,ICIL,Indo Count Industries Limited,701310.41794
544,545.0,IWEL,Inox Wind Energy Limited,699512.2073125
545,546.0,KNRCON,KNR Constructions Limited,692680.8198
546,547.0,FDC,FDC Limited,691780.0469160001
547,548.0,RELIGARE,Religare Enterprises Limited,689941.5335775
548,549.0,GRAVITA,Gravita India Limited,689516.166075
549,550.0,RUSTOMJEE,Keystone Realtors Limited,688966.6538010001
550,551.0,MARKSANS,Marksans Pharma Limited,688545.137322
551,552.0,NIITMTS,NIIT Learning Systems Limited,685828.361052
552,553.0,AHLUCONT,Ahluwalia Contracts (India) Limited,684210.93784
553,554.0,JUSTDIAL,Just Dial Limited,682980.9461330001
554,555.0,TRIVENI,Triveni Engineering & Industries Limited,680991.578448
555,556.0,TVSSCS,TVS Supply Chain Solutions Limited,679605.9082480001
556,557.0,GARFIBRES,Garware Technical Fibres Limited,677604.6865035
557,558.0,VESUVIUS,Vesuvius India Limited,673200.67752
558,559.0,SAREGAMA,Saregama India Limited,669723.763515
559,560.0,DBL,Dilip Buildcon Limited,668056.202499
560,561.0,INDIASHLTR,India Shelter Finance Corporation Limited,667784.986368
561,562.0,BLUEJET,Blue Jet Healthcare Limited,664199.112325
562,563.0,BALAMINES,Balaji Amines Limited,662681.4525
563,564.0,ISGEC,Isgec Heavy Engineering Limited,660221.47029
564,565.0,AVANTIFEED,Avanti Feeds Limited,659769.463275
565,566.0,INDIACEM,The India Cements Limited,658221.654924
566,567.0,BECTORFOOD,Mrs. Bectors Food Specialities Limited,655638.382678
567,568.0,CAMPUS,Campus Activewear Limited,654773.628795
568,569.0,LTFOODS,LT Foods Limited,651620.149416
569,570.0,VIJAYA,Vijaya Diagnostic Centre Limited,651532.6816380001
570,571.0,GOCOLORS,Go Fashion (India) Limited,650916.275168
571,572.0,BORORENEW,BOROSIL RENEWABLES LIMITED,649751.8746125
572,573.0,LXCHEM,Laxmi Organic Industries Limited,648636.40632
573,574.0,GREENLAM,Greenlam Industries Limited,644949.6037305
574,575.0,DEEPAKFERT,Deepak Fertilizers and Petrochemicals Corporation Limited,636364.875825
575,576.0,CMSINFO,CMS Info Systems Limited,635830.8897915
576,577.0,KRBL,KRBL Limited,634826.115462
577,578.0,ETHOSLTD,Ethos Limited,633419.2224035
578,579.0,TEXRAIL,Texmaco Rail & Engineering Limited,631741.46896
579,580.0,TCI,Transport Corporation of India Limited,630972.7388
580,581.0,IBREALEST,Indiabulls Real Estate Limited,628072.5462945
581,582.0,JINDWORLD,Jindal Worldwide Limited,626826.7704
582,583.0,EMUDHRA,eMudhra Limited,626801.810283
583,584.0,PDSL,PDS Limited,624429.4600259999
584,585.0,GANESHHOUC,Ganesh Housing Corporation Limited,617523.094995
585,586.0,CSBBANK,CSB Bank Limited,615007.256715
586,587.0,SHAREINDIA,Share India Securities Limited,612355.170042
587,588.0,IFBIND,IFB Industries Limited,610192.8083619999
588,589.0,PRINCEPIPE,Prince Pipes And Fittings Limited,607256.7264075
589,590.0,VAIBHAVGBL,Vaibhav Global Limited,603365.8749790001
590,591.0,ARVINDFASN,Arvind Fashions Limited,602431.9431345
591,592.0,EDELWEISS,Edelweiss Financial Services Limited,599772.270073
592,593.0,SENCO,Senco Gold Limited,599436.51852
593,594.0,SPANDANA,Spandana Sphoorty Financial Limited,599290.665542
594,595.0,INDIGOPNTS,Indigo Paints Limited,598405.3226419999
595,596.0,GENUSPOWER,Genus Power Infrastructures Limited,593340.069882
596,597.0,SYMPHONY,Symphony Limited,592920.5535
597,598.0,HGINFRA,H.G. Infra Engineering Limited,592340.227879
598,599.0,TIPSINDLTD,TIPS Industries Limited,591597.086835
599,600.0,SIS,SIS LIMITED,589730.846075
600,601.0,MSTCLTD,Mstc Limited,585516.8
601,602.0,NESCO,Nesco Limited,585346.1177
602,603.0,SANGHVIMOV,Sanghvi Movers Limited,585297.048
603,604.0,SANDUMA,Sandur Manganese & Iron Ores Limited,582353.567172
604,605.0,UJJIVAN,Ujjivan Financial Services Limited,580182.1107119999
605,606.0,ITDCEM,ITD Cementation India Limited,573770.53056
606,607.0,CYIENTDLM,Cyient DLM Limited,571321.317296
607,608.0,EPL,EPL Limited,570955.751586
608,609.0,SUPRAJIT,Suprajit Engineering Limited,570618.9218380001
609,610.0,SUNTECK,Sunteck Realty Limited,570564.602005
610,611.0,HEMIPROP,Hemisphere Properties India Limited,569857.5
611,612.0,MOIL,MOIL Limited,566808.0552405
612,613.0,TIMETECHNO,Time Technoplast Limited,566528.413269
613,614.0,ASTRAMICRO,Astra Microwave Products Limited,566299.500216
614,615.0,TRIL,Transformers And Rectifiers (India) Limited,564054.9447365
615,616.0,WONDERLA,Wonderla Holidays Limited,562169.0709030001
616,617.0,ASKAUTOLTD,ASK Automotive Limited,561067.8396
617,618.0,LLOYDSENGG,LLOYDS ENGINEERING WORKS LIMITED,560134.39167
618,619.0,GMMPFAUDLR,GMM Pfaudler Limited,555626.331416
619,620.0,SURYAROSNI,Surya Roshni Limited,553012.811736
620,621.0,VSTIND,VST Industries Limited,551276.544
621,622.0,PTC,PTC India Limited,550427.4728994999
622,623.0,JKPAPER,JK Paper Limited,546237.858228
623,624.0,SANSERA,Sansera Engineering Limited,545690.9943
624,625.0,CHOICEIN,Choice International Limited,545102.186
625,626.0,AURIONPRO,Aurionpro Solutions Limited,545065.099225
626,627.0,PAISALO,Paisalo Digital Limited,544214.65188
627,628.0,ITDC,India Tourism Development Corporation Limited,541676.6457
628,629.0,HNDFDS,Hindustan Foods Limited,541359.092925
629,630.0,PARADEEP,Paradeep Phosphates Limited,540986.996792
630,631.0,KESORAMIND,Kesoram Industries Limited,531660.568803
631,632.0,HCC,Hindustan Construction Company Limited,530790.823536
632,633.0,ORCHPHARMA,Orchid Pharma Limited,529938.5685925
633,634.0,JAMNAAUTO,Jamna Auto Industries Limited,527599.9816625
634,635.0,ICRA,ICRA Limited,525422.666871
635,636.0,RSYSTEMS,R Systems International Limited,522428.01312
636,637.0,PRUDENT,Prudent Corporate Advisory Services Limited,519550.3173
637,638.0,MTARTECH,Mtar Technologies Limited,517914.6134625
638,639.0,UTKARSHBNK,Utkarsh Small Finance Bank Limited,516697.5362
639,640.0,RAIN,Rain Industries Limited,506872.93825300003
640,641.0,DYNAMATECH,Dynamatic Technologies Limited,506444.69595300005
641,642.0,JAICORPLTD,Jai Corp Limited,504744.156185
642,643.0,RBA,Restaurant Brands Asia Limited,502573.7147625
643,644.0,GATEWAY,Gateway Distriparks Limited,500892.94559
644,645.0,PURVA,Puravankara Limited,497421.466385
645,646.0,GUJALKALI,Gujarat Alkalies and Chemicals Limited,494616.982249
646,647.0,NAZARA,Nazara Technologies Limited,492286.647346
647,648.0,RALLIS,Rallis India Limited,487144.56945
648,649.0,VRLLOG,VRL Logistics Limited,486198.4247325
649,650.0,GABRIEL,Gabriel India Limited,479555.29369
650,651.0,DODLA,Dodla Dairy Limited,477815.9011525
651,652.0,JKIL,J.Kumar Infraprojects Limited,477487.17561300006
652,653.0,ROLEXRINGS,Rolex Rings Limited,476174.46032
653,654.0,WABAG,VA Tech Wabag Limited,474792.822566
654,655.0,PRICOLLTD,Pricol Limited,474606.55321199994
655,656.0,HCG,Healthcare Global Enterprises Limited,470590.20752949995
656,657.0,AGI,AGI Greenpac Limited,470026.472965
657,658.0,DBCORP,D.B.Corp Limited,468917.04959699995
658,659.0,FUSION,Fusion Micro Finance Limited,467993.1472625
659,660.0,DHANUKA,Dhanuka Agritech Limited,467565.236754
660,661.0,MASFIN,MAS Financial Services Limited,466294.55781150004
661,662.0,SULA,Sula Vineyards Limited,465379.554306
662,663.0,TDPOWERSYS,TD Power Systems Limited,463356.68966699997
663,664.0,GALLANTT,Gallantt Ispat Limited,463259.4144
664,665.0,JAYNECOIND,Jayaswal Neco Industries Limited,461709.665022
665,666.0,GULFOILLUB,Gulf Oil Lubricants India Limited,461150.73310699995
666,667.0,SAMHI,Samhi Hotels Limited,460926.67916400003
667,668.0,TEAMLEASE,Teamlease Services Limited,459568.4734
668,669.0,KIRLPNU,Kirloskar Pneumatic Company Limited,458549.394345
669,670.0,EPIGRAL,Epigral Limited,456199.959761
670,671.0,TIIL,Technocraft Industries (India) Limited,453975.51367699995
671,672.0,GOPAL,Gopal Snacks Limited,445834.43586
672,673.0,JTEKTINDIA,Jtekt India Limited,445372.2659745
673,674.0,HEIDELBERG,HeidelbergCement India Limited,445181.46638199996
674,675.0,SUNDARMHLD,Sundaram Finance Holdings Limited,443430.35649
675,676.0,RTNPOWER,RattanIndia Power Limited,443033.73345
676,677.0,STLTECH,Sterlite Technologies Limited,442220.7219
677,678.0,JPASSOCIAT,Jaiprakash Associates Limited,440599.91738
678,679.0,PATELENG,Patel Engineering Limited,440188.202732
679,680.0,ASHOKA,Ashoka Buildcon Limited,439612.55782199994
680,681.0,SINDHUTRAD,Sindhu Trade Links Limited,439449.7023
681,682.0,PGEL,PG Electroplast Limited,432556.1919
682,683.0,NFL,National Fertilizers Limited,429746.6784
683,684.0,ENTERO,Entero Healthcare Solutions Limited,429479.2022415
684,685.0,JSFB,Jana Small Finance Bank Limited,428401.7664
685,686.0,GOKEX,Gokaldas Exports Limited,428138.896146
686,687.0,BANCOINDIA,Banco Products (I) Limited,426930.581175
687,688.0,VMART,V-Mart Retail Limited,425978.6141875
688,689.0,SHANTIGEAR,Shanthi Gears Limited,425044.1835465
689,690.0,GHCL,GHCL Limited,424296.567945
690,691.0,SUDARSCHEM,Sudarshan Chemical Industries Limited,422286.225
691,692.0,WELENT,Welspun Enterprises Limited,420916.39621
692,693.0,FEDFINA,Fedbank Financial Services Limited,419032.353514
693,694.0,NOCIL,NOCIL Limited,416780.908205
694,695.0,TARC,TARC Limited,412397.1281625
695,696.0,KKCL,Kewal Kiran Clothing Limited,412149.23728
696,697.0,ORIENTELEC,Orient Electric Limited,412009.55096900003
697,698.0,BOROLTD,Borosil Limited,409344.5343875
698,699.0,KIRLOSIND,Kirloskar Industries Limited,408479.095738
699,700.0,BALMLAWRIE,Balmer Lawrie & Company Limited,407673.168864
700,701.0,FCL,Fineotex Chemical Limited,407559.7770255
701,702.0,GRWRHITECH,Garware Hi-Tech Films Limited,406218.40909
702,703.0,SHARDAMOTR,Sharda Motor Industries Limited,406193.52906
703,704.0,PARKHOTELS,Apeejay Surrendra Park Hotels Limited,406051.190138
704,705.0,MAXESTATES,Max Estates Limited,405944.20689599996
705,706.0,TI,Tilaknagar Industries Limited,405697.393065
706,707.0,AMIORG,Ami Organics Limited,403362.706594
707,708.0,ORIENTCEM,Orient Cement Limited,401133.03208
708,709.0,SHILPAMED,Shilpa Medicare Limited,399766.141239
709,710.0,AARTIDRUGS,Aarti Drugs Limited,399273.705
710,711.0,LGBBROSLTD,LG Balakrishnan & Bros Limited,398966.214944
711,712.0,AARTIPHARM,Aarti Pharmalabs Limited,394177.821796
712,713.0,TCIEXP,TCI Express Limited,392607.8751575
713,714.0,WSTCSTPAPR,West Coast Paper Mills Limited,390415.095188
714,715.0,ADVENZYMES,Advanced Enzyme Technologies Limited,389650.9893375
715,716.0,PRIVISCL,Privi Speciality Chemicals Limited,387170.010519
716,717.0,GREENPANEL,Greenpanel Industries Limited,385969.7257625
717,718.0,VENUSPIPES,Venus Pipes & Tubes Limited,384103.88175
718,719.0,BBOX,Black Box Limited,378225.60309
719,720.0,IIFLSEC,IIFL Securities Limited,378014.5298475
720,721.0,PILANIINVS,Pilani Investment and Industries Corporation Limited,377071.009875
721,722.0,ROSSARI,Rossari Biotech Limited,373987.56683699996
722,723.0,KSL,Kalyani Steels Limited,373779.32625
723,724.0,DCBBANK,DCB Bank Limited,373380.502866
724,725.0,IMAGICAA,Imagicaaworld Entertainment Limited,372267.7832175
725,726.0,BAJAJHIND,Bajaj Hindusthan Sugar Limited,371073.063151
726,727.0,DCAL,Dishman Carbogen Amcis Limited,369302.5802725
727,728.0,HARSHA,Harsha Engineers International Limited,365177.905155
728,729.0,BBL,Bharat Bijlee Limited,362612.56694
729,730.0,YATHARTH,Yatharth Hospital & Trauma Care Services Limited,360828.529299
730,731.0,ORISSAMINE,The Orissa Minerals Development Company Limited,354789.0
731,732.0,THANGAMAYL,Thangamayil Jewellery Limited,353361.55399199994
732,733.0,ZAGGLE,Zaggle Prepaid Ocean Services Limited,352504.61485400004
733,734.0,BHARATRAS,Bharat Rasayan Limited,352381.269838
734,735.0,KOLTEPATIL,Kolte - Patil Developers Limited,352014.4202835
735,736.0,KSCL,Kaveri Seed Company Limited,348588.72107150004
736,737.0,MEDIASSIST,Medi Assist Healthcare Services Limited,348186.605478
737,738.0,INOXGREEN,Inox Green Energy Services Limited,348069.913
738,739.0,HATHWAY,Hathway Cable & Datacom Limited,346940.482
739,740.0,SSWL,Steel Strips Wheels Limited,346656.878925
740,741.0,UNICHEMLAB,Unichem Laboratories Limited,346431.492875
741,742.0,CIGNITITEC,Cigniti Technologies Limited,345578.113314
742,743.0,IMFA,Indian Metals & Ferro Alloys Limited,345090.461976
743,744.0,ASHAPURMIN,Ashapura Minechem Limited,343941.985431
744,745.0,HGS,Hinduja Global Solutions Limited,343598.82501
745,746.0,MUTHOOTMF,Muthoot Microfin Limited,340558.12156
746,747.0,SUBROS,Subros Limited,336322.909125
747,748.0,RAMKY,Ramky Infrastructure Limited,336162.868678
748,749.0,SUNFLAG,Sunflag Iron And Steel Company Limited,335478.502452
749,750.0,CARERATING,CARE Ratings Limited,334083.956122
750,751.0,GENSOL,Gensol Engineering Limited,333754.9048125
751,752.0,SKIPPER,Skipper Limited,332035.465608
752,753.0,LAOPALA,La Opala RG Limited,330613.5
753,754.0,LUMAXTECH,Lumax Auto Technologies Limited,329338.03056
754,755.0,DCXINDIA,DCX Systems Limited,327698.868234
755,756.0,BOMDYEING,Bombay Dyeing & Mfg Company Limited,326841.47925
756,757.0,HIKAL,Hikal Limited,326808.637875
757,758.0,JISLJALEQS,Jain Irrigation Systems Limited,326391.637329
758,759.0,CUPID,Cupid Limited,325132.1848935
759,760.0,AVALON,Avalon Technologies Limited,324318.75086
760,761.0,LUXIND,Lux Industries Limited,323075.1048235
761,762.0,NUCLEUS,Nucleus Software Exports Limited,317237.116076
762,763.0,TASTYBITE,Tasty Bite Eatables Limited,317232.014
763,764.0,SOTL,Savita Oil Technologies Limited,317032.70402
764,765.0,ARVSMART,Arvind SmartSpaces Limited,316186.989462
765,766.0,SANDHAR,Sandhar Technologies Limited,316031.312354
766,767.0,SALASAR,Salasar Techno Engineering Limited,315705.28
767,768.0,NEOGEN,Neogen Chemicals Limited,315577.584388
768,769.0,DATAMATICS,Datamatics Global Services Limited,314373.47184
769,770.0,JTLIND,JTL INDUSTRIES LIMITED,313565.8919
770,771.0,ANUP,The Anup Engineering Limited,313553.996325
771,772.0,HERITGFOOD,Heritage Foods Limited,313511.286
772,773.0,THYROCARE,Thyrocare Technologies Limited,312394.312062
773,774.0,VADILALIND,Vadilal Industries Limited,312206.989965
774,775.0,NAVNETEDUL,Navneet Education Limited,311608.6568275
775,776.0,DISHTV,Dish TV India Limited,308410.389045
776,777.0,KDDL,KDDL Limited,307441.4516325
777,778.0,KALAMANDIR,Sai Silks (Kalamandir) Limited,307345.688448
778,779.0,LANDMARK,Landmark Cars Limited,303092.68988
779,780.0,INDOCO,Indoco Remedies Limited,302852.1417075
780,781.0,BAJAJCON,Bajaj Consumer Care Limited,302472.47338650003
781,782.0,TVSSRICHAK,TVS Srichakra Limited,299222.1999
782,783.0,CARTRADE,Cartrade Tech Limited,299167.71636849997
783,784.0,SBCL,Shivalik Bimetal Controls Limited,299167.4127
784,785.0,FIEMIND,Fiem Industries Limited,298135.94865
785,786.0,PRAKASH,Prakash Industries Limited,297723.5573375
786,787.0,DELTACORP,Delta Corp Limited,296288.7188305
787,788.0,RAJRATAN,Rajratan Global Wire Limited,294928.739
788,789.0,IDEAFORGE,Ideaforge Technology Limited,294900.916733
789,790.0,MAHLOG,Mahindra Logistics Limited,294519.8033635
790,791.0,PFOCUS,Prime Focus Limited,294451.368408
791,792.0,GREAVESCOT,Greaves Cotton Limited,293711.960754
792,793.0,DOLLAR,Dollar Industries Limited,291974.58576
793,794.0,UFLEX,UFLEX Limited,291878.826412
794,795.0,UNITECH,Unitech Limited,291717.5667405
795,796.0,BFUTILITIE,BF Utilities Limited,290794.08816
796,797.0,SHARDACROP,Sharda Cropchem Limited,289743.1196925
797,798.0,BANARISUG,Bannari Amman Sugars Limited,288751.6719
798,799.0,SEQUENT,Sequent Scientific Limited,288095.686725
799,800.0,GREENPLY,Greenply Industries Limited,285991.26724
800,801.0,MAITHANALL,Maithan Alloys Limited,285409.6362
801,802.0,SHK,S H Kelkar and Company Limited,284454.746055
802,803.0,SUNCLAY,Sundaram Clayton Limited,284008.1599
803,804.0,GUFICBIO,Gufic Biosciences Limited,283283.95445
804,805.0,BLSE,BLS E-Services Limited,281655.1035
805,806.0,DIACABS,Diamond Power Infrastructure Limited,280533.043791
806,807.0,ESAFSFB,ESAF Small Finance Bank Limited,280297.632681
807,808.0,VSTTILLERS,V.S.T Tillers Tractors Limited,279907.747908
808,809.0,HLEGLAS,HLE Glascoat Limited,278727.95484
809,810.0,BCG,Brightcom Group Limited,278473.218474
810,811.0,GOODLUCK,Goodluck India Limited,277958.155932
811,812.0,SWARAJENG,Swaraj Engines Limited,277333.978905
812,813.0,SEAMECLTD,Seamec Limited,276776.55
813,814.0,SMLISUZU,SML Isuzu Limited,276155.184795
814,815.0,ASHIANA,Ashiana Housing Limited,275387.8457515
815,816.0,DALMIASUG,Dalmia Bharat Sugar and Industries Limited,275315.0391545
816,817.0,HINDWAREAP,Hindware Home Innovation Limited,272340.519965
817,818.0,SAGCEM,Sagar Cements Limited,272263.822484
818,819.0,SAKSOFT,Saksoft Limited,271517.9805
819,820.0,APOLLO,Apollo Micro Systems Limited,269087.99358
820,821.0,SUPRIYA,Supriya Lifescience Limited,267967.4826
821,822.0,AUTOAXLES,Automotive Axles Limited,265585.4046375
822,823.0,STYLAMIND,Stylam Industries Limited,264745.64526
823,824.0,FLAIR,Flair Writing Industries Limited,264384.305713
824,825.0,VINDHYATEL,Vindhya Telelinks Limited,263711.3289075
825,826.0,CARYSIL,CARYSIL LIMITED,263319.024635
826,827.0,THEJO,Thejo Engineering Limited,263234.938533
827,828.0,MPSLTD,MPS Limited,262283.476728
828,829.0,MARATHON,Marathon Nextgen Realty Limited,262252.897125
829,830.0,ISMTLTD,ISMT Limited,260684.9497525
830,831.0,FILATEX,Filatex India Limited,259877.39525
831,832.0,NRBBEARING,NRB Bearing Limited,259801.0293
832,833.0,JCHAC,Johnson Controls - Hitachi Air Conditioning India Limited,259428.224244
833,834.0,MOLDTKPAC,Mold-Tek Packaging Limited,259202.12081400002
834,835.0,DREAMFOLKS,Dreamfolks Services Limited,258952.041252
835,836.0,GMRP&UI,GMR Power and Urban Infra Limited,258640.255248
836,837.0,SHALBY,Shalby Limited,258251.36007
837,838.0,INNOVACAP,Innova Captab Limited,257254.6683195
838,839.0,PFS,PTC India Financial Services Limited,256913.334
839,840.0,AJMERA,Ajmera Realty & Infra India Limited,256484.6765
840,841.0,HMAAGRO,HMA Agro Industries Limited,255642.967585
841,842.0,NILKAMAL,Nilkamal Limited,254540.9701875
842,843.0,RPGLIFE,RPG Life Sciences Limited,252790.5747675
843,844.0,TATVA,Tatva Chintan Pharma Chem Limited,252306.70523
844,845.0,STYRENIX,Styrenix Performance Materials Limited,251659.0865625
845,846.0,QUICKHEAL,Quick Heal Technologies Limited,251153.60697
846,847.0,ACCELYA,Accelya Solutions India Limited,250798.5004525
847,848.0,REPCOHOME,Repco Home Finance Limited,250683.37753400003
848,849.0,PCJEWELLER,PC Jeweller Limited,250387.296048
849,850.0,APOLLOPIPE,Apollo Pipes Limited,250247.036954
850,851.0,GANECOS,Ganesha Ecosphere Limited,249667.7924
851,852.0,PARAGMILK,Parag Milk Foods Limited,248182.37343900002
852,853.0,BAJEL,Bajel Projects Limited,248090.634304
853,854.0,PSPPROJECT,PSP Projects Limited,247644.0
854,855.0,GIPCL,Gujarat Industries Power Company Limited,246615.062034
855,856.0,XPROINDIA,Xpro India Limited,246203.915958
856,857.0,PITTIENG,Pitti Engineering Limited,245247.11268400002
857,858.0,SHAKTIPUMP,Shakti Pumps (India) Limited,245117.76041599998
858,859.0,TIDEWATER,Tide Water Oil Company (India) Limited,243500.4
859,860.0,SHAILY,Shaily Engineering Plastics Limited,243074.869245
860,861.0,EVEREADY,Eveready Industries India Limited,242920.82292
861,862.0,CONFIPET,Confidence Petroleum India Limited,241161.65853150003
862,863.0,POLYPLEX,Polyplex Corporation Limited,240372.08153400003
863,864.0,TAJGVK,Taj GVK Hotels & Resorts Limited,240052.6736075
864,865.0,TIRUMALCHM,Thirumalai Chemicals Limited,239537.00674
865,866.0,SPECTRUM,Spectrum Electrical Industries Limited,239264.63129
866,867.0,PARAS,Paras Defence and Space Technologies Limited,238602.373198
867,868.0,EXICOM,Exicom Tele-Systems Limited,238447.15272349998
868,869.0,PGIL,Pearl Global Industries Limited,238344.41639099998
869,870.0,MANORAMA,Manorama Industries Limited,237412.815675
870,871.0,SOMANYCERA,Somany Ceramics Limited,236734.40007
871,872.0,KINGFA,Kingfa Science & Technology (India) Limited,236711.070706
872,873.0,FINOPB,Fino Payments Bank Limited,236578.260586
873,874.0,UNIPARTS,Uniparts India Limited,236455.758162
874,875.0,INDOSTAR,IndoStar Capital Finance Limited,236053.66125150002
875,876.0,DIVGIITTS,Divgi Torqtransfer Systems Limited,235457.95497299999
876,877.0,HINDOILEXP,Hindustan Oil Exploration Company Limited,235086.9711
877,878.0,SEPC,SEPC Limited,234685.7907885
878,879.0,INDIAGLYCO,India Glycols Limited,234394.03575
879,880.0,IPL,India Pesticides Limited,234012.248256
880,881.0,GENESYS,Genesys International Corporation Limited,233863.07979299998
881,882.0,SANGHIIND,Sanghi Industries Limited,233397.541
882,883.0,BSHSL,Bombay Super Hybrid Seeds Limited,233380.51072
883,884.0,SATIN,Satin Creditcare Network Limited,232154.7329475
884,885.0,AXISCADES,AXISCADES Technologies Limited,231107.4141545
885,886.0,ARTEMISMED,Artemis Medicare Services Limited,230759.05925
886,887.0,SASKEN,Sasken Technologies Limited,230632.18553599998
887,888.0,EIHAHOTELS,EIH Associated Hotels Limited,230506.7661285
888,889.0,DHANI,Dhani Services Limited,229530.2854895
889,890.0,PRECWIRE,Precision Wires India Limited,229039.52395
890,891.0,VIDHIING,Vidhi Specialty Food Ingredients Limited,228448.43
891,892.0,APCOTEXIND,Apcotex Industries Limited,227158.69224
892,893.0,HUHTAMAKI,Huhtamaki India Limited,225923.86556099998
893,894.0,LUMAXIND,Lumax Industries Limited,225439.25264400002
894,895.0,GOCLCORP,GOCL Corporation Limited,225356.53954
895,896.0,WENDT,Wendt (India) Limited,224676.0
896,897.0,DEN,Den Networks Limited,224533.8190725
897,898.0,YATRA,Yatra Online Limited,224468.61408650002
898,899.0,HONDAPOWER,Honda India Power Products Limited,224450.94662349997
899,900.0,KCP,KCP Limited,224064.97608
900,901.0,EMSLIMITED,EMS Limited,223455.96736799998
901,902.0,JAGRAN,Jagran Prakashan Limited,223422.110208
902,903.0,SANGAMIND,Sangam (India) Limited,222542.009811
903,904.0,BEPL,Bhansali Engineering Polymers Limited,222355.03401
904,905.0,CAPACITE,Capacit'e Infraprojects Limited,221535.68659549998
905,906.0,NPST,Network People Services Technologies Limited,220738.689
906,907.0,SUVEN,Suven Life Sciences Limited,218073.717
907,908.0,MANINDS,Man Industries (India) Limited,218023.8320125
908,909.0,DIAMONDYD,Prataap Snacks Limited,217761.4461375
909,910.0,CENTUM,Centum Electronics Limited,217009.007475
910,911.0,VENKEYS,Venky's (India) Limited,216839.3039875
911,912.0,IKIO,IKIO Lighting Limited,216617.80490299998
912,913.0,TCNSBRANDS,TCNS Clothing Co. Limited,216426.726269
913,914.0,OPTIEMUS,Optiemus Infracom Limited,215887.9067695
914,915.0,MOREPENLAB,Morepen Laboratories Limited,214946.44171400002
915,916.0,MUKANDLTD,Mukand Limited,214937.1499625
916,917.0,UDS,Updater Services Limited,214469.090481
917,918.0,ALEMBICLTD,Alembic Limited,214284.435466
918,919.0,RAMASTEEL,Rama Steel Tubes Limited,213129.7164
919,920.0,IOLCP,IOL Chemicals and Pharmaceuticals Limited,212191.03697900003
920,921.0,MBAPL,Madhya Bharat Agro Products Limited,211399.99275
921,922.0,MMFL,MM Forgings Limited,211135.4368
922,923.0,VAKRANGEE,Vakrangee Limited,210313.388065
923,924.0,TARSONS,Tarsons Products Limited,209419.922016
924,925.0,ASTEC,Astec LifeSciences Limited,209318.469447
925,926.0,JSLL,Jeena Sikho Lifecare Limited,209235.41880900002
926,927.0,VISHNU,Vishnu Chemicals Limited,209162.80644
927,928.0,TTKHLTCARE,TTK Healthcare Limited,208627.3015785
928,929.0,MTNL,Mahanagar Telephone Nigam Limited,206640.0
929,930.0,RPTECH,Rashi Peripherals Limited,206101.2022875
930,931.0,RPSGVENT,RPSG VENTURES LIMITED,206012.5256385
931,932.0,ORIENTHOT,Oriental Hotels Limited,205924.85454
932,933.0,GTLINFRA,GTL Infrastructure Limited,204912.335152
933,934.0,WEBELSOLAR,Websol Energy System Limited,204827.401991
934,935.0,JASH,Jash Engineering Limited,203847.63831
935,936.0,UGROCAP,Ugro Capital Limited,203758.423539
936,937.0,SDBL,Som Distilleries & Breweries Limited,203658.9044375
937,938.0,HPL,HPL Electric & Power Limited,203511.03819
938,939.0,TCPLPACK,TCPL Packaging Limited,203280.35
939,940.0,ADFFOODS,ADF Foods Limited,203192.7189525
940,941.0,HMT,HMT Limited,202483.84505
941,942.0,MOL,Meghmani Organics Limited,201671.16932299998
942,943.0,MUFIN,Mufin Green Finance Limited,201352.061862
943,944.0,THEMISMED,Themis Medicare Limited,201199.70232
944,945.0,PANAMAPET,Panama Petrochem Limited,201141.21335
945,946.0,MANGLMCEM,Mangalam Cement Limited,201005.24838
946,947.0,SIGNPOST,Signpost India Limited,200918.55
947,948.0,HITECH,Hi-Tech Pipes Limited,200661.435
948,949.0,MAYURUNIQ,Mayur Uniquoters Ltd,200291.9982
949,950.0,SIYSIL,Siyaram Silk Mills Limited,199129.316232
950,951.0,JINDALPOLY,Jindal Poly Films Limited,198593.27616150002
951,952.0,KRSNAA,Krsnaa Diagnostics Limited,198452.883398
952,953.0,DEEPINDS,Deep Industries Limited,197440.0
953,954.0,PNBGILTS,PNB Gilts Limited,197291.106864
954,955.0,HIL,HIL Limited,196421.5667025
955,956.0,RICOAUTO,Rico Auto Industries Limited,196298.535
956,957.0,BFINVEST,BF Investment Limited,196022.33611200002
957,958.0,GANDHAR,Gandhar Oil Refinery (India) Limited,195837.513822
958,959.0,IFGLEXPOR,IFGL Refractories Limited,195819.60175200002
959,960.0,BARBEQUE,Barbeque Nation Hospitality Limited,194513.8533375
960,961.0,ANDHRAPAP,ANDHRA PAPER LIMITED,193182.9644425
961,962.0,IRMENERGY,IRM Energy Limited,192693.064161
962,963.0,RIIL,Reliance Industrial Infrastructure Limited,192592.95
963,964.0,SHRIRAMPPS,Shriram Properties Limited,192553.57239299998
964,965.0,GLOBUSSPR,Globus Spirits Limited,191812.399845
965,966.0,DREDGECORP,Dredging Corporation of India Limited,190288.0
966,967.0,RUPA,Rupa & Company Limited,189864.887
967,968.0,SJS,S.J.S. Enterprises Limited,189532.960776
968,969.0,PARACABLES,Paramount Communications Limited,188618.281245
969,970.0,EXPLEOSOL,Expleo Solutions Limited,188324.2728955
970,971.0,PRECAM,Precision Camshafts Limited,187644.5170425
971,972.0,BHARATWIRE,Bharat Wire Ropes Limited,187251.509696
972,973.0,GTPL,GTPL Hathway Limited,187250.95827
973,974.0,VPRPL,Vishnu Prakash R Punglia Limited,186779.034
974,975.0,ADORWELD,Ador Welding Limited,186434.98257
975,976.0,DPABHUSHAN,D. P. Abhushan Limited,186117.31055
976,977.0,FOSECOIND,Foseco India Limited,185980.07253900002
977,978.0,SCILAL,Shipping Corporation of India Land and Assets Limited,185853.80499
978,979.0,SESHAPAPER,Seshasayee Paper and Boards Limited,185578.00195
979,980.0,JINDRILL,Jindal Drilling And Industries Limited,184696.57579200002
980,981.0,YASHO,Yasho Industries Limited,184558.7476
981,982.0,GREENPOWER,Orient Green Power Company Limited,183395.38369900003
982,983.0,NITINSPIN,Nitin Spinners Limited,182630.67
983,984.0,GOLDIAM,Goldiam International Limited,182512.863498
984,985.0,PIXTRANS,Pix Transmissions Limited,181801.0436
985,986.0,SIGACHI,Sigachi Industries Limited,180176.6333
986,987.0,ARMANFIN,Arman Financial Services Limited,179568.437062
987,988.0,MONARCH,Monarch Networth Capital Limited,179389.902087
988,989.0,AMRUTANJAN,Amrutanjan Health Care Limited,179376.003835
989,990.0,FMGOETZE,Federal-Mogul Goetze (India) Limited.,179191.09073
990,991.0,PENIND,Pennar Industries Limited,179073.648537
991,992.0,GEPIL,GE Power India Limited,178522.5492405
992,993.0,PVSL,Popular Vehicles and Services Limited,177639.50401
993,994.0,JUBLINDS,Jubilant Industries Limited,176744.62828049998
994,995.0,63MOONS,63 moons technologies limited,175835.69719200002
995,996.0,CANTABIL,Cantabil Retail India Limited,174636.22752
996,997.0,RAMCOIND,Ramco Industries Limited,174486.2106
997,998.0,JYOTISTRUC,Jyoti Structures Limited,173961.6453615
998,999.0,VSSL,Vardhman Special Steels Limited,172776.295188
999,1000.0,HERCULES,Hercules Hoists Limited,172464.0
1000,1001.0,NSIL,Nalwa Sons Investments Limited,171781.5396165
1001,1002.0,HLVLTD,HLV LIMITED,171737.20368950002
1002,1003.0,SURYODAY,Suryoday Small Finance Bank Limited,170818.999082
1003,1004.0,TNPL,Tamil Nadu Newsprint & Papers Limited,170707.9449
1004,1005.0,SUBEXLTD,Subex Limited,168881.8819675
1005,1006.0,RISHABH,Rishabh Instruments Limited,168798.29842
1006,1007.0,SERVOTECH,Servotech Power Systems Limited,168317.72904
1007,1008.0,BHAGCHEM,Bhagiradha Chemicals & Industries Limited,167361.78857200002
1008,1009.0,ATFL,Agro Tech Foods Limited,166198.38048
1009,1010.0,OMAXE,Omaxe Limited,165616.43897
1010,1011.0,EVERESTIND,Everest Industries Limited,164449.808725
1011,1012.0,PREMEXPLN,Premier Explosives Limited,163616.820863
1012,1013.0,GNA,GNA Axles Limited,163351.694
1013,1014.0,GOKULAGRO,Gokul Agro Resources Limited,161043.57525700002
1014,1015.0,TALBROAUTO,Talbros Automotive Components Limited,160801.83075
1015,1016.0,DCMSRIND,DCM Shriram Industries Limited,159369.68292
1016,1017.0,NELCO,NELCO Limited,158393.9236
1017,1018.0,KICL,Kalyani Investment Company Limited,158272.899642
1018,1019.0,MOTISONS,Motisons Jewellers Limited,157562.823
1019,1020.0,5PAISA,5Paisa Capital Limited,157484.5546365
1020,1021.0,KIRIINDUS,Kiri Industries Limited,157109.493541
1021,1022.0,CAPITALSFB,Capital Small Finance Bank Limited,157108.30976
1022,1023.0,INDRAMEDCO,Indraprastha Medical Corporation Limited,157081.6855
1023,1024.0,AEROFLEX,Aeroflex Industries Limited,156994.92918
1024,1025.0,SIRCA,Sirca Paints India Limited,156013.2492
1025,1026.0,SHANKARA,Shankara Building Products Limited,155474.553649
1026,1027.0,FAIRCHEMOR,Fairchem Organics Limited,154974.775604
1027,1028.0,BLKASHYAP,B. L. Kashyap and Sons Limited,154651.84
1028,1029.0,TFCILTD,Tourism Finance Corporation of India Limited,154536.88608
1029,1030.0,SADHNANIQ,Sadhana Nitrochem Limited,154164.475296
1030,1031.0,INDNIPPON,India Nippon Electricals Limited,153972.72245600002
1031,1032.0,GVKPIL,GVK Power & Infrastructure Limited,153915.503625
1032,1033.0,RANEHOLDIN,Rane Holdings Limited,153871.947593
1033,1034.0,GEOJITFSL,Geojit Financial Services Limited,153530.757444
1034,1035.0,DCW,DCW Limited,151709.678738
1035,1036.0,SBGLP,Suratwwala Business Group Limited,151583.310204
1036,1037.0,BCLIND,Bcl Industries Limited,151149.9
1037,1038.0,SMSPHARMA,SMS Pharmaceuticals Limited,150892.243475
1038,1039.0,DPSCLTD,DPSC Limited,149963.60456
1039,1040.0,CAMLINFINE,Camlin Fine Sciences Limited,149453.4152475
1040,1041.0,CONTROLPR,Control Print Limited,148722.18028200002
1041,1042.0,REFEX,Refex Industries Limited,148534.42538
1042,1043.0,KRISHANA,Krishana Phoschem Limited,147778.6203
1043,1044.0,EKC,Everest Kanto Cylinder Limited,147384.79030700002
1044,1045.0,WHEELS,Wheels India Limited,146097.195254
1045,1046.0,JITFINFRA,JITF Infralogistics Limited,146048.45749200002
1046,1047.0,V2RETAIL,V2 Retail Limited,146036.197702
1047,1048.0,SALZERELEC,Salzer Electronics Limited,145736.867008
1048,1049.0,UNIVCABLES,Universal Cables Limited,145681.67671200001
1049,1050.0,SPAL,S. P. Apparels Limited,145662.543
1050,1051.0,EPACK,EPACK Durable Limited,144991.3188285
1051,1052.0,SWELECTES,Swelect Energy Systems Limited,144667.62606
1052,1053.0,GPTHEALTH,GPT Healthcare Limited,144662.652949
1053,1054.0,HITECHGEAR,The Hi-Tech Gears Limited,144488.75217700002
1054,1055.0,INSECTICID,Insecticides (India) Limited,143934.281331
1055,1056.0,PENINLAND,Peninsula Land Limited,143700.41791
1056,1057.0,SHREDIGCEM,Shree Digvijay Cement Co.Ltd,143279.388216
1057,1058.0,SPIC,Southern Petrochemicals Industries Corporation  Limited,143159.156208
1058,1059.0,NIITLTD,NIIT Limited,142628.874432
1059,1060.0,BIGBLOC,Bigbloc Construction Limited,142425.2045
1060,1061.0,ORIANA,Oriana Power Limited,142334.892
1061,1062.0,SPCENET,Spacenet Enterprises India Limited,142053.82686600002
1062,1063.0,SHALPAINTS,Shalimar Paints Limited,139044.26665799998
1063,1064.0,KAMDHENU,Kamdhenu Limited,139014.1155
1064,1065.0,STOVEKRAFT,Stove Kraft Limited,138668.65488450002
1065,1066.0,RKSWAMY,R K Swamy Limited,138408.594822
1066,1067.0,NAVKARCORP,Navkar Corporation Limited,138176.608158
1067,1068.0,BUTTERFLY,Butterfly Gandhimathi Appliances Limited,136412.0343545
1068,1069.0,DHAMPURSUG,Dhampur Sugar Mills Limited,135875.41202
1069,1070.0,NDTV,New Delhi Television Limited,135744.2526685
1070,1071.0,ARIHANTSUP,Arihant Superstructures Limited,135498.690372
1071,1072.0,VASCONEQ,Vascon Engineers Limited,135446.07193200002
1072,1073.0,KUANTUM,Kuantum Papers Limited,134822.30835
1073,1074.0,APTECHT,Aptech Limited,134381.050296
1074,1075.0,INDIANHUME,Indian Hume Pipe Company Limited,134180.46819
1075,1076.0,ROSSELLIND,Rossell India Limited,133803.6380125
1076,1077.0,AHL,Abans Holdings Limited,133538.66485
1077,1078.0,SOLARA,Solara Active Pharma Sciences Limited,133528.1524365
1078,1079.0,SUMMITSEC,Summit Securities Limited,133219.76382
1079,1080.0,ALICON,Alicon Castalloy Limited,132737.39384
1080,1081.0,KSOLVES,Ksolves India Limited,132662.712
1081,1082.0,IGPL,IG Petrochemicals Limited,132648.816375
1082,1083.0,STEELCAS,Steelcast Limited,132349.36
1083,1084.0,POKARNA,Pokarna Limited,132092.542
1084,1085.0,ATL,Allcargo Terminals Limited,132061.34415
1085,1086.0,ATULAUTO,Atul Auto Limited,132012.83896
1086,1087.0,GANESHBE,Ganesh Benzoplast Limited,131956.608693
1087,1088.0,COSMOFIRST,COSMO FIRST LIMITED,131445.5079525
1088,1089.0,AWHCL,Antony Waste Handling Cell Limited,131040.1557
1089,1090.0,DWARKESH,Dwarikesh Sugar Industries Limited,130869.52165
1090,1091.0,HARIOMPIPE,Hariom Pipe Industries Limited,130816.75103200001
1091,1092.0,SMCGLOBAL,SMC Global Securities Limited,130717.95
1092,1093.0,MADRASFERT,Madras Fertilizers Limited,130492.053
1093,1094.0,DSSL,Dynacons Systems & Solutions Limited,130459.47624
1094,1095.0,STEELXIND,STEEL EXCHANGE INDIA LIMITED,130246.02426
1095,1096.0,MONTECARLO,Monte Carlo Fashions Limited,129876.01492799999
1096,1097.0,E2E,E2E Networks Limited,129769.50459
1097,1098.0,VERTOZ,Vertoz Advertising Limited,129707.46
1098,1099.0,GIRIRAJ,Giriraj Civil Developers Limited,129374.02425
1099,1100.0,NGLFINE,NGL Fine-Chem Limited,129367.82256
1100,1101.0,IGARASHI,Igarashi Motors India Limited,129142.121944
1101,1102.0,JAYBARMARU,Jay Bharat Maruti Limited,127951.5
1102,1103.0,AVTNPL,AVT Natural Products Limited,127918.56
1103,1104.0,SKYGOLD,Sky Gold Limited,126841.99715
1104,1105.0,TVTODAY,TV Today Network Limited,126288.6236475
1105,1106.0,XCHANGING,Xchanging Solutions Limited,125886.19908
1106,1107.0,ANDHRSUGAR,The Andhra Sugars Limited,125709.074225
1107,1108.0,ACLGATI,Allcargo Gati Limited,125107.0719335
1108,1109.0,KOPRAN,Kopran Limited,124677.786186
1109,1110.0,ENIL,Entertainment Network (India) Limited,124014.5846225
1110,1111.0,VERANDA,Veranda Learning Solutions Limited,123621.415929
1111,1112.0,MVGJL,Manoj Vaibhav Gems N Jewellers Limited,122924.5852765
1112,1113.0,OMINFRAL,OM INFRA LIMITED,122739.20457049999
1113,1114.0,ZOTA,Zota Health Care LImited,122645.566615
1114,1115.0,SNOWMAN,Snowman Logistics Limited,122475.500335
1115,1116.0,RAJRILTD,Raj Rayon Industries Limited,122060.1076525
1116,1117.0,PUNJABCHEM,Punjab Chemicals & Crop Protection Limited,121751.234865
1117,1118.0,KITEX,Kitex Garments Limited,120996.75
1118,1119.0,TEXINFRA,Texmaco Infrastructure & Holdings Limited,120927.83391
1119,1120.0,IMPAL,India Motor Parts and Accessories Limited,120906.24
1120,1121.0,HIMATSEIDE,Himatsingka Seide Limited,120314.64952
1121,1122.0,DOLATALGO,Dolat Algotech Limited,120120.0
1122,1123.0,MANGCHEFER,Mangalore Chemicals & Fertilizers Limited,120115.104525
1123,1124.0,AGARIND,Agarwal Industrial Corporation Limited,119722.143156
1124,1125.0,REPRO,Repro India Limited,119289.42242799999
1125,1126.0,DOLPHIN,Dolphin Offshore Enterprises (India) Limited,119073.63237
1126,1127.0,UTTAMSUGAR,Uttam Sugar Mills Limited,119010.00346
1127,1128.0,CENTRUM,Centrum Capital Limited,118777.34727
1128,1129.0,HESTERBIO,Hester Biosciences Limited,118623.9789925
1129,1130.0,BETA,Beta Drugs Limited,118610.134125
1130,1131.0,MARINE,Marine Electricals (India) Limited,118311.0555
1131,1132.0,BLISSGVS,Bliss GVS Pharma Limited,118143.592627
1132,1133.0,MSPL,MSP Steel & Power Limited,117936.99
1133,1134.0,LINCOLN,Lincoln Pharmaceuticals Limited,117384.220944
1134,1135.0,SAURASHCEM,Saurashtra Cement Limited,117359.78206
1135,1136.0,MATRIMONY,Matrimony.Com Limited,117056.63416850001
1136,1137.0,HARDWYN,Hardwyn India Limited,116003.0877775
1137,1138.0,GMBREW,GM Breweries Limited,115879.59726
1138,1139.0,SURAJEST,Suraj Estate Developers Limited,115693.77748799999
1139,1140.0,SICALLOG,Sical Logistics Limited,115164.6262
1140,1141.0,TREL,Transindia Real Estate Limited,113634.17985
1141,1142.0,PAKKA,PAKKA LIMITED,113626.6581
1142,1143.0,HERANBA,Heranba Industries Limited,113498.1991455
1143,1144.0,RAMRAT,Ram Ratna Wires Limited,112838.0
1144,1145.0,DVL,Dhunseri Ventures Limited,112604.58411
1145,1146.0,NACLIND,NACL Industries Limited,112032.6620625
1146,1147.0,RML,Rane (Madras) Limited,111888.77169299999
1147,1148.0,NELCAST,Nelcast Limited,111796.542
1148,1149.0,KOKUYOCMLN,Kokuyo Camlin Limited,111337.22466
1149,1150.0,ALLSEC,Allsec Technologies Limited,111331.209756
1150,1151.0,MACPOWER,Macpower CNC Machines Limited,110716.03872
1151,1152.0,INNOVANA,Innovana Thinklabs Limited,110700.0
1152,1153.0,ROTO,Roto Pumps Limited,110696.121445
1153,1154.0,STERTOOLS,Sterling Tools Limited,110432.2188205
1154,1155.0,MUKKA,Mukka Proteins Limited,109500.0
1155,1156.0,TIL,TIL Limited,108861.06216649999
1156,1157.0,CSLFINANCE,CSL Finance Limited,108695.884791
1157,1158.0,GICHSGFIN,GIC Housing Finance Limited,108456.046924
1158,1159.0,SATIA,Satia Industries Limited,108300.0
1159,1160.0,MUFTI,Credo Brands Marketing Limited,107651.39679
1160,1161.0,CREST,Crest Ventures Limited,106616.375
1161,1162.0,AVADHSUGAR,Avadh Sugar & Energy Limited,106307.81941
1162,1163.0,WINDLAS,Windlas Biotech Limited,106135.128225
1163,1164.0,KRYSTAL,Krystal Integrated Services Limited,105970.269944
1164,1165.0,YUKEN,Yuken India Limited,105943.5
1165,1166.0,ASIANENE,Asian Energy Services Limited,105818.33743200001
1166,1167.0,SPORTKING,Sportking India Limited,105805.9736
1167,1168.0,KOTYARK,Kotyark Industries Limited,105781.1073
1168,1169.0,CLSEL,Chaman Lal Setia Exports Limited,105303.641025
1169,1170.0,KAMOPAINTS,Kamdhenu Ventures Limited,105120.312
1170,1171.0,HUBTOWN,Hubtown Limited,105115.670365
1171,1172.0,VALIANTORG,Valiant Organics Limited,105005.786592
1172,1173.0,INDOTECH,Indo Tech Transformers Limited,104968.08
1173,1174.0,COFFEEDAY,Coffee Day Enterprises Limited,104886.4784835
1174,1175.0,SYNCOMF,Syncom Formulations (India) Limited,104810.0
1175,1176.0,NDRAUTO,Ndr Auto Components Limited,104809.942076
1176,1177.0,DHANBANK,Dhanlaxmi Bank Limited,104367.48465
1177,1178.0,ONEPOINT,One Point One Solutions Limited,103875.52023
1178,1179.0,HIRECT,Hind Rectifiers Limited,103469.82975
1179,1180.0,KABRAEXTRU,Kabra Extrusion Technik Limited,102837.624258
1180,1181.0,REMUS,Remus Pharmaceuticals Limited,101627.4255
1181,1182.0,INDORAMA,Indo Rama Synthetics (India) Limited,101442.45916350001
1182,1183.0,GULPOLY,Gulshan Polyols Limited,101133.9068205
1183,1184.0,HEUBACHIND,Heubach Colorants India Limited,100728.96647200001
1184,1185.0,OAL,Oriental Aromatics Limited,100304.483268
1185,1186.0,CREATIVE,Creative Newtech Limited,100140.708175
1186,1187.0,ONWARDTEC,Onward Technologies Limited,99671.11599
1187,1188.0,URJA,Urja Global Limited,99310.68825299999
1188,1189.0,PVP,PVP Ventures Limited,99213.802461
1189,1190.0,ROHLTD,Royal Orchid Hotels Limited,99059.87658
1190,1191.0,BLAL,BEML Land Assets Limited,98530.887
1191,1192.0,SATINDLTD,Sat Industries Limited,98497.035
1192,1193.0,VIMTALABS,Vimta Labs Limited,98404.1326455
1193,1194.0,ZUARIIND,ZUARI INDUSTRIES LIMITED,97801.40825600001
1194,1195.0,GSLSU,Global Surfaces Limited,97796.045035
1195,1196.0,NAHARSPING,Nahar Spinning Mills Limited,96853.3712065
1196,1197.0,MANALIPETC,Manali Petrochemicals Limited,96663.566698
1197,1198.0,SASTASUNDR,Sastasundar Ventures Limited,96640.299
1198,1199.0,DLINKINDIA,D-Link (India) Limited,96431.1726
1199,1200.0,RGL,Renaissance Global Limited,95987.23485200001
1200,1201.0,FOCUS,Focus Lighting and Fixtures Limited,95344.6071375
1201,1202.0,GANDHITUBE,Gandhi Special Tubes Limited,94654.69943200001
1202,1203.0,KELLTONTEC,Kellton Tech Solutions Limited,94429.0178415
1203,1204.0,PLATIND,Platinum Industries Limited,94141.23232200001
1204,1205.0,KERNEX,Kernex Microsystems (India) Limited,93852.7632
1205,1206.0,RAMCOSYS,Ramco Systems Limited,93730.1599725
1206,1207.0,WALCHANNAG,Walchandnagar Industries Limited,93084.942314
1207,1208.0,CHEMFAB,Chemfab Alkalis Limited,92785.898244
1208,1209.0,UNIENTER,Uniphos Enterprises Limited,92774.162566
1209,1210.0,SARVESHWAR,Sarveshwar Foods Limited,92498.112
1210,1211.0,BODALCHEM,Bodal Chemicals Limited,92392.4354925
1211,1212.0,SEMAC,SEMAC CONSULTANTS LIMITED,92075.76274600001
1212,1213.0,VISAKAIND,Visaka Industries Limited,91934.66464
1213,1214.0,LIKHITHA,Likhitha Infrastructure Limited,91681.8
1214,1215.0,WEL,Wonder Electricals Limited,91426.958
1215,1216.0,ASAL,Automotive Stampings and Assemblies Limited,91053.7065815
1216,1217.0,AMNPLST,Amines & Plasticizers Limited,91003.08
1217,1218.0,GPTINFRA,GPT Infraprojects Limited,90922.836
1218,1219.0,NINSYS,NINtec Systems Limited,90873.792
1219,1220.0,SHIVALIK,Shivalik Rasayan Limited,89923.349335
1220,1221.0,VHL,Vardhman Holdings Limited,89549.37571200001
1221,1222.0,OWAIS,Owais Metal And Mineral Processing Limited,89366.48617
1222,1223.0,TRACXN,Tracxn Technologies Limited,88993.57630950001
1223,1224.0,EXCELINDUS,Excel Industries Limited,88950.21659200001
1224,1225.0,INFOBEAN,InfoBeans Technologies Limited,88944.403015
1225,1226.0,SANDESH,The Sandesh Limited,88796.877751
1226,1227.0,EIMCOELECO,Eimco Elecon (India) Limited,88149.5753775
1227,1228.0,CENTENKA,Century Enka Limited,87872.1436635
1228,1229.0,HPAL,HP Adhesives Limited,87694.4345575
1229,1230.0,MICEL,MIC Electronics Limited,87471.305485
1230,1231.0,FAZE3Q,Faze Three Limited,87341.6885
1231,1232.0,ORIENTPPR,Orient Paper & Industries Limited,87314.465753
1232,1233.0,MAXIND,Max India Limited,87248.12212799999
1233,1234.0,GRPLTD,GRP Limited,86864.64495049999
1234,1235.0,DENORA,De Nora India Limited,86259.993866
1235,1236.0,ASALCBR,Associated Alcohols & Breweries Ltd.,85351.9032
1236,1237.0,GKWLIMITED,GKW Limited,84831.697
1237,1238.0,VLSFINANCE,VLS Finance Limited,84780.93429
1238,1239.0,SPECIALITY,Speciality Restaurants Limited,84724.0228055
1239,1240.0,CHEMCON,Chemcon Speciality Chemicals Limited,84616.91931
1240,1241.0,SRHHYPOLTD,Sree Rayalaseema Hi-Strength Hypo Limited,84502.413783
1241,1242.0,PPL,Prakash Pipes Limited,84455.70797399999
1242,1243.0,NCLIND,NCL Industries Limited,83590.19592
1243,1244.0,HEXATRADEX,Hexa Tradex Limited,83309.013632
1244,1245.0,DECCANCE,Deccan Cements Limited,82784.325
1245,1246.0,SUTLEJTEX,Sutlej Textiles and Industries Limited,82569.62448
1246,1247.0,SPENCERS,Spencer's Retail Limited,82296.714357
1247,1248.0,BASILIC,Basilic Fly Studio Limited,82234.74
1248,1249.0,SILVERTUC,Silver Touch Technologies Limited,81957.303
1249,1250.0,SCHAND,S Chand And Company Limited,81915.62355399999
1250,1251.0,AGSTRA,AGS Transact Technologies Limited,81825.673224
1251,1252.0,DYCL,Dynamic Cables Limited,81726.975
1252,1253.0,ALPEXSOLAR,Alpex Solar Limited,81325.1082
1253,1254.0,RADIANTCMS,Radiant Cash Management Services Limited,81258.070419
1254,1255.0,AMBIKCO,Ambika Cotton Mills Limited,80968.675
1255,1256.0,BAJAJHCARE,Bajaj Healthcare Limited,80670.1232
1256,1257.0,RSWM,RSWM Limited,80567.430482
1257,1258.0,SAKAR,Sakar Healthcare Limited,80104.91853
1258,1259.0,MUNJALAU,Munjal Auto Industries Limited,79500.0
1259,1260.0,HMVL,Hindustan Media Ventures Limited,79123.242552
1260,1261.0,ELDEHSG,Eldeco Housing And Industries Limited,78988.489
1261,1262.0,INDOAMIN,Indo Amines Limited,78827.7794
1262,1263.0,DENTALKART,Vasa Denticity Limited,78527.46782399999
1263,1264.0,VIKASLIFE,Vikas Lifecare Limited,78335.67516
1264,1265.0,RUSHIL,Rushil Decor Limited,77329.19050699999
1265,1266.0,ADSL,Allied Digital Services Limited,76942.7879495
1266,1267.0,BCONCEPTS,Brand Concepts Limited,76716.0207
1267,1268.0,DBOL,Dhampur Bio Organics Limited,76511.697475
1268,1269.0,LINC,Linc Limited,76473.320322
1269,1270.0,RADHIKAJWE,Radhika Jeweltech Limited,76287.0
1270,1271.0,DHARMAJ,Dharmaj Crop Guard Limited,75672.145744
1271,1272.0,MAGADSUGAR,Magadh Sugar & Energy Limited,75650.915655
1272,1273.0,CHEVIOT,Cheviot Company Limited,75520.8065625
1273,1274.0,VINYAS,Vinyas Innovative Technologies Limited,75508.356
1274,1275.0,BALAJITELE,Balaji Telefilms Limited,74979.142868
1275,1276.0,OSWALGREEN,Oswal Greentech Limited,74731.465269
1276,1277.0,ICEMAKE,Ice Make Refrigeration Limited,74669.70602
1277,1278.0,GFLLIMITED,GFL Limited,74478.3
1278,1279.0,PANACEABIO,Panacea Biotec Limited,74450.281763
1279,1280.0,STCINDIA,The State Trading Corporation of India Limited,74430.0
1280,1281.0,TRU,TruCap Finance Limited,74289.5502705
1281,1282.0,UGARSUGAR,The Ugar Sugar Works Limited,74025.0
1282,1283.0,MAANALU,Maan Aluminium Limited,73988.093952
1283,1284.0,NRAIL,N R Agarwal Industries Limited,73556.5502
1284,1285.0,JAGSNPHARM,Jagsonpal Pharmaceuticals Limited,72850.338204
1285,1286.0,GHCLTEXTIL,GHCL Textiles Limited,72454.025788
1286,1287.0,ASIANTILES,Asian Granito India Limited,72434.94809399999
1287,1288.0,DAVANGERE,Davangere Sugar Company Limited,72303.909047
1288,1289.0,POCL,Pondy Oxides & Chemicals Limited,72166.63424
1289,1290.0,KOTHARIPET,Kothari Petrochemicals Limited,71939.724
1290,1291.0,CONSOFINVT,Consolidated Finvest & Holdings Limited,71845.348435
1291,1292.0,ACL,Andhra Cements Limited,71663.83885
1292,1293.0,ZUARI,Zuari Agro Chemicals Limited,71246.262164
1293,1294.0,GRMOVER,GRM Overseas Limited,71190.0
1294,1295.0,BEDMUTHA,Bedmutha Industries Limited,71125.732278
1295,1296.0,SUKHJITS,Sukhjit Starch & Chemicals Limited,70970.746
1296,1297.0,ESTER,Ester Industries Limited,70842.9982705
1297,1298.0,WSI,W S Industries (I) Limited,70517.3775
1298,1299.0,TNPETRO,Tamilnadu PetroProducts Limited,70177.74972
1299,1300.0,FOODSIN,Foods & Inns Limited,70000.44359550001
1300,1301.0,THEINVEST,The Investment Trust Of India Limited,69769.4808035
1301,1302.0,DHUNINV,Dhunseri Investments Limited,69687.695951
1302,1303.0,TBZ,Tribhovandas Bhimji Zaveri Limited,69433.21011
1303,1304.0,EMKAYTOOLS,Emkay Taps and Cutting Tools Limited,69363.45
1304,1305.0,KECL,Kirloskar Electric Company Limited,69336.29012399999
1305,1306.0,EMAMIPAP,Emami Paper Mills Limited,69059.665575
1306,1307.0,ELECTHERM,Electrotherm (India) Limited,68683.76746
1307,1308.0,LOKESHMACH,Lokesh Machines Limited,68558.278005
1308,1309.0,SELAN,Selan Exploration Technology Limited,68438.0
1309,1310.0,AVG,AVG Logistics Limited,68296.5718
1310,1311.0,SAHANA,Sahana System Limited,67866.236091
1311,1312.0,DMCC,DMCC SPECIALITY CHEMICALS LIMITED,67674.5081955
1312,1313.0,NECLIFE,Nectar Lifesciences Limited,67614.682455
1313,1314.0,BIRLACABLE,Birla Cable Limited,67605.0
1314,1315.0,GOACARBON,Goa Carbon Limited,67530.188234
1315,1316.0,JGCHEM,J.G.Chemicals Limited,67497.9935175
1316,1317.0,ANNAPURNA,Annapurna Swadisht Limited,67193.8
1317,1318.0,3IINFOLTD,3i Infotech Limited,66707.50204
1318,1319.0,WEALTH,Wealth First Portfolio Managers Limited,66652.3525
1319,1320.0,PARSVNATH,Parsvnath Developers Limited,66582.71901
1320,1321.0,ADVANIHOTR,Advani Hotels & Resorts (India) Limited,66463.2815
1321,1322.0,KRITI,Kriti Industries (India) Limited,66245.50096
1322,1323.0,ELIN,Elin Electronics Limited,66170.91065
1323,1324.0,DPWIRES,D P Wires Limited,66002.50635899999
1324,1325.0,MEGASOFT,Megasoft Limited,65987.30167449999
1325,1326.0,OCCL,Oriental Carbon & Chemicals Limited,65714.825176
1326,1327.0,MUNJALSHOW,Munjal Showa Limited,65111.86
1327,1328.0,ZEEMEDIA,Zee Media Corporation Limited,65044.58272
1328,1329.0,SOLEX,Solex Energy Limited,64800.0
1329,1330.0,MMP,MMP Industries Limited,64675.052698
1330,1331.0,CHEMBOND,Chembond Chemicals Ltd,64551.7824
1331,1332.0,JAYAGROGN,Jayant Agro Organics Limited,64515.0
1332,1333.0,JPOLYINVST,Jindal Poly Investment and Finance Company Limited,64327.7495155
1333,1334.0,MANAKSIA,Manaksia Limited,64223.369
1334,1335.0,SREEL,Sreeleathers Limited,64000.453168
1335,1336.0,ONMOBILE,OnMobile Global Limited,63781.67934350001
1336,1337.0,SBC,SBC Exports Limited,63650.73
1337,1338.0,SPMLINFRA,SPML Infra Limited,63450.903133
1338,1339.0,BHAGERIA,Bhageria Industries Limited,63262.23891
1339,1340.0,VALIANTLAB,Valiant Laboratories Limited,63024.225
1340,1341.0,MENONBE,Menon Bearings Limited,62848.86
1341,1342.0,KILITCH,Kilitch Drugs (India) Limited,62544.138591
1342,1343.0,PAVNAIND,Pavna Industries Limited,62524.0464
1343,1344.0,KHAICHEM,Khaitan Chemicals & Fertilizers Limited,62412.5502
1344,1345.0,FCSSOFT,FCS Software Solutions Limited,62398.68815
1345,1346.0,MALLCOM,Mallcom (India) Limited,62346.96
1346,1347.0,NRL,Nupur Recyclers Limited,62256.469116
1347,1348.0,PHANTOMFX,Phantom Digital Effects Limited,61805.7288
1348,1349.0,APEX,Apex Frozen Foods Limited,61718.75
1349,1350.0,KAMATHOTEL,Kamat Hotels (I) Limited,61582.851773999995
1350,1351.0,HTMEDIA,HT Media Limited,61561.929053
1351,1352.0,RUBYMILLS,The Ruby Mills Limited,61512.88
1352,1353.0,ALBERTDAVD,Albert David Limited,61491.816969
1353,1354.0,KODYTECH,Kody Technolab Limited,60585.96579
1354,1355.0,LGHL,Laxmi Goldorna House Limited,60403.2786
1355,1356.0,PRIMESECU,Prime Securities Limited,60402.5729625
1356,1357.0,RBZJEWEL,RBZ Jewellers Limited,60300.0
1357,1358.0,PLASTIBLEN,Plastiblends India Limited,60281.9494
1358,1359.0,IRISDOREME,Iris Clothings Limited,60280.69557
1359,1360.0,PDMJEPAPER,Pudumjee Paper Products Limited,59676.075
1360,1361.0,INDSWFTLAB,Ind-Swift Laboratories Limited,59175.49029
1361,1362.0,MIRZAINT,Mirza International Limited,59150.4132
1362,1363.0,STEL,Stel Holdings Limited,59066.5237025
1363,1364.0,SAKUMA,Sakuma Exports Limited,58874.41693
1364,1365.0,SIMPLEXINF,Simplex Infrastructures Limited,58599.96191
1365,1366.0,ARROWGREEN,Arrow Greentech Limited,58314.88037
1366,1367.0,VINYLINDIA,Vinyl Chemicals (India) Limited,57936.1022045
1367,1368.0,OSWALAGRO,Oswal Agro Mills Limited,57519.601516
1368,1369.0,HINDCOMPOS,Hindustan Composites Limited,57480.948
1369,1370.0,ARIHANTCAP,Arihant Capital Markets Limited,57157.9272
1370,1371.0,MBLINFRA,MBL Infrastructure Limited,57143.647392
1371,1372.0,DEEPENR,DEEP ENERGY RESOURCES LIMITED,57056.0
1372,1373.0,ORICONENT,Oricon Enterprises Limited,57008.320545
1373,1374.0,SHREYAS,Shreyas Shipping & Logistics Limited,56946.8618355
1374,1375.0,SKMEGGPROD,SKM Egg Products Export (India) Limited,56833.305
1375,1376.0,ORIENTCER,ORIENT CERATECH LIMITED,56828.62
1376,1377.0,DIGISPICE,DiGiSPICE Technologies Limited,56778.549416999995
1377,1378.0,ZODIAC,Zodiac Energy Limited,56653.36296
1378,1379.0,KRISHIVAL,Krishival Foods Limited,55960.80391
1379,1380.0,JETAIRWAYS,Jet Airways (India) Limited,55946.7111275
1380,1381.0,RATNAVEER,Ratnaveer Precision Engineering Limited,55943.64264
1381,1382.0,JINDALPHOT,Jindal Photo Limited,55902.747536999996
1382,1383.0,RADIOCITY,Music Broadcast Limited,55828.2284375
1383,1384.0,HCL-INSYS,HCL Infosystems Limited,55636.477832
1384,1385.0,RBL,Rane Brake Lining Limited,55129.439972
1385,1386.0,KHADIM,Khadim India Limited,55040.927682
1386,1387.0,AXITA,Axita Cotton Limited,54523.92
1387,1388.0,ASMS,Bartronics India Limited,54519.23646
1388,1389.0,BIRLAMONEY,Aditya Birla Money Limited,54361.851362
1389,1390.0,VISHNUINFR,Vishnusurya Projects and Infra Limited,54116.666528999995
1390,1391.0,VLEGOV,VL E-Governance & IT Solutions Limited,53717.323803
1391,1392.0,BBTCL,B&B Triplewall Containers Limited,53595.87012
1392,1393.0,NAGAFERT,Nagarjuna Fertilizers and Chemicals Limited,53526.817768500005
1393,1394.0,GEECEE,GeeCee Ventures Limited,53439.9234595
1394,1395.0,RACE,Race Eco Chain Limited,53421.0822
1395,1396.0,RITCO,Ritco Logistics Limited,53407.980476000004
1396,1397.0,TCLCONS,Tantia Constructions Limited,53397.5
1397,1398.0,BALAXI,BALAXI PHARMACEUTICALS LIMITED,53300.986375
1398,1399.0,PYRAMID,Pyramid Technoplast Limited,53282.7828
1399,1400.0,REMSONSIND,Remsons Industries Limited,52734.28511
1400,1401.0,UFO,UFO Moviez India Limited,51872.434156
1401,1402.0,ACCENTMIC,Accent Microcell Limited,51713.1725
1402,1403.0,PTL,PTL Enterprises Limited,51693.2185
1403,1404.0,INDOBORAX,Indo Borax & Chemicals Limited,51648.855
1404,1405.0,MOLDTECH,Mold-Tek Technologies Limited,51600.755185
1405,1406.0,MAZDA,Mazda Limited,51584.4
1406,1407.0,MINDTECK,Mindteck (India) Limited,51542.668996
1407,1408.0,COOLCAPS,Cool Caps Industries Limited,51442.0
1408,1409.0,ALLETEC,All E Technologies Limited,50778.255551999995
1409,1410.0,20MICRONS,20 Microns Limited,50706.703374
1410,1411.0,VIKASECO,Vikas EcoTech Limited,50674.994876000004
1411,1412.0,ORIENTBELL,Orient Bell Limited,50647.713083999995
1412,1413.0,DONEAR,Donear Industries Limited,50622.0
1413,1414.0,CAREERP,Career Point Limited,50467.212786000004
1414,1415.0,INTLCONV,International Conveyors Limited,50386.305
1415,1416.0,SHREEPUSHK,Shree Pushkar Chemicals & Fertilisers Limited,50206.0845
1416,1417.0,PRITIKAUTO,Pritika Auto Industries Limited,50199.240105
1417,1418.0,DIAMINESQ,Diamines & Chemicals Limited,49590.153315
1418,1419.0,SILINV,SIL Investments Limited,49583.32687
1419,1420.0,BANSWRAS,Banswara Syntex Limited,49345.549086000006
1420,1421.0,SADBHAV,Sadbhav Engineering Limited,49069.2488
1421,1422.0,APCL,Anjani Portland Cement Limited,49041.168498
1422,1423.0,NAHARINDUS,Nahar Industrial Enterprises Limited,49038.334435
1423,1424.0,DUGLOBAL,DUDIGITAL GLOBAL LIMITED,48818.588
1424,1425.0,GEEKAYWIRE,Geekay Wires Limited,48732.45
1425,1426.0,SGIL,Synergy Green Industries Limited,48691.98
1426,1427.0,TIRUPATI,Shree Tirupati Balajee FIBC Limited,48624.192
1427,1428.0,MEDICAMEQ,Medicamen Biotech Limited,48567.5729
1428,1429.0,MEGATHERM,Megatherm Induction Limited,48543.138268500006
1429,1430.0,TPLPLASTEH,TPL Plastech Limited,48439.863
1430,1431.0,RSSOFTWARE,R. S. Software (India) Limited,48421.616953000004
1431,1432.0,RBMINFRA,Rbm Infracon Limited,48375.371
1432,1433.0,WANBURY,Wanbury Limited,47890.290825
1433,1434.0,GENUSPAPER,Genus Paper & Boards Limited,47825.42484
1434,1435.0,KANORICHEM,Kanoria Chemicals & Industries Limited,47691.2729695
1435,1436.0,VSTL,Vibhor Steel Tubes Limited,47519.882158
1436,1437.0,LIBERTSHOE,Liberty Shoes Limited,47141.16
1437,1438.0,GLOBAL,Global Education Limited,46859.9209
1438,1439.0,BRNL,Bharat Road Network Limited,46844.1
1439,1440.0,NOVAAGRI,Nova Agritech Limited,46768.765471499995
1440,1441.0,TVSELECT,TVS Electronics Limited,46737.696908000005
1441,1442.0,VINSYS,Vinsys IT Services India Limited,46668.468896499995
1442,1443.0,NDL,Nandan Denim Limited,46559.535264
1443,1444.0,KRITINUT,Kriti Nutrients Limited,46420.91128
1444,1445.0,NAHARCAP,Nahar Capital and Financial Services Limited,46395.2556735
1445,1446.0,CLEDUCATE,CL Educate Limited,46295.8746045
1446,1447.0,ZIMLAB,Zim Laboratories Limited,46265.160393
1447,1448.0,SHIVAMAUTO,Shivam Autotech Limited,45405.555473
1448,1449.0,SYSTANGO,Systango Technologies Limited,45326.592
1449,1450.0,UNIDT,United Drilling Tools Limited,45296.274106000004
1450,1451.0,SARLAPOLY,Sarla Performance Fibers Limited,44799.3595
1451,1452.0,WTICAB,Wise Travel India Limited,44659.10029350001
1452,1453.0,KRITIKA,Kritika Wires Limited,44601.9
1453,1454.0,TRF,TRF Limited,44578.873012
1454,1455.0,AUTOIND,Autoline Industries Limited,44534.896452
1455,1456.0,MUTHOOTCAP,Muthoot Capital Services Limited,44161.626105
1456,1457.0,PURVFLEXI,Purv Flexipack Limited,44053.283625
1457,1458.0,NBIFIN,N. B. I. Industrial Finance Company Limited,43968.228578999995
1458,1459.0,AYMSYNTEX,AYM Syntex Limited,43947.937152
1459,1460.0,MIRCELECTR,MIRC Electronics Limited,43880.99761
1460,1461.0,NAHARPOLY,Nahar Poly Films Limited,43877.269939499995
1461,1462.0,IITL,Industrial Investment Trust Limited,43829.7204
1462,1463.0,GOLDTECH,AION-TECH SOLUTIONS LIMITED,43694.440391000004
1463,1464.0,VENUSREM,Venus Remedies Limited,43556.330398000006
1464,1465.0,KRISHNADEF,Krishna Defence and Allied Industries Limited,43403.967
1465,1466.0,WINDMACHIN,Windsor Machines Limited,43374.4424
1466,1467.0,APS,Australian Premium Solar (India) Limited,43358.91
1467,1468.0,APOLSINHOT,Apollo Sindoori Hotels Limited,43343.4672
1468,1469.0,BPL,BPL Limited,42951.733627
1469,1470.0,CYBERTECH,Cybertech Systems And Software Limited,42941.2711365
1470,1471.0,KOTARISUG,Kothari Sugars And Chemicals Limited,42646.17441
1471,1472.0,IL&FSENGG,IL&FS Engineering and Construction Company Limited,42548.789811
1472,1473.0,SHIVAUM,Shiv Aum Steels Limited,42433.248
1473,1474.0,ESSARSHPNG,Essar Shipping Limited,42430.09476
1474,1475.0,CELLECOR,Cellecor Gadgets Limited,42103.30224
1475,1476.0,PROZONER,Prozone Realty Limited,42042.094266500004
1476,1477.0,AARTISURF,Aarti Surfactants Limited,41915.6121405
1477,1478.0,LAL,Lorenzini Apparels Limited,41915.20095
1478,1479.0,CINELINE,Cineline India Limited,41753.649829
1479,1480.0,TECHLABS,Trident Techlabs Limited,41474.5536
1480,1481.0,FELIX,Felix Industries Limited,41435.19
1481,1482.0,NIPPOBATRY,Indo-National Limited,41370.0
1482,1483.0,PREMIERPOL,Premier Polyfilm Limited,41006.6789625
1483,1484.0,VARDHACRLC,Vardhman Acrylics Limited,40985.51046
1484,1485.0,RPPINFRA,R.P.P. Infra Projects Limited,40843.2808885
1485,1486.0,HIGREEN,Hi-Green Carbon Limited,40833.66
1486,1487.0,SURANI,Surani Steel Tubes Limited,40660.824
1487,1488.0,NILAINFRA,Nila Infrastructures Limited,40570.5876
1488,1489.0,KAYA,Kaya Limited,40492.1500545
1489,1490.0,SJLOGISTIC,S J Logistics (India) Limited,40444.140525
1490,1491.0,CRAYONS,Crayons Advertising Limited,40248.425
1491,1492.0,NITCO,Nitco Limited,40205.0853225
1492,1493.0,EUROBOND,Euro Panel Products Limited,40082.0
1493,1494.0,MEDICO,Medico Remedies Limited,39915.304
1494,1495.0,ALANKIT,Alankit Limited,39859.06275
1495,1496.0,EMAMIREAL,Emami Realty Limited,39755.005394499996
1496,1497.0,SAAKSHI,Saakshi Medtech and Panels Limited,39602.408
1497,1498.0,SEJALLTD,Sejal Glass Limited,39253.65
1498,1499.0,SHEMAROO,Shemaroo Entertainment Limited,38906.452721
1499,1500.0,BEWLTD,BEW Engineering Limited,38780.9733425
1500,1501.0,IFBAGRO,IFB Agro Industries Limited,38718.9533185
1501,1502.0,DICIND,DIC India Limited,38583.829819499995
1502,1503.0,PRECOT,Precot Limited,38520.0
1503,1504.0,ASAHISONG,Asahi Songwon Colors Limited,38255.558821
1504,1505.0,ORBTEXP,Orbit Exports Limited,38170.555325
1505,1506.0,MODISONLTD,MODISON LIMITED,37771.8
1506,1507.0,AURUM,Aurum PropTech Limited,37759.505103
1507,1508.0,KDL,Kore Digital Limited,37757.28
1508,1509.0,EXXARO,Exxaro Tiles Limited,37582.4988
1509,1510.0,KARNIKA,Karnika Industries Limited,37409.2915
1510,1511.0,SAHYADRI,Sahyadri Industries Limited,37277.62465
1511,1512.0,SKP,SKP Bearing Industries Limited,37267.0
1512,1513.0,KCPSUGIND,KCP Sugar and Industries Corporation Limited,37133.603875
1513,1514.0,MKPL,M K Proteins Limited,36974.142
1514,1515.0,MANAKSTEEL,Manaksia Steels Limited,36830.1361
1515,1516.0,UNIVPHOTO,Universus Photo Imagings Limited,36665.650098000006
1516,1517.0,SCPL,Sheetal Cool Products Limited,36645.0
1517,1518.0,SIGMA,Sigma Solve Limited,36593.031629
1518,1519.0,IZMO,IZMO Limited,36359.4954285
1519,1520.0,SINTERCOM,Sintercom India Limited,36322.961129
1520,1521.0,FOCE,Foce India Limited,36207.645
1521,1522.0,PODDARMENT,Poddar Pigments Limited,35856.495
1522,1523.0,PLAZACABLE,Plaza Wires Limited,35657.94357
1523,1524.0,DCMNVL,DCM Nouvelle Limited,35506.400849
1524,1525.0,SHYAMCENT,Shyam Century Ferrous Limited,35432.88933
1525,1526.0,SAKHTISUG,Sakthi Sugars Limited,35417.012728
1526,1527.0,ESFL,Essen Speciality Films Limited,35395.632
1527,1528.0,ATMASTCO,Atmastco Limited,35185.096525
1528,1529.0,KORE,Jay Jalaram Technologies Limited,35159.67
1529,1530.0,LYKALABS,Lyka Labs Limited,35108.49
1530,1531.0,STARPAPER,Star Paper Mills Limited,35040.74575
1531,1532.0,SRGHFL,SRG Housing Finance Limited,34794.5
1532,1533.0,HINDMOTORS,Hindustan Motors Limited,34637.442638
1533,1534.0,PONNIERODE,Ponni Sugars (Erode) Limited,34569.939569
1534,1535.0,ASHIMASYN,Ashima Limited,34498.81404
1535,1536.0,KOTHARIPRO,Kothari Products Limited,34335.3666825
1536,1537.0,GOKUL,Gokul Refoils and Solvent Limited,34202.7725
1537,1538.0,HITECHCORP,Hitech Corporation Limited,34076.5888
1538,1539.0,DIGIKORE,Digikore Studios Limited,34016.6352
1539,1540.0,KNAGRI,KN Agri Resources Limited,33998.5176
1540,1541.0,URAVI,Uravi T and Wedge Lamps Limited,33968.0
1541,1542.0,LAWSIKHO,Addictive Learning Technology Limited,33704.767242
1542,1543.0,GOLDSTAR,Goldstar Power Limited,33698.7
1543,1544.0,TCL,Thaai Casting Limited,33607.3088
1544,1545.0,RUCHIRA,Ruchira Papers Limited,33411.459588000005
1545,1546.0,MAHEPC,Mahindra EPC Irrigation Limited,33327.892752
1546,1547.0,PROV,Proventus Agrocom Limited,33286.5644215
1547,1548.0,OSIAHYPER,Osia Hyper Retail Limited,33192.8159
1548,1549.0,MAWANASUG,Mawana Sugars Limited,33171.100672
1549,1550.0,RHL,Robust Hotels Limited,33156.82708
1550,1551.0,NATHBIOGEN,Nath Bio-Genes (India) Limited,33076.462
1551,1552.0,EIFFL,Euro India Fresh Foods Limited,32711.2
1552,1553.0,SARTELE,Sar Televenture Limited,32145.0
1553,1554.0,VIPULLTD,Vipul Limited,32095.8484
1554,1555.0,ESSENTIA,Integra Essentia Limited,31992.31021
1555,1556.0,MWL,Mangalam Worldwide Limited,31973.37957
1556,1557.0,UCAL,UCAL LIMITED,31954.188125
1557,1558.0,PASUPTAC,Pasupati Acrylon Limited,31909.657318
1558,1559.0,DRONE,Drone Destination Limited,31869.447376999997
1559,1560.0,INFINIUM,Infinium Pharmachem Limited,31867.9148
1560,1561.0,COASTCORP,Coastal Corporation Limited,31864.136726999997
1561,1562.0,MOS,Mos Utility Limited,31767.936564
1562,1563.0,BIL,Bhartiya International Limited,31756.678011
1563,1564.0,INDTERRAIN,Indian Terrain Fashions Limited,31557.8255625
1564,1565.0,ARIES,Aries Agro Limited,31496.509058000003
1565,1566.0,SHREERAMA,Shree Rama Multi-Tech Limited,31431.7151775
1566,1567.0,DYNPRO,Dynemic Products Limited,31333.948135
1567,1568.0,SHERA,Shera Energy Limited,31231.429563499998
1568,1569.0,MHLXMIRU,Mahalaxmi Rubtech Limited,30920.9306625
1569,1570.0,NDLVENTURE,NDL Ventures Limited,30910.548078000003
1570,1571.0,GULFPETRO,GP Petroleums Limited,30769.0751405
1571,1572.0,TAKE,Take Solutions Limited,30696.305
1572,1573.0,EQUIPPP,Equippp Social Impact Technologies Limited,30567.7342125
1573,1574.0,SMLT,Sarthak Metals Limited,30521.297625
1574,1575.0,HARRMALAYA,Harrisons  Malayalam Limited,30432.962845
1575,1576.0,UMAEXPORTS,Uma Exports Limited,30411.942085
1576,1577.0,LANCORHOL,Lancor Holdings Limited,30375.0
1577,1578.0,PROPEQUITY,P. E. Analytics Limited,30136.049
1578,1579.0,SOFTTECH,Softtech Engineers Limited,30077.05323
1579,1580.0,MANOMAY,Manomay Tex India Limited,30024.0706725
1580,1581.0,REPL,Rudrabhishek Enterprises Limited,29855.11375
1581,1582.0,RANASUG,Rana Sugars Limited,29792.15708
1582,1583.0,NEWJAISA,Newjaisa Technologies Limited,29753.619864
1583,1584.0,SHREYANIND,Shreyans Industries Limited,29398.8625
1584,1585.0,IVC,IL&FS Investment Managers Limited,29362.06119
1585,1586.0,RAJTV,Raj Television Network Limited,29279.126016
1586,1587.0,VIPCLOTHNG,VIP Clothing Limited,29239.167726
1587,1588.0,ABINFRA,A B Infrabuild Limited,29183.51502
1588,1589.0,TIPSFILMS,Tips Films Limited,29153.543184000002
1589,1590.0,SOUTHWEST,South West Pinnacle Exploration Limited,29060.3496
1590,1591.0,ABAN,Aban Offshore Limited,29036.7481925
1591,1592.0,AIRAN,Airan Limited,29004.64
1592,1593.0,SUPREMEPWR,Supreme Power Equipment Limited,29002.2121675
1593,1594.0,VIRINCHI,Virinchi Limited,28846.524647
1594,1595.0,GOYALSALT,Goyal Salt Limited,28729.90125
1595,1596.0,TRIGYN,Trigyn Technologies Limited,28723.091688
1596,1597.0,EMKAY,Emkay Global Financial Services Limited,28517.84628
1597,1598.0,INDOTHAI,Indo Thai Securities Limited,28495.0
1598,1599.0,RAJMET,Rajnandini Metal Limited,28477.44
1599,1600.0,RAMAPHO,Rama Phosphates Limited,28415.300078
1600,1601.0,MGEL,Mangalam Global Enterprise Limited,28331.4829875
1601,1602.0,LORDSCHLO,Lords Chloro Alkali Limited,28247.785903000004
1602,1603.0,SWARAJ,Swaraj Suiting Limited,28076.21151
1603,1604.0,RPPL,Rajshree Polypack Limited,28044.3255
1604,1605.0,ALMONDZ,Almondz Global Securities Limited,27922.5806305
1605,1606.0,TEMBO,Tembo Global Industries Limited,27903.713698000003
1606,1607.0,ZODIACLOTH,Zodiac Clothing Company Limited,27774.286614499997
1607,1608.0,ASCOM,Ascom Leasing & Investments Limited,27645.4648
1608,1609.0,PILITA,PIL ITALICA LIFESTYLE LIMITED,27377.5
1609,1610.0,AARON,Aaron Industries Limited,27308.9706925
1610,1611.0,JAYSREETEA,Jayshree Tea & Industries Limited,27043.767512
1611,1612.0,KRISHCA,Krishca Strapping Solutions Limited,26867.82
1612,1613.0,INTENTECH,Intense Technologies Limited,26858.4953805
1613,1614.0,RUCHINFRA,Ruchi Infrastructure Limited,26790.985953000003
1614,1615.0,MURUDCERA,Murudeshwar Ceramics Limited,26770.60064
1615,1616.0,DRCSYSTEMS,DRC Systems India Limited,26758.11786
1616,1617.0,SUNDRMBRAK,Sundaram Brake Linings Limited,26735.437125
1617,1618.0,VISHWARAJ,Vishwaraj Sugar Industries Limited,26664.76
1618,1619.0,USK,Udayshivakumar Infra Limited,26654.463873
1619,1620.0,HINDCON,Hindcon Chemicals Limited,26644.7203125
1620,1621.0,OSWALSEEDS,ShreeOswal Seeds And Chemicals Limited,26617.77
1621,1622.0,PAR,Par Drugs And Chemicals Limited,26510.338261999997
1622,1623.0,MEGASTAR,Megastar Foods Limited,26444.78095
1623,1624.0,ZEAL,Zeal Global Services Limited,26273.4465
1624,1625.0,BHAGYANGR,Bhagyanagar India Limited,26155.9125
1625,1626.0,KONSTELEC,Konstelec Engineers Limited,26107.9
1626,1627.0,WELINV,Welspun Investments and Commercials Limited,26050.932166
1627,1628.0,MARALOVER,Maral Overseas Limited,26025.516
1628,1629.0,MAGNUM,Magnum Ventures Limited,25998.3089555
1629,1630.0,GINNIFILA,Ginni Filaments Limited,25951.969695
1630,1631.0,SADHAV,Sadhav Shipping Limited,25863.417636
1631,1632.0,TARACHAND,Tara Chand InfraLogistic Solutions Limited,25814.5885
1632,1633.0,KMSUGAR,K.M.Sugar Mills Limited,25806.047685
1633,1634.0,ASIANHOTNR,Asian Hotels (North) Limited,25678.26228
1634,1635.0,SVLL,Shree Vasu Logistics Limited,25569.18
1635,1636.0,GUJAPOLLO,Gujarat Apollo Industries Limited,25558.8
1636,1637.0,NURECA,Nureca Limited,25530.446775
1637,1638.0,STARTECK,Starteck Finance Limited,25519.09975
1638,1639.0,FROG,Frog Cellsat Limited,25422.4332
1639,1640.0,PRAXIS,Praxis Home Retail Limited,25419.291351999997
1640,1641.0,SHREEKARNI,Shree Karni Fabcom Limited,25363.728
1641,1642.0,COMSYN,Commercial Syn Bags Limited,25189.8621
1642,1643.0,ABCOTS,A B Cotspin India Limited,25154.1368
1643,1644.0,BGRENERGY,BGR Energy Systems Limited,25112.22288
1644,1645.0,RKEC,RKEC Projects Limited,25058.1817
1645,1646.0,MCLEODRUSS,Mcleod Russel India Limited,24964.920665
1646,1647.0,CHAVDA,Chavda Infra Limited,24939.544
1647,1648.0,LOYALTEX,Loyal Textile Mills Limited,24785.431116
1648,1649.0,KAPSTON,Kapston Services Limited,24584.1318335
1649,1650.0,BROOKS,Brooks Laboratories Limited,24566.946768
1650,1651.0,THOMASCOTT,Thomas Scott (India) Limited,24544.7851
1651,1652.0,BASML,Bannari Amman Spinning Mills Limited,24510.227238000003
1652,1653.0,RVHL,Ravinder Heights Limited,24500.2984
1653,1654.0,PPAP,PPAP Automotive Limited,24451.0
1654,1655.0,DELPHIFX,DELPHI WORLD MONEY LIMITED,24342.259375
1655,1656.0,ELGIRUBCO,Elgi Rubber Company Limited,24324.3
1656,1657.0,SADBHIN,Sadbhav Infrastructure Project Limited,24303.539904
1657,1658.0,DCI,Dc Infotech And Communication Limited,23998.0
1658,1659.0,ANMOL,Anmol India Limited,23790.1147
1659,1660.0,A2ZINFRA,A2Z Infra Engineering Limited,23776.18083
1660,1661.0,AHLEAST,Asian Hotels (East) Limited,23533.998256
1661,1662.0,VETO,Veto Switchgears And Cables Limited,23482.7222175
1662,1663.0,MANORG,Mangalam Organics Limited,23333.81678
1663,1664.0,SAH,Sah Polymers Limited,23113.216
1664,1665.0,ROXHITECH,Rox Hi Tech Limited,23087.54985
1665,1666.0,AIROLAM,Airo Lam limited,23028.07
1666,1667.0,BAIDFIN,Baid Finserv Limited,22752.94285
1667,1668.0,SELMC,SEL Manufacturing Company Limited,22746.97155
1668,1669.0,DRSDILIP,DRS Dilip Roadlines Limited,22744.22853
1669,1670.0,TEXMOPIPES,Texmo Pipes and Products Limited,22553.1375
1670,1671.0,TTL,T T Limited,22497.709325
1671,1672.0,GIRRESORTS,GIR Natureview Resorts Limited,22472.058125
1672,1673.0,MANAKCOAT,Manaksia Coated Metals & Industries Limited,22429.2531
1673,1674.0,JMA,Jullundur Motor Agency (Delhi) Limited,22407.073974000003
1674,1675.0,CORDSCABLE,Cords Cable Industries Limited,22377.98718
1675,1676.0,DEVIT,Dev Information Technology Limited,22355.4814
1676,1677.0,IRIS,Iris Business Services Limited,22187.891652
1677,1678.0,CROWN,Crown Lifters Limited,22157.685
1678,1679.0,RANEENGINE,Rane Engine Valve Limited,21974.6570625
1679,1680.0,OMAXAUTO,Omax Autos Limited,21926.864538
1680,1681.0,TREJHARA,TREJHARA SOLUTIONS LIMITED,21890.577384
1681,1682.0,NILASPACES,Nila Spaces Limited,21860.8506
1682,1683.0,BYKE,The Byke Hospitality Ltd,21773.1054
1683,1684.0,MODIRUBBER,Modi Rubber Limited,21760.222308
1684,1685.0,ANLON,Anlon Technology Solutions Limited,21747.4
1685,1686.0,PRITI,Priti International Limited,21725.864655999998
1686,1687.0,PARAGON,Paragon Fine and Speciality Chemical Limited,21698.694
1687,1688.0,NECCLTD,North Eastern Carrying Corporation Limited,21662.12412
1688,1689.0,CCHHL,Country Club Hospitality & Holidays Limited,21659.0773875
1689,1690.0,SUPERHOUSE,Superhouse Limited,21647.5875
1690,1691.0,RAMANEWS,Shree Rama Newsprint Limited,21611.977688000003
1691,1692.0,HILTON,Hilton Metal Forging Limited,21420.0
1692,1693.0,NDGL,Naga Dhunseri Group Limited,21385.0
1693,1694.0,GSS,GSS Infotech Limited,21382.7642875
1694,1695.0,LGBFORGE,LGB Forge Limited,21200.019207
1695,1696.0,INDOWIND,Indowind Energy Limited,21144.95166
1696,1697.0,MEP,MEP Infrastructure Developers Limited,21096.295865
1697,1698.0,BTML,Bodhi Tree Multimedia Limited,21037.016
1698,1699.0,VMARCIND,V Marc India Limited,21019.80456
1699,1700.0,UNITEDPOLY,United Polyfab Gujarat Limited,21000.66825
1700,1701.0,RMDRIP,R M Drip and Sprinklers Systems Limited,20959.81
1701,1702.0,ALPHAGEO,Alphageo (India) Limited,20895.530060999998
1702,1703.0,QMSMEDI,QMS Medical Allied Services Limited,20893.425
1703,1704.0,USASEEDS,Upsurge Seeds Of Agriculture Limited,20826.41
1704,1705.0,UNIHEALTH,Unihealth Consultancy Limited,20789.9352
1705,1706.0,ROCKINGDCE,Rockingdeals Circular Economy Limited,20680.8155
1706,1707.0,ESCONET,Esconet Technologies Limited,20591.76
1707,1708.0,SMSLIFE,SMS Lifesciences India Limited,20441.9550505
1708,1709.0,VARDMNPOLY,Vardhman Polytex Limited,20399.9903575
1709,1710.0,AVONMORE,Avonmore Capital & Management Services Limited,20399.03767
1710,1711.0,LAGNAM,Lagnam Spintex Limited,20398.8605
1711,1712.0,AKSHARCHEM,AksharChem India Limited,20347.839767
1712,1713.0,MODTHREAD,Modern Threads (India) Limited,20326.08102
1713,1714.0,SSFL,Srivari Spices And Foods Limited,20283.28
1714,1715.0,IEL,Indiabulls Enterprises Limited,20230.373694
1715,1716.0,BAHETI,Baheti Recycling Industries Limited,20063.10555
1716,1717.0,ZEELEARN,Zee Learn Limited,20054.7025875
1717,1718.0,GENCON,Generic Engineering Construction and Projects Limited,20047.690782
1718,1719.0,SURANAT&P,Surana Telecom and Power Limited,19956.714561
1719,1720.0,DELAPLEX,Delaplex Limited,19827.915
1720,1721.0,ASPINWALL,Aspinwall and Company Limited,19670.812608
1721,1722.0,DTIL,Dhunseri Tea & Industries Limited,19559.5753605
1722,1723.0,DENEERS,De Neers Tools Limited,19450.464
1723,1724.0,KCEIL,Kay Cee Energy & Infra Limited,19393.72
1724,1725.0,AVPINFRA,AVP Infracon Limited,19358.88
1725,1726.0,KANPRPLA,Kanpur Plastipack Limited,19321.9614
1726,1727.0,CMNL,Chaman Metallics Limited,19319.878582
1727,1728.0,RAJSREESUG,Rajshree Sugars & Chemicals Limited,19251.787086
1728,1729.0,KBCGLOBAL,KBC Global Limited,19197.779895
1729,1730.0,EFORCE,Electro Force (India) Limited,19188.00082
1730,1731.0,AURDIS,Aurangabad Distillery Limited,19171.6
1731,1732.0,INDBANK,Indbank Merchant Banking Services Limited,19149.1933
1732,1733.0,TARMAT,Tarmat Limited,18969.68695
1733,1734.0,INM,Interiors & More Limited,18628.7502
1734,1735.0,MAXPOSURE,Maxposure Limited,18613.467575
1735,1736.0,INFOLLION,Infollion Research Services Limited,18553.235708
1736,1737.0,BAFNAPH,Bafna Pharmaceuticals Limited,18534.7384725
1737,1738.0,MAHAPEXLTD,Maha Rashtra Apex Corporation Limited,18501.25575
1738,1739.0,EFACTOR,E Factor Experiences Limited,18493.482474
1739,1740.0,CLOUD,Varanium Cloud Limited,18488.323264000002
1740,1741.0,COMPUSOFT,Compucom Software Limited,18475.731398
1741,1742.0,DJML,DJ Mediaprint & Logistics Limited,18466.88112
1742,1743.0,DUCON,Ducon Infratechnologies Limited,18455.773299
1743,1744.0,ATLANTAA,ATLANTAA LIMITED,18419.0
1744,1745.0,PRATHAM,Pratham EPC Projects Limited,18381.6
1745,1746.0,MADHAVBAUG,Vaidya Sane Ayurved Laboratories Limited,18293.403
1746,1747.0,MAHESHWARI,Maheshwari Logistics Limited,18217.0766
1747,1748.0,SHIVATEX,Shiva Texyarn Limited,18199.649052
1748,1749.0,SIGIND,Signet Industries Limited,18192.066
1749,1750.0,DHRUV,Dhruv Consultancy Services Limited,18022.456
1750,1751.0,SECL,Salasar Exteriors and Contour Limited,18015.96125
1751,1752.0,NITIRAJ,Nitiraj Engineers Limited,17780.3595
1752,1753.0,INVENTURE,Inventure Growth & Securities Limited,17640.0
1753,1754.0,ATAM,Atam Valves Limited,17636.256
1754,1755.0,SPECTSTM,Spectrum Talent Management Limited,17631.578795999998
1755,1756.0,AARVI,Aarvi Encon Limited,17622.528
1756,1757.0,WEIZMANIND,Weizmann Limited,17579.7247785
1757,1758.0,SALSTEEL,S.A.L. Steel Limited,17545.62355
1758,1759.0,ALPA,Alpa Laboratories Limited,17516.2995
1759,1760.0,GVPTECH,GVP Infotech Limited,17507.620925
1760,1761.0,SHREEOSFM,Shree OSFM E-Mobility Limited,17469.332
1761,1762.0,SONAMAC,Sona Machinery Limited,17443.204
1762,1763.0,GLOBALVECT,Global Vectra Helicorp Limited,17262.0
1763,1764.0,MANAKALUCO,Manaksia Aluminium Company Limited,17235.45515
1764,1765.0,INCREDIBLE,INCREDIBLE INDUSTRIES LIMITED,17209.06
1765,1766.0,BLBLIMITED,BLB Limited,17181.20885
1766,1767.0,EROSMEDIA,Eros International Media Limited,17120.6702415
1767,1768.0,SUPREMEINF,Supreme Infrastructure India Limited,17089.41738
1768,1769.0,SMARTLINK,Smartlink Holdings Limited,17042.2875
1769,1770.0,VITAL,Vital Chemtech Limited,17005.281
1770,1771.0,VISESHINFO,Visesh Infotecnics Limited,16984.9649475
1771,1772.0,CADSYS,Cadsys (India) Limited,16948.1475
1772,1773.0,XELPMOC,Xelpmoc Design And Tech Limited,16903.1312215
1773,1774.0,SWASTIK,Swastik Pipe Limited,16819.57704
1774,1775.0,PRAENG,Prajay Engineers Syndicate Limited,16819.5577355
1775,1776.0,MUKTAARTS,Mukta Arts Limited,16803.3888
1776,1777.0,PARIN,Parin Furniture Limited,16732.59
1777,1778.0,VIVIANA,Viviana Power Tech Limited,16716.0
1778,1779.0,UMANGDAIRY,Umang Dairies Limited,16601.4144
1779,1780.0,BSL,BSL Limited,16549.806144000002
1780,1781.0,MAHASTEEL,Mahamaya Steel Industries Limited,16541.2236
1781,1782.0,ARCHIDPLY,Archidply Industries Limited,16458.1525
1782,1783.0,CTE,Cambridge Technology Enterprises Limited,16382.0820175
1783,1784.0,ARSHIYA,Arshiya Limited,16335.50673
1784,1785.0,AARTECH,Aartech Solonics Limited,16324.6776875
1785,1786.0,SALONA,Salona Cotspin Limited,16308.1776
1786,1787.0,LOVABLE,Lovable Lingerie Limited,16280.0
1787,1788.0,CANARYS,Canarys Automations Limited,16265.24484
1788,1789.0,BAWEJA,Baweja Studios Limited,16261.8283825
1789,1790.0,URBAN,Urban Enviro Waste Management Limited,16194.2
1790,1791.0,BAGFILMS,B.A.G Films and Media Limited,16116.4415435
1791,1792.0,ISFT,Intrasoft Technologies Limited,16109.089893
1792,1793.0,KLL,Kaushalya Logistics Limited,16093.305
1793,1794.0,GREENCHEF,Greenchef Appliances Limited,16057.5696
1794,1795.0,IVP,IVP Limited,15964.402597999999
1795,1796.0,WORTH,Worth Peripherals Limited,15892.759
1796,1797.0,SONAMLTD,SONAM LIMITED,15882.696
1797,1798.0,SUMIT,Sumit Woods Limited,15859.382314
1798,1799.0,TIRUPATIFL,Tirupati Forge Limited,15827.0
1799,1800.0,EMMBI,Emmbi Industries Limited,15815.0835
1800,1801.0,ARVEE,Arvee Laboratories (India) Limited,15802.68
1801,1802.0,UNITEDTEA,The United Nilgiri Tea Estates Company Limited,15791.646842999999
1802,1803.0,UNIVASTU,Univastu India Limited,15791.1117
1803,1804.0,LLOYDS,Lloyds Luxuries Limited,15750.0
1804,1805.0,SURANASOL,Surana Solar Limited,15721.5087
1805,1806.0,SOMICONVEY,Somi Conveyor Beltings Limited,15678.722135999998
1806,1807.0,KAKATCEM,Kakatiya Cement Sugar & Industries Limited,15625.45458
1807,1808.0,SHIGAN,Shigan Quantum Technologies Limited,15579.4845
1808,1809.0,BHARATGEAR,Bharat Gears Limited,15554.673754000001
1809,1810.0,ONDOOR,On Door Concepts Limited,15539.331612
1810,1811.0,OILCOUNTUB,Oil Country Tubular Limited,15479.190735
1811,1812.0,SPLIL,SPL Industries Limited,15457.002132
1812,1813.0,CAPTRUST,Capital Trust Limited,15445.17576
1813,1814.0,FIDEL,Fidel Softech Limited,15407.50248
1814,1815.0,MDL,Marvel Decor Limited,15336.126
1815,1816.0,3RDROCK,3rd Rock Multimedia Limited,15316.15
1816,1817.0,VEEKAYEM,Veekayem Fashion and Apparels Limited,15312.15238
1817,1818.0,DYNAMIC,Dynamic Services & Security Limited,15292.6386
1818,1819.0,GILLANDERS,Gillanders Arbuthnot & Company Limited,15185.079179
1819,1820.0,CENTEXT,Century Extrusions Limited,15160.0
1820,1821.0,SHRITECH,Shri Techtex Limited,15144.65
1821,1822.0,TOTAL,Total Transport Systems Limited,15143.227647
1822,1823.0,MITCON,MITCON Consultancy & Engineering Services Limited,15113.243263
1823,1824.0,ARHAM,Arham Technologies Limited,15101.1
1824,1825.0,TOUCHWOOD,Touchwood Entertainment Limited,15037.249465
1825,1826.0,JOCIL,Jocil Limited,15013.584075
1826,1827.0,VAISHALI,Vaishali Pharma Limited,15012.257806500002
1827,1828.0,FCONSUMER,Future Consumer Limited,14977.7598225
1828,1829.0,DIGIDRIVE,Digidrive Distributors Limited,14962.016424000001
1829,1830.0,KEL,Kundan Edifice Limited,14961.168
1830,1831.0,CORALFINAC,Coral India Finance & Housing Limited,14911.82325
1831,1832.0,ACCURACY,Accuracy Shipping Limited,14905.44
1832,1833.0,KALYANIFRG,Kalyani Forge Limited,14850.316
1833,1834.0,NIRAJ,Niraj Cement Structurals Limited,14837.38335
1834,1835.0,SRIVASAVI,Srivasavi Adhesive Tapes Limited,14812.00347
1835,1836.0,IPSL,Integrated Personnel Services Limited,14755.329225
1836,1837.0,GTL,GTL Limited,14707.249023499999
1837,1838.0,RELCHEMQ,Reliance Chemotex Industries Limited,14638.2840015
1838,1839.0,INDIANCARD,Indian Card Clothing Company Limited,14609.21408
1839,1840.0,MANGALAM,Mangalam Drugs And Organics Limited,14577.816407999999
1840,1841.0,PALREDTEC,Palred Technologies Limited,14544.520974000001
1841,1842.0,SIL,Standard Industries Limited,14538.340665999998
1842,1843.0,LEMERITE,Le Merite Exports Limited,14464.296
1843,1844.0,BALPHARMA,Bal Pharma Limited,14413.587264000002
1844,1845.0,KOHINOOR,Kohinoor Foods Limited,14365.217875
1845,1846.0,AKANKSHA,Akanksha Power and Infrastructure Limited,14342.59374
1846,1847.0,RHFL,Reliance Home Finance Limited,14294.3926485
1847,1848.0,LAMBODHARA,Lambodhara Textiles Limited,14248.4448
1848,1849.0,CUBEXTUB,Cubex Tubings Limited,14218.742175
1849,1850.0,GOLDKART,Goldkart Jewels Limited,14217.19145
1850,1851.0,AHLADA,Ahlada Engineers Limited,14142.0345
1851,1852.0,BEARDSELL,Beardsell Limited,14019.8535
1852,1853.0,IL&FSTRANS,IL&FS Transportation Networks Limited,13980.8011475
1853,1854.0,HPIL,Hindprakash Industries Limited,13931.823015
1854,1855.0,PANSARI,Pansari Developers Limited,13922.5464
1855,1856.0,AMJLAND,Amj Land Holdings Limited,13878.5
1856,1857.0,NOIDATOLL,Noida Toll Bridge Company Limited,13871.527649000001
1857,1858.0,DBSTOCKBRO,DB (International) Stock Brokers Limited,13825.0
1858,1859.0,HOMESFY,Homesfy Realty Limited,13748.4
1859,1860.0,S&SPOWER,S&S Power Switchgears Limited,13714.4
1860,1861.0,GRCL,Gayatri Rubbers And Chemicals Limited,13662.178
1861,1862.0,PULZ,Pulz Electronics Limited,13630.0
1862,1863.0,AKI,AKI India Limited,13453.029495
1863,1864.0,AGRITECH,Agri-Tech (India) Limited,13448.16
1864,1865.0,DCM,DCM  Limited,13447.97928
1865,1866.0,PRAKASHSTL,Prakash Steelage Limited,13387.529835
1866,1867.0,SOTAC,Sotac Pharmaceuticals Limited,13370.5
1867,1868.0,SHRADHA,Shradha Infraprojects Limited,13303.850544
1868,1869.0,MADHUSUDAN,Madhusudan Masala Limited,13287.0
1869,1870.0,JAINAM,Jainam Ferro Alloys (I) Limited,13285.9896
1870,1871.0,FONEBOX,Fonebox Retail Limited,13271.31
1871,1872.0,SUNDARAM,Sundaram Multi Pap Limited,13268.577644
1872,1873.0,MRO-TEK,MRO-TEK Realty Limited,13266.06742
1873,1874.0,KREBSBIO,Krebs Biochemicals and Industries Limited,13248.980097
1874,1875.0,KHFM,Khfm Hospitality And Facility Management Services Limited,13227.38934
1875,1876.0,PASHUPATI,Pashupati Cotspin Limited,13174.808
1876,1877.0,DUCOL,Ducol Organics And Colours Limited,13100.54
1877,1878.0,AKSHOPTFBR,Aksh Optifibre Limited,13097.1866655
1878,1879.0,WIPL,The Western India Plywoods Limited,12985.6302
1879,1880.0,PATINTLOG,Patel Integrated Logistics Limited,12949.442073
1880,1881.0,IBLFL,IBL Finance Limited,12859.938
1881,1882.0,VR,V R Infraspace Limited,12756.12
1882,1883.0,GICL,Globe International Carriers Limited,12708.945
1883,1884.0,JHS,JHS Svendgaard Laboratories Limited,12661.077062999999
1884,1885.0,FLEXITUFF,Flexituff Ventures International Limited,12567.711805
1885,1886.0,AUSOMENT,Ausom Enterprise Limited,12547.291392000001
1886,1887.0,DANGEE,Dangee Dums Limited,12471.975
1887,1888.0,DGCONTENT,Digicontent Limited,12452.034692000001
1888,1889.0,ARTNIRMAN,Art Nirman Limited,12428.088
1889,1890.0,SHAH,Shah Metacorp Limited,12362.820942
1890,1891.0,SECURKLOUD,SECUREKLOUD TECHNOLOGIES LIMITED,12361.92385
1891,1892.0,SURYALAXMI,Suryalakshmi Cotton Mills Limited,12289.257015
1892,1893.0,BVCL,Barak Valley Cements Limited,12143.68
1893,1894.0,GOYALALUM,Goyal Aluminiums Limited,12132.2863
1894,1895.0,TRANSTEEL,Transteel Seating Technologies Limited,12117.195255
1895,1896.0,BHANDARI,Bhandari Hosiery Exports Limited,12094.416514
1896,1897.0,PARTYCRUS,Party Cruisers Limited,12046.82512
1897,1898.0,MOTOGENFIN,The Motor & General Finance Limited,11811.79295
1898,1899.0,PALASHSECU,Palash Securities Limited,11808.661911
1899,1900.0,ANIKINDS,Anik Industries Limited,11781.354807
1900,1901.0,SHAHALLOYS,Shah Alloys Limited,11759.73876
1901,1902.0,TAINWALCHM,Tainwala Chemical and Plastic (I) Limited,11672.0552295
1902,1903.0,SUVIDHAA,Suvidhaa Infoserve Limited,11617.12664
1903,1904.0,LOTUSEYE,Lotus Eye Hospital and Institute Limited,11573.157645
1904,1905.0,GANGESSECU,Ganges Securities Limited,11484.232676
1905,1906.0,AGNI,Agni Green Power Limited,11466.9276
1906,1907.0,SIKKO,Sikko Industries Limited,11356.8
1907,1908.0,AMDIND,AMD Industries Limited,11250.881663
1908,1909.0,STEELCITY,Steel City Securities Limited,11217.0180375
1909,1910.0,TPHQ,Teamo Productions HQ Limited,11195.8548
1910,1911.0,GLOBE,Globe Textiles (India) Limited,11184.471
1911,1912.0,FRETAIL,Future Retail Limited,11116.8236195
1912,1913.0,SOMATEX,Soma Textiles & Industries Limited,11099.088
1913,1914.0,AAREYDRUGS,Aarey Drugs & Pharmaceuticals Limited,11080.414566
1914,1915.0,QUICKTOUCH,Quicktouch Technologies Limited,11028.24
1915,1916.0,LASA,Lasa Supergenerics Limited,11022.27258
1916,1917.0,ZENITHDRUG,Zenith Drugs Limited,10752.2976
1917,1918.0,ZENITHSTL,Zenith Steel Pipes & Industries Limited,10671.0336
1918,1919.0,LPDC,Landmark Property Development Company Limited,10664.38122
1919,1920.0,NIRMAN,Nirman Agri Genetics Limited,10595.322
1920,1921.0,NAGREEKEXP,Nagreeka Exports Limited,10593.49575
1921,1922.0,AVROIND,AVRO INDIA LIMITED,10571.5952
1922,1923.0,ALKALI,Alkali Metals Limited,10523.619951
1923,1924.0,AAATECH,AAA Technologies Limited,10505.1492
1924,1925.0,CINEVISTA,Cinevista Limited,10482.1566875
1925,1926.0,ENERGYDEV,Energy Development Company Limited,10450.0
1926,1927.0,ATALREAL,Atal Realtech Limited,10435.41
1927,1928.0,GROBTEA,The Grob Tea Company Limited,10226.17934
1928,1929.0,SIMBHALS,Simbhaoli Sugars Limited,10216.55745
1929,1930.0,GLOBALPET,Global Pet Industries Limited,10129.96728
1930,1931.0,BANKA,Banka BioLoo Limited,10119.861006000001
1931,1932.0,PIONEEREMB,Pioneer Embroideries Limited,10112.697
1932,1933.0,KEYFINSERV,Keynote Financial Services Limited,10109.9173295
1933,1934.0,PKTEA,The Peria Karamalai Tea & Produce Company Limited,10103.4011165
1934,1935.0,DELTAMAGNT,Delta Manufacturing Limited,10096.96716
1935,1936.0,ARCHIES,Archies Limited,10015.77
1936,1937.0,MAHICKRA,Mahickra Chemicals Limited,9953.70708
1937,1938.0,OBCL,Orissa Bengal Carrier Limited,9951.07688
1938,1939.0,SAIFL,Sameera Agro And Infra Limited,9908.9536
1939,1940.0,INDSWFTLTD,Ind-Swift Limited,9885.0491725
1940,1941.0,BIOFILCHEM,Biofil Chemicals & Pharmaceuticals Limited,9861.9228
1941,1942.0,VINNY,Vinny Overseas Limited,9770.17902
1942,1943.0,SAMBHAAV,Sambhaav Media Limited,9746.65284
1943,1944.0,DAMODARIND,Damodar Industries Limited,9716.1
1944,1945.0,GANGAFORGE,Ganga Forging Limited,9653.90367
1945,1946.0,MHHL,Mohini Health & Hygiene Limited,9628.5552
1946,1947.0,VASWANI,Vaswani Industries Limited,9450.0
1947,1948.0,HISARMETAL,Hisar Metal Industries Limited,9382.5
1948,1949.0,PARASPETRO,Paras Petrofils Limited,9358.188
1949,1950.0,SECMARK,SecMark Consultancy Limited,9354.294625
1950,1951.0,CELEBRITY,Celebrity Fashions Limited,9324.3344925
1951,1952.0,PRESSTONIC,Presstonic Engineering Limited,9302.92836
1952,1953.0,SYNOPTICS,Synoptics Technologies Limited,9298.32
1953,1954.0,YAARI,Yaari Digital Integrated Services Limited,9290.9089575
1954,1955.0,AAKASH,Aakash Exploration Services Limited,9264.375
1955,1956.0,REGENCERAM,Regency Ceramics Limited,9254.5551
1956,1957.0,TOKYOPLAST,Tokyo Plast International Limited,9216.358
1957,1958.0,ZENITHEXPO,Zenith Exports Limited,9187.115625
1958,1959.0,MOKSH,Moksh Ornaments Limited,9149.0393775
1959,1960.0,DOLLEX,Dollex Agrotech Limited,9138.288
1960,1961.0,ARABIAN,Arabian Petroleum Limited,9122.05
1961,1962.0,TREEHOUSE,Tree House Education & Accessories Limited,9117.961022000001
1962,1963.0,DEEM,Deem Roll Tech Limited,9116.806932000001
1963,1964.0,ARIHANTACA,Arihant Academy Limited,9082.8
1964,1965.0,ASTRON,Astron Paper & Board Mill Limited,8951.25
1965,1966.0,PANACHE,Panache Digilife Limited,8922.0
1966,1967.0,PRITIKA,Pritika Engineering Components Limited,8898.197625
1967,1968.0,SAMPANN,Sampann Utpadan India Limited,8832.675
1968,1969.0,ENFUSE,Enfuse Solutions Limited,8763.5478
1969,1970.0,MCL,Madhav Copper Limited,8739.9816
1970,1971.0,FIBERWEB,Fiberweb (India) Limited,8738.283985
1971,1972.0,PROLIFE,Prolife Industries Limited,8673.30848
1972,1973.0,PRECISION,Precision Metaliks Limited,8584.786848
1973,1974.0,BABAFP,Baba Food Processing (India) Limited,8555.035172
1974,1975.0,AUROIMPEX,Auro Impex  & Chemicals Limited,8442.9536
1975,1976.0,PRAMARA,Pramara Promotions Limited,8411.585
1976,1977.0,PENTAGON,Pentagon Rubber Limited,8403.9
1977,1978.0,MAL,Mangalam Alloys Limited,8356.186289500001
1978,1979.0,PIGL,Power & Instrumentation (Gujarat) Limited,8337.413
1979,1980.0,RCDL,Rajgor Castor Derivatives Limited,8310.75857
1980,1981.0,MBECL,Mcnally Bharat Engineering Company Limited,8263.284336
1981,1982.0,SETCO,Setco Automotive Limited,8226.6874125
1982,1983.0,HOLMARC,Holmarc Opto-Mechatronics Limited,8100.3
1983,1984.0,TIMESGTY,Times Guaranty Limited,8093.8341
1984,1985.0,MAITREYA,Maitreya Medicare Limited,8063.44
1985,1986.0,NIBL,NRB Industrial Bearings Limited,8056.691125
1986,1987.0,SIGNORIA,Signoria Creation Limited,8000.577
1987,1988.0,KARMAENG,Karma Energy Limited,7977.458461
1988,1989.0,AVSL,AVSL Industries Limited,7943.3688
1989,1990.0,VELS,Vels Film International Limited,7906.15
1990,1991.0,LATTEYS,Latteys Industries Limited,7848.1801125
1991,1992.0,PNC,Pritish Nandy Communications Limited,7833.8805
1992,1993.0,MONOPHARMA,Mono Pharmacare Limited,7791.836724
1993,1994.0,VERTEXPLUS,Vertexplus Technologies Limited,7767.333
1994,1995.0,MVKAGRO,M.V.K. Agro Food Product Limited,7752.745
1995,1996.0,SVPGLOB,SVP GLOBAL TEXTILES LIMITED,7653.25
1996,1997.0,DIL,Debock Industries Limited,7641.52809
1997,1998.0,BALKRISHNA,Balkrishna Paper Mills Limited,7619.919317999999
1998,1999.0,MARCO,Marco Cables & Conductors Limited,7582.4445
1999,2000.0,ORIENTLTD,Orient Press Limited,7570.0
2000,2001.0,RILINFRA,Rachana Infrastructure Limited,7507.1175
2001,2002.0,SPYL,Shekhawati Poly-Yarn Limited,7411.05
2002,2003.0,GTECJAINX,G-TEC JAINX EDUCATION LIMITED,7382.001501000001
2003,2004.0,YUDIZ,Yudiz Solutions Limited,7362.8740625
2004,2005.0,AGROPHOS,Agro Phos India Limited,7339.22963
2005,2006.0,SHUBHLAXMI,Shubhlaxmi Jewel Art Limited,7324.928
2006,2007.0,MCON,Mcon Rasayan India Limited,7306.04625
2007,2008.0,AMBANIORG,Ambani Organics Limited,7281.006758500001
2008,2009.0,AISL,ANI Integrated Services Limited,7265.4
2009,2010.0,CPS,C P S Shapers Limited,7245.0
2010,2011.0,HOVS,HOV Services Limited,7242.1089
2011,2012.0,KANANIIND,Kanani Industries Limited,7222.182
2012,2013.0,SHIVAMILLS,Shiva Mills Limited,7151.09612
2013,2014.0,PRUDMOULI,Prudential Sugar Corporation Limited,7111.566
2014,2015.0,SCML,Sharp Chucks and Machines Limited,7074.56324
2015,2016.0,AATMAJ,Aatmaj Healthcare Limited,7062.5
2016,2017.0,KTL,Kalahridhaan Trendz Limited,7055.2635
2017,2018.0,CEREBRAINT,Cerebra Integrated Technologies Limited,7055.148366
2018,2019.0,EXCEL,Excel Realty N Infra Limited,7053.4753
2019,2020.0,SHEETAL,Sheetal Universal Limited,7005.3433885
2020,2021.0,GRAPHISAD,Graphisads Limited,6954.20825
2021,2022.0,HECPROJECT,HEC Infra Projects Limited,6899.01788
2022,2023.0,SECURCRED,SecUR Credentials Limited,6878.0123
2023,2024.0,AROGRANITE,Aro Granite Industries Limited,6869.7
2024,2025.0,MADHUCON,Madhucon Projects Limited,6826.03195
2025,2026.0,WEWIN,WE WIN LIMITED,6802.7895
2026,2027.0,KKVAPOW,KKV Agro Powers Limited,6802.5
2027,2028.0,RELIABLE,Reliable Data Services Limited,6764.76
2028,2029.0,AKSHAR,Akshar Spintex Limited,6749.73
2029,2030.0,DHTL,Docmode Health Technologies Limited,6716.1636
2030,2031.0,PERFECT,Perfect Infraengineers Limited,6647.4632010000005
2031,2032.0,MILTON,Milton Industries Limited,6619.5525
2032,2033.0,GOLDENTOBC,Golden Tobacco Limited,6612.105151000001
2033,2034.0,LEXUS,Lexus Granito (India) Limited,6572.080662
2034,2035.0,MAGSON,Magson Retail And Distribution Limited,6476.25
2035,2036.0,SERVICE,Service Care Limited,6439.16
2036,2037.0,ROML,Raj Oil Mills Limited,6437.639778
2037,2038.0,NGIL,Nakoda Group of Industries Limited,6381.658713
2038,2039.0,CLSL,Crop Life Science Limited,6307.52
2039,2040.0,OMFURN,Omfurn India Limited,6261.5904
2040,2041.0,VIAZ,Viaz Tyres Limited,6248.01
2041,2042.0,TRIDHYA,Tridhya Tech Limited,6241.184
2042,2043.0,BANG,Bang Overseas Limited,6224.04
2043,2044.0,MORARJEE,Morarjee Textiles Limited,6212.831679
2044,2045.0,MANUGRAPH,Manugraph India Limited,6189.4649135
2045,2046.0,MALUPAPER,Malu Paper Mills Limited,6183.978125
2046,2047.0,UCL,Ushanti Colour Chem Limited,6148.12665
2047,2048.0,SIDDHIKA,Siddhika Coatings Limited,6132.6575
2048,2049.0,JAIPURKURT,Nandani Creation Limited,6069.267575
2049,2050.0,SPTL,Sintex Plastics Technology Limited,6043.3722370000005
2050,2051.0,CELLPOINT,Cell Point (India) Limited,6007.4204
2051,2052.0,MICROPRO,Micropro Software Solutions Limited,5991.4486
2052,2053.0,COMMITTED,Committed Cargo Care Limited,5918.256
2053,2054.0,HBSL,HB Stockholdings Limited,5885.0047925
2054,2055.0,BANARBEADS,Banaras Beads Limited,5876.374581
2055,2056.0,SANGANI,Sangani Hospitals Limited,5855.22075
2056,2057.0,BDR,BDR Buildcon Limited,5824.3425
2057,2058.0,JETFREIGHT,Jet Freight Logistics Limited,5777.271108
2058,2059.0,MARSHALL,Marshall Machines Limited,5736.29208
2059,2060.0,ABMINTLLTD,ABM International Limited,5724.768
2060,2061.0,TERASOFT,Tera Software Limited,5692.903125
2061,2062.0,AKG,Akg Exim Limited,5688.007103999999
2062,2063.0,PEARLPOLY,Pearl Polymers Limited,5656.537152000001
2063,2064.0,PODDARHOUS,Poddar Housing and Development Limited,5627.0214
2064,2065.0,SHANTHALA,Shanthala FMCG Products Limited,5626.37376
2065,2066.0,AARVEEDEN,Aarvee Denims & Exports Limited,5595.1623
2066,2067.0,REXPIPES,Rex Pipes And Cables Industries Limited,5547.15
2067,2068.0,JETKNIT,Jet Knitwears Limited,5512.32
2068,2069.0,ENSER,Enser Communications Limited,5508.549287999999
2069,2070.0,SHRENIK,Shrenik Limited,5508.0
2070,2071.0,DNAMEDIA,Diligent Media Corporation Limited,5473.422837
2071,2072.0,MASTER,Master Components Limited,5460.0
2072,2073.0,ACSAL,Arvind and Company Shipping Agencies Limited,5443.8033
2073,2074.0,SILGO,Silgo Retail Limited,5443.1
2074,2075.0,AKASH,Akash Infra-Projects Limited,5277.973142
2075,2076.0,SEYAIND,Seya Industries Limited,5194.54057
2076,2077.0,AJOONI,Ajooni Biotech Limited,5169.2095389999995
2077,2078.0,TFL,Transwarranty Finance Limited,5131.826385
2078,2079.0,TAPIFRUIT,Tapi Fruit Processing Limited,5128.485
2079,2080.0,LFIC,Lakshmi Finance & Industrial Corporation Limited,5107.5
2080,2081.0,WOMANCART,Womancart Limited,5070.64
2081,2082.0,ASLIND,ASL Industries Limited,5052.28865
2082,2083.0,TIMESCAN,Timescan Logistics (India) Limited,5043.589
2083,2084.0,ANKITMETAL,Ankit Metal & Power Limited,5009.42275
2084,2085.0,ICDSLTD,ICDS Limited,5008.76615
2085,2086.0,YCCL,Yasons Chemex Care Limited,4980.41136
2086,2087.0,UMA,Uma Converter Limited,4946.925784
2087,2088.0,WALPAR,Walpar Nutritions Limited,4941.71905
2088,2089.0,SONUINFRA,Sonu Infratech Limited,4937.65
2089,2090.0,SEL,Sungarner Energies Limited,4931.98125
2090,2091.0,LIBAS,Libas Consumer Products Limited,4926.43646
2091,2092.0,3PLAND,3P Land Holdings Limited,4860.0
2092,2093.0,BURNPUR,Burnpur Cement Limited,4822.964328
2093,2094.0,SITINET,Siti Networks Limited,4796.296163999999
2094,2095.0,RKDL,Ravi Kumar Distilleries Limited,4788.0
2095,2096.0,MAKS,Maks Energy Solutions India Limited,4715.6572
2096,2097.0,SRPL,Shree Ram Proteins Limited,4712.4
2097,2098.0,BMETRICS,Bombay Metrics Supply Chain Limited,4648.5048
2098,2099.0,ITALIANE,Italian Edibles Limited,4647.4139895
2099,2100.0,LAXMICOT,Laxmi Cotspin Limited,4578.42789
2100,2101.0,UWCSL,Ultra Wiring Connectivity System Limited,4547.9210539999995
2101,2102.0,TNTELE,Tamilnadu Telecommunication Limited,4544.3043
2102,2103.0,AMBICAAGAR,Ambica Agarbathies & Aroma industries Limited,4517.6562
2103,2104.0,ASHOKAMET,Ashoka Metcast Limited,4511.778
2104,2105.0,ADL,Archidply Decor Limited,4511.445625
2105,2106.0,KHANDSE,Khandwala Securities Limited,4476.9917675
2106,2107.0,VINEETLAB,Vineet Laboratories Limited,4461.999872
2107,2108.0,TECHIN,Techindia Nirman Limited,4426.734
2108,2109.0,PATTECH,Pattech Fitwell Tube Components Limited,4402.2036225
2109,2110.0,CBAZAAR,Net Avenue Technologies Limited,4387.358951
2110,2111.0,BINANIIND,Binani Industries Limited,4375.5814125
2111,2112.0,21STCENMGM,21st Century Management Services Limited,4368.0
2112,2113.0,KRIDHANINF,Kridhan Infra Limited,4359.84343
2113,2114.0,GODHA,Godha Cabcon & Insulation Limited,4330.56
2114,2115.0,JFLLIFE,Jfl Life Sciences Limited,4327.8865335
2115,2116.0,ISHAN,Ishan International Limited,4324.7058
2116,2117.0,NEXTMEDIA,Next Mediaworks Limited,4314.592566
2117,2118.0,SUULD,Suumaya Industries Limited,4267.70108
2118,2119.0,ARISTO,Aristo Bio-Tech And Lifescience Limited,4251.4711
2119,2120.0,TGBHOTELS,TGB Banquets And Hotels Limited,4246.528
2120,2121.0,DKEGL,D.K. Enterprises Global Limited,4204.48
2121,2122.0,MARINETRAN,Marinetrans India Limited,4199.58
2122,2123.0,DESTINY,Destiny Logistics & Infra Limited,4185.536
2123,2124.0,FLFL,Future Lifestyle Fashions Limited,4136.384917
2124,2125.0,ARSSINFRA,ARSS Infrastructure Projects Limited,4047.3579480000003
2125,2126.0,ONELIFECAP,Onelife Capital Advisors Limited,4041.4
2126,2127.0,INSPIRE,Inspire Films Limited,4001.133906
2127,2128.0,VSCL,Vadivarhe Speciality Chemicals Limited,3962.6525
2128,2129.0,SGL,STL Global Limited,3927.177987
2129,2130.0,EDUCOMP,Educomp Solutions Limited,3918.949376
2130,2131.0,SAGARDEEP,Sagardeep Alloys Limited,3889.0872
2131,2132.0,ROLLT,Rollatainers Limited,3877.015
2132,2133.0,KONTOR,Kontor Space Limited,3850.14
2133,2134.0,SHAIVAL,Shaival Reality Limited,3848.355
2134,2135.0,AGARWALFT,Agarwal Float Glass India Limited,3831.805152
2135,2136.0,TECILCHEM,TECIL Chemicals and Hydro Power Limited,3811.7037
2136,2137.0,CMRSL,Cyber Media Research & Services Limited,3796.152
2137,2138.0,NIDAN,Nidan Laboratories and Healthcare Limited,3759.95
2138,2139.0,UNIINFO,Uniinfo Telecom Services Limited,3731.89888
2139,2140.0,COUNCODOS,Country Condo's Limited,3724.6704
2140,2141.0,AMEYA,Ameya Precision Engineers Limited,3705.0
2141,2142.0,SUPERSPIN,Super Spinning Mills Limited,3685.0
2142,2143.0,CYBERMEDIA,Cyber Media (India) Limited,3642.633765
2143,2144.0,TIJARIA,Tijaria Polypipes Limited,3621.2622435000003
2144,2145.0,WILLAMAGOR,Williamson Magor & Company Limited,3621.07698
2145,2146.0,GSTL,Globesecure Technologies Limited,3606.906204
2146,2147.0,COMPINFO,Compuage Infocom Limited,3602.258688
2147,2148.0,MINDPOOL,Mindpool Technologies Limited,3601.875
2148,2149.0,POLYSIL,Polysil Irrigation Systems Limited,3459.03245
2149,2150.0,HAVISHA,Sri Havisha Hospitality and Infrastructure Limited,3454.5555
2150,2151.0,JIWANRAM,Jiwanram Sheoduttrai Industries Limited,3440.003275
2151,2152.0,MADHAV,Madhav Marbles and Granites Limited,3435.648
2152,2153.0,NKIND,NK Industries Limited,3377.5638
2153,2154.0,SANGINITA,Sanginita Chemicals Limited,3367.2015
2154,2155.0,MEGAFLEX,Mega Flex Plastics Limited,3261.1150875
2155,2156.0,ADROITINFO,Adroit Infotech Limited,3228.438428
2156,2157.0,FMNL,Future Market Networks Limited,3222.485336
2157,2158.0,HEADSUP,Heads UP Ventures Limited,3168.8543914999996
2158,2159.0,KEEPLEARN,DSJ Keep Learning Limited,3153.169692
2159,2160.0,ACEINTEG,Ace Integrated Solutions Limited,3141.6
2160,2161.0,VIVIDHA,Visagar Polytex Limited,3073.355607
2161,2162.0,KCK,Kck Industries Limited,3069.0
2162,2163.0,SABAR,Sabar Flex India Limited,2983.765752
2163,2164.0,AGUL,A G Universal Limited,2980.554
2164,2165.0,FSC,Future Supply Chain Solutions Limited,2918.259267
2165,2166.0,GATECH,GACM Technologies Limited,2862.64
2166,2167.0,IMPEXFERRO,Impex Ferro Tech Limited,2857.77713
2167,2168.0,QFIL,Quality Foils (India) Limited,2822.606
2168,2169.0,KHAITANLTD,Khaitan (India) Limited,2769.25
2169,2170.0,NARMADA,Narmada Agrobase Limited,2757.163299
2170,2171.0,FEL,Future Enterprises Limited,2729.5824060000004
2171,2172.0,GRETEX,Gretex Industries Limited,2727.011
2172,2173.0,VIJIFIN,Viji Finance Limited,2722.5
2173,2174.0,BOHRAIND,Bohra Industries Limited,2695.013152
2174,2175.0,MOXSH,Moxsh Overseas Educon Limited,2688.96
2175,2176.0,MOHITIND,Mohit Industries Limited,2682.8604625
2176,2177.0,VILINBIO,Vilin Bio Med Limited,2650.5
2177,2178.0,HRHNEXT,HRH Next Services Limited,2623.54983
2178,2179.0,SUNREST,Sunrest Lifescience Limited,2619.7776
2179,2180.0,SPRL,Sp Refractories Limited,2602.82775
2180,2181.0,SUMEETINDS,Sumeet Industries Limited,2591.059725
2181,2182.0,HYBRIDFIN,Hybrid Financial Services Limited,2575.6740625
2182,2183.0,VERA,Vera Synthetic Limited,2566.2
2183,2184.0,SAHAJ,Sahaj Fashions Limited,2548.03896
2184,2185.0,GOENKA,Goenka Diamond and Jewels Limited,2536.0
2185,2186.0,QUADPRO,Quadpro Ites Limited,2502.225
2186,2187.0,ANTGRAPHIC,Antarctica Limited,2480.1536
2187,2188.0,INDIFRA,Indifra Limited,2445.795
2188,2189.0,ORIENTALTL,Oriental Trimex Limited,2440.441198
2189,2190.0,LCCINFOTEC,LCC Infotech Limited,2405.27365
2190,2191.0,LRRPL,Lead Reclaim And Rubber Products Limited,2386.044375
2191,2192.0,MASKINVEST,Mask Investments Limited,2346.6035
2192,2193.0,OLIL,Oneclick Logistics India Limited,2342.47
2193,2194.0,KAVVERITEL,Kavveri Telecom Products Limited,2334.41416
2194,2195.0,MITTAL,Mittal Life Style Limited,2314.83944
2195,2196.0,GUJRAFFIA,Gujarat Raffia Industries Limited,2313.126
2196,2197.0,KSHITIJPOL,Kshitij Polyline Limited,2304.681015
2197,2198.0,CONTI,Continental Seeds and Chemicals Limited,2295.644436
2198,2199.0,GLFL,Gujarat Lease Financing Limited,2265.0015445
2199,2200.0,NTL,Neueon Towers Limited,2233.5098040000003
2200,2201.0,CALSOFT,California Software Company Limited,2171.723393
2201,2202.0,AILIMITED,Abhishek Integrations Limited,2161.74363
2202,2203.0,KANDARP,Kandarp Digi Smart BPO Limited,2144.547
2203,2204.0,PLADAINFO,Plada Infotech Services Limited,2117.778
2204,2205.0,MTEDUCARE,MT Educare Limited,2094.613566
2205,2206.0,WINSOME,Winsome Yarns Limited,2085.8632555
2206,2207.0,KAUSHALYA,Kaushalya Infrastructure Development Corporation Limited,2073.1608690000003
2207,2208.0,DRL,Dhanuka Realty Limited,2039.50054
2208,2209.0,BRIGHT,Bright Solar Limited,2037.4185
2209,2210.0,NAGREEKCAP,Nagreeka Capital & Infrastructure Limited,1955.3715
2210,2211.0,TVVISION,TV Vision Limited,1898.4805
2211,2212.0,VCL,Vaxtex Cotfab Limited,1745.64609
2212,2213.0,TRANSWIND,Transwind Infrastructures Limited,1715.7285
2213,2214.0,DIGJAMLMTD,Digjam Limited,1673.0
2214,2215.0,RITEZONE,Rite Zone Chemcon India Limited,1664.611245
2215,2216.0,METALFORGE,Metalyst Forgings Limited,1633.125
2216,2217.0,SHANTI,Shanti Overseas (India) Limited,1632.582
2217,2218.0,LYPSAGEMS,Lypsa Gems & Jewellery Limited,1606.878
2218,2219.0,RICHA,Richa Info Systems Limited,1591.65
2219,2220.0,MANAV,Manav Infra Projects Limited,1538.1
2220,2221.0,NORBTEAEXP,Norben Tea & Exports Limited,1527.5
2221,2222.0,TARAPUR,Tarapur Transformers Limited,1511.2508525
2222,2223.0,BLUECHIP,Blue Chip India Limited,1493.21718
2223,2224.0,VIVO,Vivo Collaboration Solutions Limited,1473.9725
2224,2225.0,ORTINLAB,Ortin Laboratories Limited,1427.059296
2225,2226.0,SAROJA,Saroja Pharma Industries India Limited,1411.190586
2226,2227.0,JAKHARIA,JAKHARIA FABRIC LIMITED,1381.7022
2227,2228.0,MPTODAY,Madhya Pradesh Today Media Limited,1377.252
2228,2229.0,SILLYMONKS,Silly Monks Entertainment Limited,1352.99725
2229,2230.0,EUROTEXIND,Eurotex Industries and Exports Limited,1316.8546825
2230,2231.0,AMIABLE,Amiable Logistics (India) Limited,1311.15
2231,2232.0,UMESLTD,Usha Martin Education & Solutions Limited,1228.3352115
2232,2233.0,OMKARCHEM,Omkar Speciality Chemicals Limited,1193.524232
2233,2234.0,KALYANI,Kalyani Commercials Limited,1193.0
2234,2235.0,ARENTERP,Rajdarshan Industries Limited,1181.154
2235,2236.0,BKMINDST,Bkm Industries Limited,1179.6129
2236,2237.0,NIRAJISPAT,Niraj Ispat Industries Limited,1148.4
2237,2238.0,INNOVATIVE,Innovative Tyres and Tubes Limited,1043.510538
2238,2239.0,ACCORD,Accord Synergy Limited,1024.24
2239,2240.0,SHYAMTEL,Shyam Telecom Limited,1008.665
2240,2241.0,SMVD,SMVD Poly Pack Limited,932.8000440000001
2241,2242.0,DCMFINSERV,DCM Financial Services Limited,882.7533890000001
2242,2243.0,PREMIER,Premier Limited,880.80453
2243,2244.0,CREATIVEYE,Creative Eye Limited,852.475625
2244,2245.0,AHIMSA,Ahimsa Industries Limited,848.46845
2245,2246.0,ABNINT,A B N Intercorp Limited,839.064
2246,2247.0,ALPSINDUS,Alps Industries Limited,743.1679
2247,2248.0,MELSTAR,Melstar Information Technologies Limited,671.3075329999999
2248,2249.0,JALAN,Jalan Transolutions (India) Limited,639.63768
2249,2250.0,SABEVENTS,Sab Events & Governance Now Media Limited,529.4274055
2250,2251.0,SANCO,Sanco Industries Limited,523.28
2251,2252.0,BHALCHANDR,Bhalchandram Clothing Limited,476.0
2252,2253.0,LAKPRE,Lakshmi Precision Screws Limited,448.60834700000004
2253,2254.0,VASA,Vasa Retail and Overseas Ltd,338.579075
2254,2255.0,CMMIPL,CMM Infraprojects Limited,250.77216
